-- Generated from /Users/sivamoorthy/Downloads/u199126363_billing.sql
-- Run this only after install.sql on a fresh database.

SET NAMES utf8mb4;
SET FOREIGN_KEY_CHECKS = 0;
START TRANSACTION;

-- Remove seeded/install data from tables that will be reloaded from the dump
DELETE FROM `warehouses`;
DELETE FROM `voucher_types`;
DELETE FROM `voucher_lines`;
DELETE FROM `voucher_allocations`;
DELETE FROM `vouchers`;
DELETE FROM `user_warehouse_access`;
DELETE FROM `user_roles`;
DELETE FROM `user_permissions`;
DELETE FROM `user_location_access`;
DELETE FROM `user_company_access`;
DELETE FROM `user_branch_access`;
DELETE FROM `users`;
DELETE FROM `uom_conversions`;
DELETE FROM `uoms`;
DELETE FROM `tax_codes`;
DELETE FROM `stock_serials`;
DELETE FROM `stock_reservations`;
DELETE FROM `stock_opening_lines`;
DELETE FROM `stock_openings`;
DELETE FROM `stock_movements`;
DELETE FROM `stock_batches`;
DELETE FROM `stock_balances`;
DELETE FROM `states`;
DELETE FROM `sales_return_lines`;
DELETE FROM `sales_returns`;
DELETE FROM `sales_receipt_allocations`;
DELETE FROM `sales_receipts`;
DELETE FROM `sales_quotation_lines`;
DELETE FROM `sales_quotations`;
DELETE FROM `sales_order_lines`;
DELETE FROM `sales_orders`;
DELETE FROM `sales_invoice_lines`;
DELETE FROM `sales_invoices`;
DELETE FROM `sales_delivery_returnable_dcs`;
DELETE FROM `sales_delivery_lines`;
DELETE FROM `sales_deliveries`;
DELETE FROM `role_permissions`;
DELETE FROM `roles`;
DELETE FROM `qc_plan_lines`;
DELETE FROM `qc_plans`;
DELETE FROM `purchase_return_lines`;
DELETE FROM `purchase_returns`;
DELETE FROM `purchase_requisition_lines`;
DELETE FROM `purchase_requisitions`;
DELETE FROM `purchase_receipt_lines`;
DELETE FROM `purchase_receipts`;
DELETE FROM `purchase_payment_allocations`;
DELETE FROM `purchase_payments`;
DELETE FROM `purchase_order_lines`;
DELETE FROM `purchase_orders`;
DELETE FROM `purchase_invoice_lines`;
DELETE FROM `purchase_invoices`;
DELETE FROM `print_templates`;
DELETE FROM `posting_rule_groups`;
DELETE FROM `posting_rules`;
DELETE FROM `permissions`;
DELETE FROM `payroll_runs`;
DELETE FROM `party_types`;
DELETE FROM `party_roles`;
DELETE FROM `party_payment_terms`;
DELETE FROM `party_gst_details`;
DELETE FROM `party_contacts`;
DELETE FROM `party_addresses`;
DELETE FROM `party_accounts`;
DELETE FROM `parties`;
DELETE FROM `modules`;
DELETE FROM `media_files`;
DELETE FROM `login_history`;
DELETE FROM `leave_types`;
DELETE FROM `jobwork_order_outputs`;
DELETE FROM `jobwork_order_materials`;
DELETE FROM `jobwork_orders`;
DELETE FROM `item_supplier_map`;
DELETE FROM `item_prices`;
DELETE FROM `item_planning_policies`;
DELETE FROM `item_categories`;
DELETE FROM `items`;
DELETE FROM `gst_tax_rules`;
DELETE FROM `gst_registrations`;
DELETE FROM `financial_years`;
DELETE FROM `expense_claim_lines`;
DELETE FROM `expense_claims`;
DELETE FROM `employee_salary_structures`;
DELETE FROM `employee_salary_components`;
DELETE FROM `employee_relations`;
DELETE FROM `employee_addresses`;
DELETE FROM `employee_accounts`;
DELETE FROM `employees`;
DELETE FROM `email_templates`;
DELETE FROM `email_settings`;
DELETE FROM `email_rules`;
DELETE FROM `email_module_settings`;
DELETE FROM `document_tax_lines`;
DELETE FROM `document_series`;
DELETE FROM `document_posting_lines`;
DELETE FROM `document_postings`;
DELETE FROM `designations`;
DELETE FROM `departments`;
DELETE FROM `crm_stages`;
DELETE FROM `crm_opportunity_products`;
DELETE FROM `crm_opportunities`;
DELETE FROM `crm_lead_activities`;
DELETE FROM `crm_leads`;
DELETE FROM `crm_followups`;
DELETE FROM `crm_enquiry_lines`;
DELETE FROM `companies`;
DELETE FROM `cash_sessions`;
DELETE FROM `business_locations`;
DELETE FROM `brands`;
DELETE FROM `branches`;
DELETE FROM `audit_logs`;
DELETE FROM `account_groups`;
DELETE FROM `accounts`;

-- Load dump data
INSERT INTO `accounts` (`id`, `company_id`, `branch_id`, `account_code`, `account_name`, `account_group_id`, `account_type`, `opening_balance`, `opening_balance_type`, `currency_code`, `allow_manual_entries`, `allow_reconciliation`, `is_control_account`, `is_system_account`, `is_active`, `remarks`, `created_by`, `updated_by`, `created_at`, `updated_at`) VALUES
(1, 1, NULL, 'CASH001', 'Cash Account', 6, 'cash', 0.00, 'debit', 'INR', 1, 0, 0, 1, 1, NULL, 2, 2, '2026-05-06 08:33:37', '2026-05-06 08:33:37'),
(2, 1, NULL, 'BANK001', 'Bank Account', 6, 'bank', 0.00, 'debit', 'INR', 1, 1, 0, 1, 1, NULL, 2, 2, '2026-05-06 08:33:37', '2026-05-06 08:33:37'),
(3, 1, NULL, 'ARCTRL', 'Accounts Receivable Control', 7, 'general', 0.00, 'debit', 'INR', 0, 0, 1, 1, 1, NULL, 2, 2, '2026-05-06 08:33:37', '2026-05-06 08:33:37'),
(4, 1, NULL, 'APCTRL', 'Accounts Payable Control', 11, 'general', 0.00, 'credit', 'INR', 0, 0, 1, 1, 1, NULL, 2, 2, '2026-05-06 08:33:37', '2026-05-06 08:33:37'),
(5, 1, NULL, 'SALE001', 'Sales Account', 14, 'general', 0.00, 'credit', 'INR', 0, 0, 0, 1, 1, NULL, 2, 2, '2026-05-06 08:33:37', '2026-05-06 08:33:37'),
(6, 1, NULL, 'DIRINC001', 'Direct Income Account', 15, 'general', 0.00, 'credit', 'INR', 1, 0, 0, 1, 1, NULL, 2, 2, '2026-05-06 08:33:37', '2026-05-06 08:33:37'),
(7, 1, NULL, 'OTHINC001', 'Other Income Account', 16, 'general', 0.00, 'credit', 'INR', 1, 0, 0, 1, 1, NULL, 2, 2, '2026-05-06 08:33:37', '2026-05-06 08:33:37'),
(8, 1, NULL, 'PUR001', 'Purchase Account', 17, 'general', 0.00, 'debit', 'INR', 0, 0, 0, 1, 1, NULL, 2, 2, '2026-05-06 08:33:37', '2026-05-06 08:33:37'),
(9, 1, NULL, 'DIRECTEXP001', 'Direct Expense Account', 18, 'general', 0.00, 'debit', 'INR', 1, 0, 0, 1, 1, NULL, 2, 2, '2026-05-06 08:33:37', '2026-05-06 08:33:37'),
(10, 1, NULL, 'SALARYEXP001', 'Salary Expense Account', 19, 'general', 0.00, 'debit', 'INR', 1, 0, 0, 1, 1, NULL, 2, 2, '2026-05-06 08:33:37', '2026-05-06 08:33:37'),
(11, 1, NULL, 'OFFEXP001', 'Office Expense Account', 19, 'general', 0.00, 'debit', 'INR', 1, 0, 0, 1, 1, NULL, 2, 2, '2026-05-06 08:33:37', '2026-05-06 08:33:37'),
(12, 1, NULL, 'OTHEXP001', 'Other Expense Account', 19, 'general', 0.00, 'debit', 'INR', 1, 0, 0, 1, 1, NULL, 2, 2, '2026-05-06 08:33:37', '2026-05-06 08:33:37'),
(13, 1, NULL, 'MAINTEXP001', 'Maintenance Expense Account', 19, 'general', 0.00, 'debit', 'INR', 1, 0, 0, 1, 1, NULL, 2, 2, '2026-05-06 08:33:37', '2026-05-06 08:33:37'),
(14, 1, NULL, 'GSTIN001', 'Input GST', 10, 'tax', 0.00, 'debit', 'INR', 0, 0, 0, 1, 1, NULL, 2, 2, '2026-05-06 08:33:37', '2026-05-06 08:33:37'),
(15, 1, NULL, 'GSTOUT001', 'Output GST Payable', 12, 'tax', 0.00, 'credit', 'INR', 0, 0, 0, 1, 1, NULL, 2, 2, '2026-05-06 08:33:37', '2026-05-06 08:33:37'),
(16, 1, NULL, 'SALPAY001', 'Salary Payable Account', 13, 'general', 0.00, 'credit', 'INR', 0, 0, 0, 1, 1, NULL, 2, 2, '2026-05-06 08:33:37', '2026-05-06 08:33:37'),
(17, 1, NULL, 'MAINTPAY001', 'Maintenance Payable Account', 13, 'general', 0.00, 'credit', 'INR', 0, 0, 0, 1, 1, NULL, 2, 2, '2026-05-06 08:33:37', '2026-05-06 08:33:37'),
(18, 1, NULL, 'STOCK001', 'Inventory Stock Asset', 8, 'general', 0.00, 'debit', 'INR', 0, 0, 0, 1, 1, NULL, 2, 2, '2026-05-06 08:33:37', '2026-05-06 08:33:37'),
(19, 1, NULL, 'COGS001', 'Cost Of Goods Sold', 18, 'general', 0.00, 'debit', 'INR', 0, 0, 0, 1, 1, NULL, 2, 2, '2026-05-06 08:33:37', '2026-05-06 08:33:37'),
(20, 1, NULL, 'SRNB001', 'Stock Received Not Billed', 11, 'general', 0.00, 'credit', 'INR', 0, 0, 0, 1, 1, NULL, 2, 2, '2026-05-06 08:33:37', '2026-05-06 08:33:37'),
(21, 1, NULL, 'STKADJ001', 'Inventory Adjustment Account', 19, 'general', 0.00, 'debit', 'INR', 1, 0, 0, 1, 1, NULL, 2, 2, '2026-05-06 08:33:37', '2026-05-06 08:33:37'),
(22, 1, NULL, 'STKLOSS001', 'Inventory Loss Account', 19, 'general', 0.00, 'debit', 'INR', 1, 0, 0, 1, 1, NULL, 2, 2, '2026-05-06 08:33:37', '2026-05-06 08:33:37'),
(23, 1, NULL, 'WIP001', 'Work In Progress Inventory', 8, 'general', 0.00, 'debit', 'INR', 0, 0, 0, 1, 1, NULL, 2, 2, '2026-05-06 08:33:37', '2026-05-06 08:33:37'),
(24, 1, NULL, 'MFGVAR001', 'Manufacturing Variance Account', 18, 'general', 0.00, 'debit', 'INR', 1, 0, 0, 1, 1, NULL, 2, 2, '2026-05-06 08:33:37', '2026-05-06 08:33:37'),
(25, 1, NULL, 'SCRAP001', 'Production Scrap And Rejection Loss', 18, 'general', 0.00, 'debit', 'INR', 1, 0, 0, 1, 1, NULL, 2, 2, '2026-05-06 08:33:37', '2026-05-06 08:33:37'),
(26, 1, NULL, 'JOBWIP001', 'Jobwork Work In Progress', 8, 'general', 0.00, 'debit', 'INR', 0, 0, 0, 1, 1, NULL, 2, 2, '2026-05-06 08:33:37', '2026-05-06 08:33:37'),
(27, 1, NULL, 'JOBGRNI001', 'Jobwork Accrued Not Billed', 11, 'general', 0.00, 'credit', 'INR', 0, 0, 0, 1, 1, NULL, 2, 2, '2026-05-06 08:33:37', '2026-05-06 08:33:37'),
(28, 1, NULL, 'JOBLOSS001', 'Jobwork Rejection And Processing Loss', 18, 'general', 0.00, 'debit', 'INR', 1, 0, 0, 1, 1, NULL, 2, 2, '2026-05-06 08:33:37', '2026-05-06 08:33:37'),
(29, 1, NULL, 'STKTRANS001', 'Stock Transfer Clearing Account', 8, 'general', 0.00, 'debit', 'INR', 0, 0, 0, 1, 1, NULL, 2, 2, '2026-05-06 08:33:37', '2026-05-06 08:33:37'),
(30, 1, NULL, 'SERVEXP001', 'Service Work Order Expense Account', 19, 'general', 0.00, 'debit', 'INR', 1, 0, 0, 1, 1, NULL, 2, 2, '2026-05-06 08:33:37', '2026-05-06 08:33:37'),
(31, 1, NULL, 'SERVPAY001', 'Service Work Order Accrued Payable', 11, 'general', 0.00, 'credit', 'INR', 0, 0, 0, 1, 1, NULL, 2, 2, '2026-05-06 08:33:37', '2026-05-06 08:33:37'),
(32, 1, NULL, 'SERVREV001', 'Service Work Order Revenue Account', 14, 'general', 0.00, 'credit', 'INR', 0, 0, 0, 1, 1, NULL, 2, 2, '2026-05-06 08:33:37', '2026-05-06 08:33:37'),
(33, 1, NULL, 'PROJEXP001', 'Project Cost Allocation Account', 18, 'general', 0.00, 'debit', 'INR', 1, 0, 0, 1, 1, NULL, 2, 2, '2026-05-06 08:33:37', '2026-05-06 08:33:37'),
(34, 1, NULL, 'PROJPAY001', 'Project Cost Accrued Payable', 11, 'general', 0.00, 'credit', 'INR', 0, 0, 0, 1, 1, NULL, 2, 2, '2026-05-06 08:33:37', '2026-05-06 08:33:37'),
(35, 1, NULL, 'OPENSTK001', 'Opening Stock Adjustment', 3, 'general', 0.00, 'credit', 'INR', 1, 0, 0, 1, 1, NULL, 2, 2, '2026-05-06 08:33:37', '2026-05-06 08:33:37'),
(40, 1, NULL, 'EMPPAYEMP00001', 'Pavithra L Salary Payable', 13, 'employee', 0.00, 'credit', 'INR', 1, 0, 0, 1, 1, 'Employee salary payable ledger', NULL, NULL, '2026-05-07 08:50:49', '2026-05-08 06:32:47'),
(41, 1, NULL, 'EMPRMBEMP00001', 'Pavithra L Reimbursement Payable', 13, 'employee', 0.00, 'credit', 'INR', 1, 0, 0, 1, 1, 'Employee reimbursement payable ledger', NULL, NULL, '2026-05-07 08:50:49', '2026-05-08 06:32:47'),
(42, 1, NULL, 'EMPPAYEMP00002', 'Gokul M Salary Payable', 13, 'employee', 0.00, 'credit', 'INR', 1, 0, 0, 1, 1, 'Employee salary payable ledger', NULL, NULL, '2026-05-07 08:57:34', '2026-05-07 08:57:34'),
(43, 1, NULL, 'EMPRMBEMP00002', 'Gokul M Reimbursement Payable', 13, 'employee', 0.00, 'credit', 'INR', 1, 0, 0, 1, 1, 'Employee reimbursement payable ledger', NULL, NULL, '2026-05-07 08:57:34', '2026-05-07 08:57:34'),
(44, 1, NULL, 'EMPPAYEMP00003', 'Rithish B Salary Payable', 13, 'employee', 0.00, 'credit', 'INR', 1, 0, 0, 1, 1, 'Employee salary payable ledger', NULL, NULL, '2026-05-07 09:49:08', '2026-05-07 09:49:08'),
(45, 1, NULL, 'EMPRMBEMP00003', 'Rithish B Reimbursement Payable', 13, 'employee', 0.00, 'credit', 'INR', 1, 0, 0, 1, 1, 'Employee reimbursement payable ledger', NULL, NULL, '2026-05-07 09:49:08', '2026-05-07 09:49:08'),
(46, 1, NULL, 'EMPPAYEMP00004', 'Pooja S Salary Payable', 13, 'employee', 0.00, 'credit', 'INR', 1, 0, 0, 1, 1, 'Employee salary payable ledger', NULL, NULL, '2026-05-07 09:49:18', '2026-05-07 09:49:18'),
(47, 1, NULL, 'EMPRMBEMP00004', 'Pooja S Reimbursement Payable', 13, 'employee', 0.00, 'credit', 'INR', 1, 0, 0, 1, 1, 'Employee reimbursement payable ledger', NULL, NULL, '2026-05-07 09:49:18', '2026-05-07 09:49:18'),
(48, 1, NULL, 'EMPPAYEMP00005', 'Meena Muruganantham Salary Payable', 13, 'employee', 0.00, 'credit', 'INR', 1, 0, 0, 1, 1, 'Employee salary payable ledger', NULL, NULL, '2026-05-07 09:50:42', '2026-05-07 09:50:42'),
(49, 1, NULL, 'EMPRMBEMP00005', 'Meena Muruganantham Reimbursement Payable', 13, 'employee', 0.00, 'credit', 'INR', 1, 0, 0, 1, 1, 'Employee reimbursement payable ledger', NULL, NULL, '2026-05-07 09:50:42', '2026-05-07 09:50:42'),
(50, 1, NULL, 'EMPPAYEMP00006', 'Balaji Velan Salary Payable', 13, 'employee', 0.00, 'credit', 'INR', 1, 0, 0, 1, 1, 'Employee salary payable ledger', NULL, NULL, '2026-05-07 09:51:15', '2026-05-07 09:51:15'),
(51, 1, NULL, 'EMPRMBEMP00006', 'Balaji Velan Reimbursement Payable', 13, 'employee', 0.00, 'credit', 'INR', 1, 0, 0, 1, 1, 'Employee reimbursement payable ledger', NULL, NULL, '2026-05-07 09:51:15', '2026-05-07 09:51:15'),
(52, 1, NULL, 'EMPPAYEMP00007', 'Vijayaragav L.G Salary Payable', 13, 'employee', 0.00, 'credit', 'INR', 1, 0, 0, 1, 1, 'Employee salary payable ledger', NULL, NULL, '2026-05-07 09:52:00', '2026-05-07 09:52:00'),
(53, 1, NULL, 'EMPRMBEMP00007', 'Vijayaragav L.G Reimbursement Payable', 13, 'employee', 0.00, 'credit', 'INR', 1, 0, 0, 1, 1, 'Employee reimbursement payable ledger', NULL, NULL, '2026-05-07 09:52:00', '2026-05-07 09:52:00'),
(54, 1, NULL, 'EMPPAYEMP00008', 'Dinesh Kumar S Salary Payable', 13, 'employee', 0.00, 'credit', 'INR', 1, 0, 0, 1, 1, 'Employee salary payable ledger', NULL, NULL, '2026-05-07 09:52:29', '2026-05-07 09:52:29'),
(55, 1, NULL, 'EMPRMBEMP00008', 'Dinesh Kumar S Reimbursement Payable', 13, 'employee', 0.00, 'credit', 'INR', 1, 0, 0, 1, 1, 'Employee reimbursement payable ledger', NULL, NULL, '2026-05-07 09:52:29', '2026-05-07 09:52:29'),
(56, 1, NULL, 'EMPPAYEMP00009', 'Mithra S Salary Payable', 13, 'employee', 0.00, 'credit', 'INR', 1, 0, 0, 1, 1, 'Employee salary payable ledger', NULL, NULL, '2026-05-07 09:52:45', '2026-05-07 09:52:45'),
(57, 1, NULL, 'EMPRMBEMP00009', 'Mithra S Reimbursement Payable', 13, 'employee', 0.00, 'credit', 'INR', 1, 0, 0, 1, 1, 'Employee reimbursement payable ledger', NULL, NULL, '2026-05-07 09:52:45', '2026-05-07 09:52:45'),
(58, 1, NULL, 'EMPPAYEMP00010', 'Balaji P Salary Payable', 13, 'employee', 0.00, 'credit', 'INR', 1, 0, 0, 1, 1, 'Employee salary payable ledger', NULL, NULL, '2026-05-07 09:53:00', '2026-05-07 09:53:00'),
(59, 1, NULL, 'EMPRMBEMP00010', 'Balaji P Reimbursement Payable', 13, 'employee', 0.00, 'credit', 'INR', 1, 0, 0, 1, 1, 'Employee reimbursement payable ledger', NULL, NULL, '2026-05-07 09:53:00', '2026-05-07 09:53:00'),
(60, 1, NULL, 'EMPPAYEMP00011', 'Gokul S Salary Payable', 13, 'employee', 0.00, 'credit', 'INR', 1, 0, 0, 1, 1, 'Employee salary payable ledger', NULL, NULL, '2026-05-07 09:54:32', '2026-05-07 09:54:32'),
(61, 1, NULL, 'EMPRMBEMP00011', 'Gokul S Reimbursement Payable', 13, 'employee', 0.00, 'credit', 'INR', 1, 0, 0, 1, 1, 'Employee reimbursement payable ledger', NULL, NULL, '2026-05-07 09:54:32', '2026-05-07 09:54:32'),
(62, 1, NULL, 'EMPPAYEMP00012', 'Siva M Salary Payable', 13, 'employee', 0.00, 'credit', 'INR', 1, 0, 0, 1, 1, 'Employee salary payable ledger', NULL, NULL, '2026-05-07 09:55:26', '2026-05-07 09:55:26'),
(63, 1, NULL, 'EMPRMBEMP00012', 'Siva M Reimbursement Payable', 13, 'employee', 0.00, 'credit', 'INR', 1, 0, 0, 1, 1, 'Employee reimbursement payable ledger', NULL, NULL, '2026-05-07 09:55:26', '2026-05-07 09:55:26'),
(64, 1, NULL, 'EMPPAYEMP00013', 'Kamaraj G Salary Payable', 13, 'employee', 0.00, 'credit', 'INR', 1, 0, 0, 1, 1, 'Employee salary payable ledger', NULL, NULL, '2026-05-07 10:02:46', '2026-05-07 10:02:46'),
(65, 1, NULL, 'EMPRMBEMP00013', 'Kamaraj G Reimbursement Payable', 13, 'employee', 0.00, 'credit', 'INR', 1, 0, 0, 1, 1, 'Employee reimbursement payable ledger', NULL, NULL, '2026-05-07 10:02:46', '2026-05-07 10:02:46'),
(66, 1, NULL, 'EMPPAYEMP00014', 'Elakkiya Shanmugam Salary Payable', 13, 'employee', 0.00, 'credit', 'INR', 1, 0, 0, 1, 1, 'Employee salary payable ledger', NULL, NULL, '2026-05-07 10:03:19', '2026-05-07 10:03:19'),
(67, 1, NULL, 'EMPRMBEMP00014', 'Elakkiya Shanmugam Reimbursement Payable', 13, 'employee', 0.00, 'credit', 'INR', 1, 0, 0, 1, 1, 'Employee reimbursement payable ledger', NULL, NULL, '2026-05-07 10:03:19', '2026-05-07 10:03:19'),
(68, 1, NULL, 'EMPPAYEMP00015', 'Janarthanam A Salary Payable', 13, 'employee', 0.00, 'credit', 'INR', 1, 0, 0, 1, 1, 'Employee salary payable ledger', NULL, NULL, '2026-05-07 10:03:48', '2026-05-07 10:03:48'),
(69, 1, NULL, 'EMPRMBEMP00015', 'Janarthanam A Reimbursement Payable', 13, 'employee', 0.00, 'credit', 'INR', 1, 0, 0, 1, 1, 'Employee reimbursement payable ledger', NULL, NULL, '2026-05-07 10:03:48', '2026-05-07 10:03:48'),
(70, 1, NULL, 'EMPPAYEMP00016', 'Yuvaraj Palani Salary Payable', 13, 'employee', 0.00, 'credit', 'INR', 1, 0, 0, 1, 1, 'Employee salary payable ledger', NULL, NULL, '2026-05-08 05:18:37', '2026-05-08 05:18:37'),
(71, 1, NULL, 'EMPRMBEMP00016', 'Yuvaraj Palani Reimbursement Payable', 13, 'employee', 0.00, 'credit', 'INR', 1, 0, 0, 1, 1, 'Employee reimbursement payable ledger', NULL, NULL, '2026-05-08 05:18:37', '2026-05-08 05:18:37'),
(72, 1, 1, 'cash0001', 'petty cash', 14, 'cash', 1000.00, 'debit', 'INR', 1, 0, 0, 0, 1, NULL, 2, 2, '2026-05-26 12:56:16', '2026-06-01 04:55:52'),
(73, 1, 1, 'GPAY-001', 'GPAY', 14, 'bank', 10000.00, 'credit', 'INR', 1, 0, 0, 0, 1, NULL, 4, 4, '2026-05-29 06:45:36', '2026-05-29 06:48:22'),
(74, 1, 1, 'Bank-001', 'IDBI BANK', 14, 'bank', 10000.00, 'credit', 'INR', 1, 0, 0, 0, 1, NULL, 4, 4, '2026-05-29 07:07:59', '2026-06-01 09:55:19');;

INSERT INTO `account_groups` (`id`, `group_code`, `group_name`, `parent_group_id`, `group_nature`, `group_category`, `affects_profit_loss`, `is_system_group`, `is_active`, `remarks`, `created_by`, `updated_by`, `created_at`, `updated_at`) VALUES
(1, 'ASSET', 'Assets', NULL, 'asset', 'other', 0, 1, 1, NULL, NULL, NULL, '2026-05-05 11:01:42', '2026-05-05 11:01:42'),
(2, 'LIAB', 'Liabilities', NULL, 'liability', 'other', 0, 1, 1, NULL, NULL, NULL, '2026-05-05 11:01:42', '2026-05-05 11:01:42'),
(3, 'EQUITY', 'Equity', NULL, 'equity', 'equity', 0, 1, 1, NULL, NULL, NULL, '2026-05-05 11:01:42', '2026-05-05 11:01:42'),
(4, 'INCOME', 'Income', NULL, 'income', 'other', 1, 1, 1, NULL, NULL, NULL, '2026-05-05 11:01:42', '2026-05-05 11:01:42'),
(5, 'EXPENSE', 'Expenses', NULL, 'expense', 'other', 1, 1, 1, NULL, NULL, NULL, '2026-05-05 11:01:42', '2026-05-05 11:01:42'),
(6, 'CASHBANK', 'Cash & Bank', 1, 'asset', 'cash_bank', 0, 1, 1, NULL, NULL, NULL, '2026-05-05 11:01:42', '2026-05-05 11:01:42'),
(7, 'RECEIVABLE', 'Accounts Receivable', 1, 'asset', 'receivable', 0, 1, 1, NULL, NULL, NULL, '2026-05-05 11:01:42', '2026-05-05 11:01:42'),
(8, 'STOCK', 'Stock In Hand', 1, 'asset', 'stock', 0, 1, 1, NULL, NULL, NULL, '2026-05-05 11:01:42', '2026-05-05 11:01:42'),
(9, 'FIXEDASSET', 'Fixed Assets', 1, 'asset', 'fixed_asset', 0, 1, 1, NULL, NULL, NULL, '2026-05-05 11:01:42', '2026-05-05 11:01:42'),
(10, 'INPUTGST', 'Input GST', 1, 'asset', 'tax', 0, 1, 1, NULL, NULL, NULL, '2026-05-05 11:01:42', '2026-05-05 11:01:42'),
(11, 'PAYABLE', 'Accounts Payable', 2, 'liability', 'payable', 0, 1, 1, NULL, NULL, NULL, '2026-05-05 11:01:42', '2026-05-05 11:01:42'),
(12, 'DUTIES', 'Duties & Taxes', 2, 'liability', 'tax', 0, 1, 1, NULL, NULL, NULL, '2026-05-05 11:01:42', '2026-05-05 11:01:42'),
(13, 'SALARYPAY', 'Salary Payable', 2, 'liability', 'current_liability', 0, 1, 1, NULL, NULL, NULL, '2026-05-05 11:01:42', '2026-05-05 11:01:42'),
(14, 'SALES', 'Sales Accounts', 4, 'income', 'sales', 1, 1, 1, NULL, NULL, NULL, '2026-05-05 11:01:42', '2026-05-05 11:01:42'),
(15, 'DIRECTINC', 'Direct Income', 4, 'income', 'direct_income', 1, 1, 1, NULL, NULL, NULL, '2026-05-05 11:01:42', '2026-05-05 11:01:42'),
(16, 'OTHERINC', 'Indirect Income', 4, 'income', 'indirect_income', 1, 1, 1, NULL, NULL, NULL, '2026-05-05 11:01:42', '2026-05-05 11:01:42'),
(17, 'PURCHASE', 'Purchase Accounts', 5, 'expense', 'purchase', 1, 1, 1, NULL, NULL, NULL, '2026-05-05 11:01:42', '2026-05-05 11:01:42'),
(18, 'DIRECTEXP', 'Direct Expenses', 5, 'expense', 'direct_expense', 1, 1, 1, NULL, NULL, NULL, '2026-05-05 11:01:42', '2026-05-05 11:01:42'),
(19, 'INDIRECTEXP', 'Indirect Expenses', 5, 'expense', 'indirect_expense', 1, 1, 1, NULL, NULL, NULL, '2026-05-05 11:01:42', '2026-05-05 11:01:42');;

INSERT INTO `audit_logs` (`id`, `user_id`, `company_id`, `branch_id`, `location_id`, `module`, `entity_name`, `entity_id`, `action`, `description`, `old_values`, `new_values`, `ip_address`, `host_name`, `user_agent`, `created_at`) VALUES
(1, 2, NULL, NULL, NULL, 'user', 'users', '3', 'create', 'Created user Pavithra', NULL, '{\"id\":3,\"employee_code\":\"EMP\\/00001\",\"username\":\"Pavithra\",\"first_name\":\"Pavithra\",\"last_name\":null,\"display_name\":\"Pavithra\",\"email\":null,\"mobile\":null,\"gender\":null,\"date_of_birth\":null,\"profile_photo_path\":null,\"is_super_admin\":false,\"is_system_user\":true,\"must_change_password\":true,\"last_login_at\":null,\"last_password_changed_at\":null,\"failed_login_attempts\":0,\"locked_until\":null,\"status\":\"active\",\"remarks\":null,\"created_by\":2,\"updated_by\":null,\"created_at\":\"2026-05-06T08:41:53.000000Z\",\"updated_at\":\"2026-05-06T08:41:53.000000Z\",\"user_roles\":[{\"id\":2,\"user_id\":3,\"role_id\":3,\"is_primary_role\":true,\"is_active\":true,\"assigned_by\":2,\"assigned_at\":\"2026-05-06T08:41:53.000000Z\",\"created_by\":2,\"updated_by\":2,\"created_at\":\"2026-05-06T08:41:53.000000Z\",\"updated_at\":\"2026-05-06T08:41:53.000000Z\",\"role\":{\"id\":3,\"code\":\"ACCOUNTANT\",\"name\":\"Accountant\",\"description\":\"Accounts and finance operations\",\"is_system_role\":true,\"is_active\":true,\"created_by\":null,\"updated_by\":null,\"created_at\":\"2026-05-05T11:01:42.000000Z\",\"updated_at\":\"2026-05-05T11:01:42.000000Z\"}}],\"company_access\":[],\"branch_access\":[],\"location_access\":[],\"warehouse_access\":[],\"user_permissions\":[]}', '59.93.245.50', 'bill.sakthicontroller.com', 'Mozilla/5.0 (Macintosh; Intel Mac OS X 10_15_7) AppleWebKit/537.36 (KHTML, like Gecko) Chrome/147.0.0.0 Safari/537.36', '2026-05-06 08:41:53'),
(2, 2, NULL, NULL, NULL, 'user', 'users', '3', 'update', 'Updated user Pavithra', '{\"id\":3,\"employee_code\":\"EMP\\/00001\",\"username\":\"Pavithra\",\"first_name\":\"Pavithra\",\"last_name\":null,\"display_name\":\"Pavithra\",\"email\":null,\"mobile\":null,\"gender\":null,\"date_of_birth\":null,\"profile_photo_path\":null,\"is_super_admin\":true,\"is_system_user\":true,\"must_change_password\":true,\"last_login_at\":\"2026-05-07T04:51:49.000000Z\",\"last_password_changed_at\":null,\"failed_login_attempts\":0,\"locked_until\":null,\"status\":\"active\",\"remarks\":null,\"created_by\":2,\"updated_by\":null,\"created_at\":\"2026-05-06T08:41:53.000000Z\",\"updated_at\":\"2026-05-07T04:51:49.000000Z\",\"user_roles\":[{\"id\":2,\"user_id\":3,\"role_id\":3,\"is_primary_role\":true,\"is_active\":true,\"assigned_by\":2,\"assigned_at\":\"2026-05-06T08:41:53.000000Z\",\"created_by\":2,\"updated_by\":2,\"created_at\":\"2026-05-06T08:41:53.000000Z\",\"updated_at\":\"2026-05-06T08:41:53.000000Z\",\"role\":{\"id\":3,\"code\":\"ACCOUNTANT\",\"name\":\"Accountant\",\"description\":\"Accounts and finance operations\",\"is_system_role\":true,\"is_active\":true,\"created_by\":null,\"updated_by\":null,\"created_at\":\"2026-05-05T11:01:42.000000Z\",\"updated_at\":\"2026-05-05T11:01:42.000000Z\"}}],\"company_access\":[],\"branch_access\":[],\"location_access\":[],\"warehouse_access\":[],\"user_permissions\":[]}', '{\"id\":3,\"employee_code\":\"EMP\\/00001\",\"username\":\"Pavithra\",\"first_name\":\"Pavithra\",\"last_name\":null,\"display_name\":\"Pavithra\",\"email\":null,\"mobile\":null,\"gender\":\"female\",\"date_of_birth\":null,\"profile_photo_path\":null,\"is_super_admin\":true,\"is_system_user\":true,\"must_change_password\":true,\"last_login_at\":\"2026-05-07T04:51:49.000000Z\",\"last_password_changed_at\":null,\"failed_login_attempts\":0,\"locked_until\":null,\"status\":\"active\",\"remarks\":null,\"created_by\":2,\"updated_by\":2,\"created_at\":\"2026-05-06T08:41:53.000000Z\",\"updated_at\":\"2026-05-07T05:15:11.000000Z\",\"user_roles\":[{\"id\":3,\"user_id\":3,\"role_id\":3,\"is_primary_role\":true,\"is_active\":true,\"assigned_by\":2,\"assigned_at\":\"2026-05-07T05:15:11.000000Z\",\"created_by\":2,\"updated_by\":2,\"created_at\":\"2026-05-07T05:15:11.000000Z\",\"updated_at\":\"2026-05-07T05:15:11.000000Z\",\"role\":{\"id\":3,\"code\":\"ACCOUNTANT\",\"name\":\"Accountant\",\"description\":\"Accounts and finance operations\",\"is_system_role\":true,\"is_active\":true,\"created_by\":null,\"updated_by\":null,\"created_at\":\"2026-05-05T11:01:42.000000Z\",\"updated_at\":\"2026-05-05T11:01:42.000000Z\"}}],\"company_access\":[],\"branch_access\":[],\"location_access\":[],\"warehouse_access\":[],\"user_permissions\":[]}', '2001:4490:4ea9:86ef:d58c:352a:ef26:a27f', 'bill.sakthicontroller.com', 'Mozilla/5.0 (Macintosh; Intel Mac OS X 10_15_7) AppleWebKit/537.36 (KHTML, like Gecko) Chrome/147.0.0.0 Safari/537.36', '2026-05-07 05:15:11'),
(3, 2, NULL, NULL, NULL, 'user', 'users', '4', 'create', 'Created user pavithra', NULL, '{\"id\":4,\"employee_code\":\"EMP\\/00001\",\"username\":\"pavithra\",\"first_name\":\"pavithra\",\"last_name\":null,\"display_name\":\"pavithra\",\"email\":null,\"mobile\":null,\"gender\":null,\"date_of_birth\":null,\"profile_photo_path\":null,\"is_super_admin\":false,\"is_system_user\":true,\"must_change_password\":true,\"last_login_at\":null,\"last_password_changed_at\":null,\"failed_login_attempts\":0,\"locked_until\":null,\"status\":\"active\",\"remarks\":null,\"created_by\":2,\"updated_by\":null,\"created_at\":\"2026-05-07T08:55:30.000000Z\",\"updated_at\":\"2026-05-07T08:55:30.000000Z\",\"user_roles\":[{\"id\":4,\"user_id\":4,\"role_id\":3,\"is_primary_role\":true,\"is_active\":true,\"assigned_by\":2,\"assigned_at\":\"2026-05-07T08:55:30.000000Z\",\"created_by\":2,\"updated_by\":2,\"created_at\":\"2026-05-07T08:55:30.000000Z\",\"updated_at\":\"2026-05-07T08:55:30.000000Z\",\"role\":{\"id\":3,\"code\":\"ACCOUNTANT\",\"name\":\"Accountant\",\"description\":\"Accounts and finance operations\",\"is_system_role\":true,\"is_active\":true,\"created_by\":null,\"updated_by\":null,\"created_at\":\"2026-05-05T11:01:42.000000Z\",\"updated_at\":\"2026-05-05T11:01:42.000000Z\"}}],\"company_access\":[],\"branch_access\":[],\"location_access\":[],\"warehouse_access\":[],\"user_permissions\":[]}', '2001:4490:4ea9:86ef:d58c:352a:ef26:a27f', 'bill.sakthicontroller.com', 'Mozilla/5.0 (Macintosh; Intel Mac OS X 10_15_7) AppleWebKit/537.36 (KHTML, like Gecko) Chrome/147.0.0.0 Safari/537.36', '2026-05-07 08:55:30'),
(4, 2, NULL, NULL, NULL, 'user', 'users', '5', 'create', 'Created user Gokul', NULL, '{\"id\":5,\"employee_code\":\"EMP\\/00002\",\"username\":\"Gokul\",\"first_name\":\"Gokul\",\"last_name\":null,\"display_name\":\"Gokul\",\"email\":\"gokulm@sakthicontroller.com\",\"mobile\":null,\"gender\":null,\"date_of_birth\":null,\"profile_photo_path\":null,\"is_super_admin\":false,\"is_system_user\":true,\"must_change_password\":true,\"last_login_at\":null,\"last_password_changed_at\":null,\"failed_login_attempts\":0,\"locked_until\":null,\"status\":\"active\",\"remarks\":null,\"created_by\":2,\"updated_by\":null,\"created_at\":\"2026-05-07T12:14:32.000000Z\",\"updated_at\":\"2026-05-07T12:14:32.000000Z\",\"user_roles\":[{\"id\":5,\"user_id\":5,\"role_id\":3,\"is_primary_role\":true,\"is_active\":true,\"assigned_by\":2,\"assigned_at\":\"2026-05-07T12:14:32.000000Z\",\"created_by\":2,\"updated_by\":2,\"created_at\":\"2026-05-07T12:14:32.000000Z\",\"updated_at\":\"2026-05-07T12:14:32.000000Z\",\"role\":{\"id\":3,\"code\":\"ACCOUNTANT\",\"name\":\"Accountant\",\"description\":\"Accounts and finance operations\",\"is_system_role\":true,\"is_active\":true,\"created_by\":null,\"updated_by\":null,\"created_at\":\"2026-05-05T11:01:42.000000Z\",\"updated_at\":\"2026-05-05T11:01:42.000000Z\"}}],\"company_access\":[],\"branch_access\":[],\"location_access\":[],\"warehouse_access\":[],\"user_permissions\":[]}', '2001:4490:4ea9:86ef:d58c:352a:ef26:a27f', 'bill.sakthicontroller.com', 'Mozilla/5.0 (Macintosh; Intel Mac OS X 10_15_7) AppleWebKit/537.36 (KHTML, like Gecko) Chrome/147.0.0.0 Safari/537.36', '2026-05-07 12:14:32'),
(5, 2, NULL, NULL, NULL, 'user', 'users', '6', 'create', 'Created user Yuvaraj', NULL, '{\"id\":6,\"employee_code\":\"EMP\\/00016\",\"username\":\"Yuvaraj\",\"first_name\":\"Yuvaraj\",\"last_name\":\"Palani\",\"display_name\":\"Yuvaraj Palani\",\"email\":\"yuvaraj@sakthicontroller.com\",\"mobile\":\"7904284246\",\"gender\":\"male\",\"date_of_birth\":null,\"profile_photo_path\":null,\"is_super_admin\":true,\"is_system_user\":true,\"must_change_password\":true,\"last_login_at\":null,\"last_password_changed_at\":null,\"failed_login_attempts\":0,\"locked_until\":null,\"status\":\"active\",\"remarks\":null,\"created_by\":2,\"updated_by\":null,\"created_at\":\"2026-05-09T07:22:07.000000Z\",\"updated_at\":\"2026-05-09T07:22:07.000000Z\",\"user_roles\":[{\"id\":6,\"user_id\":6,\"role_id\":1,\"is_primary_role\":true,\"is_active\":true,\"assigned_by\":2,\"assigned_at\":\"2026-05-09T07:22:07.000000Z\",\"created_by\":2,\"updated_by\":2,\"created_at\":\"2026-05-09T07:22:07.000000Z\",\"updated_at\":\"2026-05-09T07:22:07.000000Z\",\"role\":{\"id\":1,\"code\":\"SUPER_ADMIN\",\"name\":\"Super Admin\",\"description\":\"Full system access\",\"is_system_role\":true,\"is_active\":true,\"created_by\":null,\"updated_by\":null,\"created_at\":\"2026-05-05T11:01:42.000000Z\",\"updated_at\":\"2026-05-05T11:01:42.000000Z\"}}],\"company_access\":[],\"branch_access\":[],\"location_access\":[],\"warehouse_access\":[],\"user_permissions\":[]}', '2001:4490:4ea9:15bb:b1da:1e7:59c3:3848', 'bill.sakthicontroller.com', 'Mozilla/5.0 (Macintosh; Intel Mac OS X 10_15_7) AppleWebKit/537.36 (KHTML, like Gecko) Chrome/147.0.0.0 Safari/537.36', '2026-05-09 07:22:07'),
(6, 2, NULL, NULL, NULL, 'user', 'users', '5', 'update', 'Updated user Gokul', '{\"id\":5,\"employee_code\":\"EMP\\/00002\",\"username\":\"Gokul\",\"first_name\":\"Gokul\",\"last_name\":null,\"display_name\":\"Gokul\",\"email\":\"gokulm@sakthicontroller.com\",\"mobile\":null,\"gender\":null,\"date_of_birth\":null,\"profile_photo_path\":null,\"is_super_admin\":false,\"is_system_user\":true,\"must_change_password\":true,\"last_login_at\":\"2026-05-12T08:35:36.000000Z\",\"last_password_changed_at\":null,\"failed_login_attempts\":0,\"locked_until\":null,\"status\":\"active\",\"remarks\":null,\"created_by\":2,\"updated_by\":null,\"created_at\":\"2026-05-07T12:14:32.000000Z\",\"updated_at\":\"2026-05-12T08:35:36.000000Z\",\"user_roles\":[{\"id\":5,\"user_id\":5,\"role_id\":3,\"is_primary_role\":true,\"is_active\":true,\"assigned_by\":2,\"assigned_at\":\"2026-05-07T12:14:32.000000Z\",\"created_by\":2,\"updated_by\":2,\"created_at\":\"2026-05-07T12:14:32.000000Z\",\"updated_at\":\"2026-05-07T12:14:32.000000Z\",\"role\":{\"id\":3,\"code\":\"ACCOUNTANT\",\"name\":\"Accountant\",\"description\":\"Accounts and finance operations\",\"is_system_role\":true,\"is_active\":true,\"created_by\":null,\"updated_by\":null,\"created_at\":\"2026-05-05T11:01:42.000000Z\",\"updated_at\":\"2026-05-05T11:01:42.000000Z\"}}],\"company_access\":[],\"branch_access\":[],\"location_access\":[],\"warehouse_access\":[],\"user_permissions\":[{\"id\":244,\"user_id\":5,\"permission_id\":8,\"allow_view\":true,\"allow_create\":false,\"allow_update\":false,\"allow_delete\":false,\"allow_approve\":false,\"allow_print\":false,\"allow_export\":false,\"is_active\":true,\"created_by\":2,\"updated_by\":2,\"created_at\":\"2026-05-12T05:52:07.000000Z\",\"updated_at\":\"2026-05-12T05:52:07.000000Z\",\"permission\":{\"id\":8,\"module\":\"financial_year\",\"code\":\"financial_year.access\",\"name\":\"Financial Year\",\"description\":\"Manage financial year master\",\"is_system_permission\":true,\"is_active\":true,\"created_by\":null,\"updated_by\":null,\"created_at\":\"2026-05-05T11:01:42.000000Z\",\"updated_at\":\"2026-05-05T11:01:42.000000Z\"}},{\"id\":243,\"user_id\":5,\"permission_id\":26,\"allow_view\":true,\"allow_create\":true,\"allow_update\":true,\"allow_delete\":true,\"allow_approve\":true,\"allow_print\":true,\"allow_export\":true,\"is_active\":true,\"created_by\":2,\"updated_by\":2,\"created_at\":\"2026-05-12T05:52:07.000000Z\",\"updated_at\":\"2026-05-12T05:52:07.000000Z\",\"permission\":{\"id\":26,\"module\":\"crm\",\"code\":\"crm.access\",\"name\":\"CRM\",\"description\":\"Manage CRM module operations\",\"is_system_permission\":true,\"is_active\":true,\"created_by\":null,\"updated_by\":null,\"created_at\":\"2026-05-05T11:01:42.000000Z\",\"updated_at\":\"2026-05-05T11:01:42.000000Z\"}}]}', '{\"id\":5,\"employee_code\":\"EMP\\/00002\",\"username\":\"Gokul\",\"first_name\":\"Gokul\",\"last_name\":null,\"display_name\":\"Gokul\",\"email\":\"gokulm@sakthicontroller.com\",\"mobile\":null,\"gender\":null,\"date_of_birth\":null,\"profile_photo_path\":null,\"is_super_admin\":true,\"is_system_user\":true,\"must_change_password\":true,\"last_login_at\":\"2026-05-12T08:35:36.000000Z\",\"last_password_changed_at\":null,\"failed_login_attempts\":0,\"locked_until\":null,\"status\":\"active\",\"remarks\":null,\"created_by\":2,\"updated_by\":2,\"created_at\":\"2026-05-07T12:14:32.000000Z\",\"updated_at\":\"2026-06-01T09:10:34.000000Z\",\"user_roles\":[{\"id\":7,\"user_id\":5,\"role_id\":1,\"is_primary_role\":true,\"is_active\":true,\"assigned_by\":2,\"assigned_at\":\"2026-06-01T09:10:34.000000Z\",\"created_by\":2,\"updated_by\":2,\"created_at\":\"2026-06-01T09:10:34.000000Z\",\"updated_at\":\"2026-06-01T09:10:34.000000Z\",\"role\":{\"id\":1,\"code\":\"SUPER_ADMIN\",\"name\":\"Super Admin\",\"description\":\"Full system access\",\"is_system_role\":true,\"is_active\":true,\"created_by\":null,\"updated_by\":null,\"created_at\":\"2026-05-05T11:01:42.000000Z\",\"updated_at\":\"2026-05-05T11:01:42.000000Z\"}}],\"company_access\":[],\"branch_access\":[],\"location_access\":[],\"warehouse_access\":[],\"user_permissions\":[{\"id\":244,\"user_id\":5,\"permission_id\":8,\"allow_view\":true,\"allow_create\":false,\"allow_update\":false,\"allow_delete\":false,\"allow_approve\":false,\"allow_print\":false,\"allow_export\":false,\"is_active\":true,\"created_by\":2,\"updated_by\":2,\"created_at\":\"2026-05-12T05:52:07.000000Z\",\"updated_at\":\"2026-05-12T05:52:07.000000Z\",\"permission\":{\"id\":8,\"module\":\"financial_year\",\"code\":\"financial_year.access\",\"name\":\"Financial Year\",\"description\":\"Manage financial year master\",\"is_system_permission\":true,\"is_active\":true,\"created_by\":null,\"updated_by\":null,\"created_at\":\"2026-05-05T11:01:42.000000Z\",\"updated_at\":\"2026-05-05T11:01:42.000000Z\"}},{\"id\":243,\"user_id\":5,\"permission_id\":26,\"allow_view\":true,\"allow_create\":true,\"allow_update\":true,\"allow_delete\":true,\"allow_approve\":true,\"allow_print\":true,\"allow_export\":true,\"is_active\":true,\"created_by\":2,\"updated_by\":2,\"created_at\":\"2026-05-12T05:52:07.000000Z\",\"updated_at\":\"2026-05-12T05:52:07.000000Z\",\"permission\":{\"id\":26,\"module\":\"crm\",\"code\":\"crm.access\",\"name\":\"CRM\",\"description\":\"Manage CRM module operations\",\"is_system_permission\":true,\"is_active\":true,\"created_by\":null,\"updated_by\":null,\"created_at\":\"2026-05-05T11:01:42.000000Z\",\"updated_at\":\"2026-05-05T11:01:42.000000Z\"}}]}', '2409:40f4:14a:64a3:b567:ee76:5265:3939', 'bill.sakthicontroller.com', 'Mozilla/5.0 (Macintosh; Intel Mac OS X 10_15_7) AppleWebKit/537.36 (KHTML, like Gecko) Chrome/148.0.0.0 Safari/537.36', '2026-06-01 09:10:34'),
(7, 5, 1, NULL, NULL, 'hr', 'expense_claim', '1', 'approve', 'Expense claim approved and accrued: EXP-20260601094604', NULL, '{\"claim_status\":\"approved\",\"voucher_id\":73}', '2409:40f4:14a:64a3:b567:ee76:5265:3939', 'bill.sakthicontroller.com', 'Mozilla/5.0 (Macintosh; Intel Mac OS X 10_15_7) AppleWebKit/537.36 (KHTML, like Gecko) Chrome/148.0.0.0 Safari/537.36', '2026-06-01 09:46:51'),
(8, 5, NULL, NULL, NULL, 'user', 'users', '6', 'update', 'Updated user Yuvaraj', '{\"id\":6,\"employee_code\":\"EMP\\/00016\",\"username\":\"Yuvaraj\",\"first_name\":\"Yuvaraj\",\"last_name\":\"Palani\",\"display_name\":\"Yuvaraj Palani\",\"email\":\"yuvaraj@sakthicontroller.com\",\"mobile\":\"7904284246\",\"gender\":\"male\",\"date_of_birth\":null,\"profile_photo_path\":null,\"is_super_admin\":true,\"is_system_user\":true,\"must_change_password\":true,\"last_login_at\":\"2026-06-01T09:49:23.000000Z\",\"last_password_changed_at\":null,\"failed_login_attempts\":0,\"locked_until\":null,\"status\":\"active\",\"remarks\":null,\"created_by\":2,\"updated_by\":null,\"created_at\":\"2026-05-09T07:22:07.000000Z\",\"updated_at\":\"2026-06-01T09:49:23.000000Z\",\"user_roles\":[{\"id\":6,\"user_id\":6,\"role_id\":1,\"is_primary_role\":true,\"is_active\":true,\"assigned_by\":2,\"assigned_at\":\"2026-05-09T07:22:07.000000Z\",\"created_by\":2,\"updated_by\":2,\"created_at\":\"2026-05-09T07:22:07.000000Z\",\"updated_at\":\"2026-05-09T07:22:07.000000Z\",\"role\":{\"id\":1,\"code\":\"SUPER_ADMIN\",\"name\":\"Super Admin\",\"description\":\"Full system access\",\"is_system_role\":true,\"is_active\":true,\"created_by\":null,\"updated_by\":null,\"created_at\":\"2026-05-05T11:01:42.000000Z\",\"updated_at\":\"2026-05-05T11:01:42.000000Z\"}}],\"company_access\":[],\"branch_access\":[],\"location_access\":[],\"warehouse_access\":[],\"user_permissions\":[]}', '{\"id\":6,\"employee_code\":\"EMP\\/00016\",\"username\":\"Yuvaraj\",\"first_name\":\"Yuvaraj\",\"last_name\":\"Palani\",\"display_name\":\"Yuvaraj Palani\",\"email\":\"yuvaraj@sakthicontroller.com\",\"mobile\":\"7904284246\",\"gender\":\"male\",\"date_of_birth\":null,\"profile_photo_path\":null,\"is_super_admin\":true,\"is_system_user\":true,\"must_change_password\":true,\"last_login_at\":\"2026-06-01T09:49:23.000000Z\",\"last_password_changed_at\":null,\"failed_login_attempts\":0,\"locked_until\":null,\"status\":\"active\",\"remarks\":null,\"created_by\":2,\"updated_by\":5,\"created_at\":\"2026-05-09T07:22:07.000000Z\",\"updated_at\":\"2026-06-01T09:50:12.000000Z\",\"user_roles\":[{\"id\":8,\"user_id\":6,\"role_id\":7,\"is_primary_role\":true,\"is_active\":true,\"assigned_by\":5,\"assigned_at\":\"2026-06-01T09:50:12.000000Z\",\"created_by\":5,\"updated_by\":5,\"created_at\":\"2026-06-01T09:50:12.000000Z\",\"updated_at\":\"2026-06-01T09:50:12.000000Z\",\"role\":{\"id\":7,\"code\":\"HR\",\"name\":\"HR User\",\"description\":\"Employee and payroll operations\",\"is_system_role\":true,\"is_active\":true,\"created_by\":null,\"updated_by\":null,\"created_at\":\"2026-05-05T11:01:42.000000Z\",\"updated_at\":\"2026-05-05T11:01:42.000000Z\"}}],\"company_access\":[],\"branch_access\":[],\"location_access\":[],\"warehouse_access\":[],\"user_permissions\":[]}', '2409:40f4:14a:64a3:b567:ee76:5265:3939', 'bill.sakthicontroller.com', 'Mozilla/5.0 (Macintosh; Intel Mac OS X 10_15_7) AppleWebKit/537.36 (KHTML, like Gecko) Chrome/148.0.0.0 Safari/537.36', '2026-06-01 09:50:12'),
(9, 5, NULL, NULL, NULL, 'user', 'users', '6', 'update', 'Updated user Yuvaraj', '{\"id\":6,\"employee_code\":\"EMP\\/00016\",\"username\":\"Yuvaraj\",\"first_name\":\"Yuvaraj\",\"last_name\":\"Palani\",\"display_name\":\"Yuvaraj Palani\",\"email\":\"yuvaraj@sakthicontroller.com\",\"mobile\":\"7904284246\",\"gender\":\"male\",\"date_of_birth\":null,\"profile_photo_path\":null,\"is_super_admin\":true,\"is_system_user\":true,\"must_change_password\":true,\"last_login_at\":\"2026-06-01T09:49:23.000000Z\",\"last_password_changed_at\":null,\"failed_login_attempts\":0,\"locked_until\":null,\"status\":\"active\",\"remarks\":null,\"created_by\":2,\"updated_by\":5,\"created_at\":\"2026-05-09T07:22:07.000000Z\",\"updated_at\":\"2026-06-01T09:50:12.000000Z\",\"user_roles\":[{\"id\":8,\"user_id\":6,\"role_id\":7,\"is_primary_role\":true,\"is_active\":true,\"assigned_by\":5,\"assigned_at\":\"2026-06-01T09:50:12.000000Z\",\"created_by\":5,\"updated_by\":5,\"created_at\":\"2026-06-01T09:50:12.000000Z\",\"updated_at\":\"2026-06-01T09:50:12.000000Z\",\"role\":{\"id\":7,\"code\":\"HR\",\"name\":\"HR User\",\"description\":\"Employee and payroll operations\",\"is_system_role\":true,\"is_active\":true,\"created_by\":null,\"updated_by\":null,\"created_at\":\"2026-05-05T11:01:42.000000Z\",\"updated_at\":\"2026-05-05T11:01:42.000000Z\"}}],\"company_access\":[],\"branch_access\":[],\"location_access\":[],\"warehouse_access\":[],\"user_permissions\":[]}', '{\"id\":6,\"employee_code\":\"EMP\\/00016\",\"username\":\"Yuvaraj\",\"first_name\":\"Yuvaraj\",\"last_name\":\"Palani\",\"display_name\":\"Yuvaraj Palani\",\"email\":\"yuvaraj@sakthicontroller.com\",\"mobile\":\"7904284246\",\"gender\":\"male\",\"date_of_birth\":null,\"profile_photo_path\":null,\"is_super_admin\":true,\"is_system_user\":true,\"must_change_password\":true,\"last_login_at\":\"2026-06-01T09:49:23.000000Z\",\"last_password_changed_at\":null,\"failed_login_attempts\":0,\"locked_until\":null,\"status\":\"active\",\"remarks\":null,\"created_by\":2,\"updated_by\":5,\"created_at\":\"2026-05-09T07:22:07.000000Z\",\"updated_at\":\"2026-06-01T09:50:12.000000Z\",\"user_roles\":[{\"id\":9,\"user_id\":6,\"role_id\":3,\"is_primary_role\":true,\"is_active\":true,\"assigned_by\":5,\"assigned_at\":\"2026-06-01T09:51:00.000000Z\",\"created_by\":5,\"updated_by\":5,\"created_at\":\"2026-06-01T09:51:00.000000Z\",\"updated_at\":\"2026-06-01T09:51:00.000000Z\",\"role\":{\"id\":3,\"code\":\"ACCOUNTANT\",\"name\":\"Accountant\",\"description\":\"Accounts and finance operations\",\"is_system_role\":true,\"is_active\":true,\"created_by\":null,\"updated_by\":null,\"created_at\":\"2026-05-05T11:01:42.000000Z\",\"updated_at\":\"2026-05-05T11:01:42.000000Z\"}}],\"company_access\":[],\"branch_access\":[],\"location_access\":[],\"warehouse_access\":[],\"user_permissions\":[]}', '2409:40f4:14a:64a3:b567:ee76:5265:3939', 'bill.sakthicontroller.com', 'Mozilla/5.0 (Macintosh; Intel Mac OS X 10_15_7) AppleWebKit/537.36 (KHTML, like Gecko) Chrome/148.0.0.0 Safari/537.36', '2026-06-01 09:51:00'),
(10, 5, NULL, NULL, NULL, 'user', 'users', '6', 'update', 'Updated user Yuvaraj', '{\"id\":6,\"employee_code\":\"EMP\\/00016\",\"username\":\"Yuvaraj\",\"first_name\":\"Yuvaraj\",\"last_name\":\"Palani\",\"display_name\":\"Yuvaraj Palani\",\"email\":\"yuvaraj@sakthicontroller.com\",\"mobile\":\"7904284246\",\"gender\":\"male\",\"date_of_birth\":null,\"profile_photo_path\":null,\"is_super_admin\":true,\"is_system_user\":true,\"must_change_password\":true,\"last_login_at\":\"2026-06-01T09:49:23.000000Z\",\"last_password_changed_at\":null,\"failed_login_attempts\":0,\"locked_until\":null,\"status\":\"active\",\"remarks\":null,\"created_by\":2,\"updated_by\":5,\"created_at\":\"2026-05-09T07:22:07.000000Z\",\"updated_at\":\"2026-06-01T09:50:12.000000Z\",\"user_roles\":[{\"id\":9,\"user_id\":6,\"role_id\":3,\"is_primary_role\":true,\"is_active\":true,\"assigned_by\":5,\"assigned_at\":\"2026-06-01T09:51:00.000000Z\",\"created_by\":5,\"updated_by\":5,\"created_at\":\"2026-06-01T09:51:00.000000Z\",\"updated_at\":\"2026-06-01T09:51:00.000000Z\",\"role\":{\"id\":3,\"code\":\"ACCOUNTANT\",\"name\":\"Accountant\",\"description\":\"Accounts and finance operations\",\"is_system_role\":true,\"is_active\":true,\"created_by\":null,\"updated_by\":null,\"created_at\":\"2026-05-05T11:01:42.000000Z\",\"updated_at\":\"2026-05-05T11:01:42.000000Z\"}}],\"company_access\":[],\"branch_access\":[],\"location_access\":[],\"warehouse_access\":[],\"user_permissions\":[]}', '{\"id\":6,\"employee_code\":\"EMP\\/00016\",\"username\":\"Yuvaraj\",\"first_name\":\"Yuvaraj\",\"last_name\":\"Palani\",\"display_name\":\"Yuvaraj Palani\",\"email\":\"yuvaraj@sakthicontroller.com\",\"mobile\":\"7904284246\",\"gender\":\"male\",\"date_of_birth\":null,\"profile_photo_path\":null,\"is_super_admin\":false,\"is_system_user\":true,\"must_change_password\":true,\"last_login_at\":\"2026-06-01T09:49:23.000000Z\",\"last_password_changed_at\":null,\"failed_login_attempts\":0,\"locked_until\":null,\"status\":\"active\",\"remarks\":null,\"created_by\":2,\"updated_by\":5,\"created_at\":\"2026-05-09T07:22:07.000000Z\",\"updated_at\":\"2026-06-01T09:52:21.000000Z\",\"user_roles\":[{\"id\":10,\"user_id\":6,\"role_id\":3,\"is_primary_role\":true,\"is_active\":true,\"assigned_by\":5,\"assigned_at\":\"2026-06-01T09:52:21.000000Z\",\"created_by\":5,\"updated_by\":5,\"created_at\":\"2026-06-01T09:52:21.000000Z\",\"updated_at\":\"2026-06-01T09:52:21.000000Z\",\"role\":{\"id\":3,\"code\":\"ACCOUNTANT\",\"name\":\"Accountant\",\"description\":\"Accounts and finance operations\",\"is_system_role\":true,\"is_active\":true,\"created_by\":null,\"updated_by\":null,\"created_at\":\"2026-05-05T11:01:42.000000Z\",\"updated_at\":\"2026-05-05T11:01:42.000000Z\"}}],\"company_access\":[],\"branch_access\":[],\"location_access\":[],\"warehouse_access\":[],\"user_permissions\":[]}', '2409:40f4:14a:64a3:b567:ee76:5265:3939', 'bill.sakthicontroller.com', 'Mozilla/5.0 (Macintosh; Intel Mac OS X 10_15_7) AppleWebKit/537.36 (KHTML, like Gecko) Chrome/148.0.0.0 Safari/537.36', '2026-06-01 09:52:21'),
(11, 2, NULL, NULL, NULL, 'user', 'users', '6', 'update', 'Updated user Yuvaraj', '{\"id\":6,\"employee_code\":\"EMP\\/00016\",\"username\":\"Yuvaraj\",\"first_name\":\"Yuvaraj\",\"last_name\":\"Palani\",\"display_name\":\"Yuvaraj Palani\",\"email\":\"yuvaraj@sakthicontroller.com\",\"mobile\":\"7904284246\",\"gender\":\"male\",\"date_of_birth\":null,\"profile_photo_path\":null,\"is_super_admin\":false,\"is_system_user\":true,\"must_change_password\":true,\"last_login_at\":\"2026-06-01T09:49:23.000000Z\",\"last_password_changed_at\":null,\"failed_login_attempts\":0,\"locked_until\":null,\"status\":\"active\",\"remarks\":null,\"created_by\":2,\"updated_by\":5,\"created_at\":\"2026-05-09T07:22:07.000000Z\",\"updated_at\":\"2026-06-01T09:52:21.000000Z\",\"user_roles\":[{\"id\":10,\"user_id\":6,\"role_id\":3,\"is_primary_role\":true,\"is_active\":true,\"assigned_by\":5,\"assigned_at\":\"2026-06-01T09:52:21.000000Z\",\"created_by\":5,\"updated_by\":5,\"created_at\":\"2026-06-01T09:52:21.000000Z\",\"updated_at\":\"2026-06-01T09:52:21.000000Z\",\"role\":{\"id\":3,\"code\":\"ACCOUNTANT\",\"name\":\"Accountant\",\"description\":\"Accounts and finance operations\",\"is_system_role\":true,\"is_active\":true,\"created_by\":null,\"updated_by\":null,\"created_at\":\"2026-05-05T11:01:42.000000Z\",\"updated_at\":\"2026-05-05T11:01:42.000000Z\"}}],\"company_access\":[],\"branch_access\":[],\"location_access\":[],\"warehouse_access\":[],\"user_permissions\":[{\"id\":247,\"user_id\":6,\"permission_id\":16,\"allow_view\":true,\"allow_create\":true,\"allow_update\":true,\"allow_delete\":true,\"allow_approve\":true,\"allow_print\":true,\"allow_export\":true,\"is_active\":true,\"created_by\":5,\"updated_by\":5,\"created_at\":\"2026-06-01T09:54:55.000000Z\",\"updated_at\":\"2026-06-01T09:54:55.000000Z\",\"permission\":{\"id\":16,\"module\":\"accounts\",\"code\":\"accounts.access\",\"name\":\"Accounts\",\"description\":\"Manage accounting module operations\",\"is_system_permission\":true,\"is_active\":true,\"created_by\":null,\"updated_by\":null,\"created_at\":\"2026-05-05T11:01:42.000000Z\",\"updated_at\":\"2026-05-05T11:01:42.000000Z\"}},{\"id\":248,\"user_id\":6,\"permission_id\":17,\"allow_view\":true,\"allow_create\":true,\"allow_update\":true,\"allow_delete\":true,\"allow_approve\":false,\"allow_print\":true,\"allow_export\":true,\"is_active\":true,\"created_by\":5,\"updated_by\":5,\"created_at\":\"2026-06-01T09:54:55.000000Z\",\"updated_at\":\"2026-06-01T09:54:55.000000Z\",\"permission\":{\"id\":17,\"module\":\"asset\",\"code\":\"asset.access\",\"name\":\"Asset\",\"description\":\"Manage asset module operations\",\"is_system_permission\":true,\"is_active\":true,\"created_by\":null,\"updated_by\":null,\"created_at\":\"2026-05-05T11:01:42.000000Z\",\"updated_at\":\"2026-05-05T11:01:42.000000Z\"}}]}', '{\"id\":6,\"employee_code\":\"EMP\\/00016\",\"username\":\"Yuvaraj\",\"first_name\":\"Yuvaraj\",\"last_name\":\"Palani\",\"display_name\":\"Yuvaraj Palani\",\"email\":\"yuvaraj@sakthicontroller.com\",\"mobile\":\"7904284246\",\"gender\":\"male\",\"date_of_birth\":null,\"profile_photo_path\":null,\"is_super_admin\":false,\"is_system_user\":true,\"must_change_password\":true,\"last_login_at\":\"2026-06-01T09:49:23.000000Z\",\"last_password_changed_at\":null,\"failed_login_attempts\":0,\"locked_until\":null,\"status\":\"active\",\"remarks\":null,\"created_by\":2,\"updated_by\":2,\"created_at\":\"2026-05-09T07:22:07.000000Z\",\"updated_at\":\"2026-06-01T11:05:50.000000Z\",\"user_roles\":[{\"id\":11,\"user_id\":6,\"role_id\":5,\"is_primary_role\":true,\"is_active\":true,\"assigned_by\":2,\"assigned_at\":\"2026-06-01T11:05:50.000000Z\",\"created_by\":2,\"updated_by\":2,\"created_at\":\"2026-06-01T11:05:50.000000Z\",\"updated_at\":\"2026-06-01T11:05:50.000000Z\",\"role\":{\"id\":5,\"code\":\"PURCHASE\",\"name\":\"Purchase User\",\"description\":\"Purchase and supplier operations\",\"is_system_role\":true,\"is_active\":true,\"created_by\":null,\"updated_by\":null,\"created_at\":\"2026-05-05T11:01:42.000000Z\",\"updated_at\":\"2026-05-05T11:01:42.000000Z\"}}],\"company_access\":[],\"branch_access\":[],\"location_access\":[],\"warehouse_access\":[],\"user_permissions\":[{\"id\":247,\"user_id\":6,\"permission_id\":16,\"allow_view\":true,\"allow_create\":true,\"allow_update\":true,\"allow_delete\":true,\"allow_approve\":true,\"allow_print\":true,\"allow_export\":true,\"is_active\":true,\"created_by\":5,\"updated_by\":5,\"created_at\":\"2026-06-01T09:54:55.000000Z\",\"updated_at\":\"2026-06-01T09:54:55.000000Z\",\"permission\":{\"id\":16,\"module\":\"accounts\",\"code\":\"accounts.access\",\"name\":\"Accounts\",\"description\":\"Manage accounting module operations\",\"is_system_permission\":true,\"is_active\":true,\"created_by\":null,\"updated_by\":null,\"created_at\":\"2026-05-05T11:01:42.000000Z\",\"updated_at\":\"2026-05-05T11:01:42.000000Z\"}},{\"id\":248,\"user_id\":6,\"permission_id\":17,\"allow_view\":true,\"allow_create\":true,\"allow_update\":true,\"allow_delete\":true,\"allow_approve\":false,\"allow_print\":true,\"allow_export\":true,\"is_active\":true,\"created_by\":5,\"updated_by\":5,\"created_at\":\"2026-06-01T09:54:55.000000Z\",\"updated_at\":\"2026-06-01T09:54:55.000000Z\",\"permission\":{\"id\":17,\"module\":\"asset\",\"code\":\"asset.access\",\"name\":\"Asset\",\"description\":\"Manage asset module operations\",\"is_system_permission\":true,\"is_active\":true,\"created_by\":null,\"updated_by\":null,\"created_at\":\"2026-05-05T11:01:42.000000Z\",\"updated_at\":\"2026-05-05T11:01:42.000000Z\"}}]}', '2409:40f4:14d:9d14:f9d0:c1fc:7f62:b7f9', 'bill.sakthicontroller.com', 'Mozilla/5.0 (Macintosh; Intel Mac OS X 10_15_7) AppleWebKit/537.36 (KHTML, like Gecko) Chrome/148.0.0.0 Safari/537.36', '2026-06-01 11:05:50'),
(12, 2, NULL, NULL, NULL, 'user', 'users', '6', 'update', 'Updated user Yuvaraj', '{\"id\":6,\"employee_code\":\"EMP\\/00016\",\"username\":\"Yuvaraj\",\"first_name\":\"Yuvaraj\",\"last_name\":\"Palani\",\"display_name\":\"Yuvaraj Palani\",\"email\":\"yuvaraj@sakthicontroller.com\",\"mobile\":\"7904284246\",\"gender\":\"male\",\"date_of_birth\":null,\"profile_photo_path\":null,\"is_super_admin\":false,\"is_system_user\":true,\"must_change_password\":true,\"last_login_at\":\"2026-06-01T09:49:23.000000Z\",\"last_password_changed_at\":null,\"failed_login_attempts\":0,\"locked_until\":null,\"status\":\"active\",\"remarks\":null,\"created_by\":2,\"updated_by\":2,\"created_at\":\"2026-05-09T07:22:07.000000Z\",\"updated_at\":\"2026-06-01T11:05:50.000000Z\",\"user_roles\":[{\"id\":11,\"user_id\":6,\"role_id\":5,\"is_primary_role\":true,\"is_active\":true,\"assigned_by\":2,\"assigned_at\":\"2026-06-01T11:05:50.000000Z\",\"created_by\":2,\"updated_by\":2,\"created_at\":\"2026-06-01T11:05:50.000000Z\",\"updated_at\":\"2026-06-01T11:05:50.000000Z\",\"role\":{\"id\":5,\"code\":\"PURCHASE\",\"name\":\"Purchase User\",\"description\":\"Purchase and supplier operations\",\"is_system_role\":true,\"is_active\":true,\"created_by\":null,\"updated_by\":null,\"created_at\":\"2026-05-05T11:01:42.000000Z\",\"updated_at\":\"2026-05-05T11:01:42.000000Z\"}}],\"company_access\":[],\"branch_access\":[],\"location_access\":[],\"warehouse_access\":[],\"user_permissions\":[{\"id\":249,\"user_id\":6,\"permission_id\":16,\"allow_view\":true,\"allow_create\":true,\"allow_update\":true,\"allow_delete\":true,\"allow_approve\":true,\"allow_print\":true,\"allow_export\":true,\"is_active\":true,\"created_by\":2,\"updated_by\":2,\"created_at\":\"2026-06-01T11:09:36.000000Z\",\"updated_at\":\"2026-06-01T11:09:36.000000Z\",\"permission\":{\"id\":16,\"module\":\"accounts\",\"code\":\"accounts.access\",\"name\":\"Accounts\",\"description\":\"Manage accounting module operations\",\"is_system_permission\":true,\"is_active\":true,\"created_by\":null,\"updated_by\":null,\"created_at\":\"2026-05-05T11:01:42.000000Z\",\"updated_at\":\"2026-05-05T11:01:42.000000Z\"}}]}', '{\"id\":6,\"employee_code\":\"EMP\\/00016\",\"username\":\"Yuvaraj\",\"first_name\":\"Yuvaraj\",\"last_name\":\"Palani\",\"display_name\":\"Yuvaraj Palani\",\"email\":\"yuvaraj@sakthicontroller.com\",\"mobile\":\"7904284246\",\"gender\":\"male\",\"date_of_birth\":null,\"profile_photo_path\":null,\"is_super_admin\":false,\"is_system_user\":true,\"must_change_password\":true,\"last_login_at\":\"2026-06-01T09:49:23.000000Z\",\"last_password_changed_at\":null,\"failed_login_attempts\":0,\"locked_until\":null,\"status\":\"active\",\"remarks\":null,\"created_by\":2,\"updated_by\":2,\"created_at\":\"2026-05-09T07:22:07.000000Z\",\"updated_at\":\"2026-06-01T11:05:50.000000Z\",\"user_roles\":[{\"id\":12,\"user_id\":6,\"role_id\":3,\"is_primary_role\":true,\"is_active\":true,\"assigned_by\":2,\"assigned_at\":\"2026-06-01T11:29:29.000000Z\",\"created_by\":2,\"updated_by\":2,\"created_at\":\"2026-06-01T11:29:29.000000Z\",\"updated_at\":\"2026-06-01T11:29:29.000000Z\",\"role\":{\"id\":3,\"code\":\"ACCOUNTANT\",\"name\":\"Accountant\",\"description\":\"Accounts and finance operations\",\"is_system_role\":true,\"is_active\":true,\"created_by\":null,\"updated_by\":null,\"created_at\":\"2026-05-05T11:01:42.000000Z\",\"updated_at\":\"2026-05-05T11:01:42.000000Z\"}}],\"company_access\":[],\"branch_access\":[],\"location_access\":[],\"warehouse_access\":[],\"user_permissions\":[{\"id\":249,\"user_id\":6,\"permission_id\":16,\"allow_view\":true,\"allow_create\":true,\"allow_update\":true,\"allow_delete\":true,\"allow_approve\":true,\"allow_print\":true,\"allow_export\":true,\"is_active\":true,\"created_by\":2,\"updated_by\":2,\"created_at\":\"2026-06-01T11:09:36.000000Z\",\"updated_at\":\"2026-06-01T11:09:36.000000Z\",\"permission\":{\"id\":16,\"module\":\"accounts\",\"code\":\"accounts.access\",\"name\":\"Accounts\",\"description\":\"Manage accounting module operations\",\"is_system_permission\":true,\"is_active\":true,\"created_by\":null,\"updated_by\":null,\"created_at\":\"2026-05-05T11:01:42.000000Z\",\"updated_at\":\"2026-05-05T11:01:42.000000Z\"}}]}', '2409:40f4:14d:9d14:f9d0:c1fc:7f62:b7f9', 'bill.sakthicontroller.com', 'Mozilla/5.0 (Macintosh; Intel Mac OS X 10_15_7) AppleWebKit/537.36 (KHTML, like Gecko) Chrome/148.0.0.0 Safari/537.36', '2026-06-01 11:29:29'),
(13, 2, NULL, NULL, NULL, 'user', 'users', '6', 'update', 'Updated user Yuvaraj', '{\"id\":6,\"employee_code\":\"EMP\\/00016\",\"username\":\"Yuvaraj\",\"first_name\":\"Yuvaraj\",\"last_name\":\"Palani\",\"display_name\":\"Yuvaraj Palani\",\"email\":\"yuvaraj@sakthicontroller.com\",\"mobile\":\"7904284246\",\"gender\":\"male\",\"date_of_birth\":null,\"profile_photo_path\":null,\"is_super_admin\":false,\"is_system_user\":true,\"must_change_password\":true,\"last_login_at\":\"2026-06-01T09:49:23.000000Z\",\"last_password_changed_at\":null,\"failed_login_attempts\":0,\"locked_until\":null,\"status\":\"active\",\"remarks\":null,\"created_by\":2,\"updated_by\":2,\"created_at\":\"2026-05-09T07:22:07.000000Z\",\"updated_at\":\"2026-06-01T11:05:50.000000Z\",\"user_roles\":[{\"id\":12,\"user_id\":6,\"role_id\":3,\"is_primary_role\":true,\"is_active\":true,\"assigned_by\":2,\"assigned_at\":\"2026-06-01T11:29:29.000000Z\",\"created_by\":2,\"updated_by\":2,\"created_at\":\"2026-06-01T11:29:29.000000Z\",\"updated_at\":\"2026-06-01T11:29:29.000000Z\",\"role\":{\"id\":3,\"code\":\"ACCOUNTANT\",\"name\":\"Accountant\",\"description\":\"Accounts and finance operations\",\"is_system_role\":true,\"is_active\":true,\"created_by\":null,\"updated_by\":null,\"created_at\":\"2026-05-05T11:01:42.000000Z\",\"updated_at\":\"2026-05-05T11:01:42.000000Z\"}}],\"company_access\":[],\"branch_access\":[],\"location_access\":[],\"warehouse_access\":[],\"user_permissions\":[{\"id\":249,\"user_id\":6,\"permission_id\":16,\"allow_view\":true,\"allow_create\":true,\"allow_update\":true,\"allow_delete\":true,\"allow_approve\":true,\"allow_print\":true,\"allow_export\":true,\"is_active\":true,\"created_by\":2,\"updated_by\":2,\"created_at\":\"2026-06-01T11:09:36.000000Z\",\"updated_at\":\"2026-06-01T11:09:36.000000Z\",\"permission\":{\"id\":16,\"module\":\"accounts\",\"code\":\"accounts.access\",\"name\":\"Accounts\",\"description\":\"Manage accounting module operations\",\"is_system_permission\":true,\"is_active\":true,\"created_by\":null,\"updated_by\":null,\"created_at\":\"2026-05-05T11:01:42.000000Z\",\"updated_at\":\"2026-05-05T11:01:42.000000Z\"}}]}', '{\"id\":6,\"employee_code\":\"EMP\\/00016\",\"username\":\"Yuvaraj\",\"first_name\":\"Yuvaraj\",\"last_name\":\"Palani\",\"display_name\":\"Yuvaraj Palani\",\"email\":\"yuvaraj@sakthicontroller.com\",\"mobile\":\"7904284246\",\"gender\":\"male\",\"date_of_birth\":null,\"profile_photo_path\":null,\"is_super_admin\":false,\"is_system_user\":true,\"must_change_password\":true,\"last_login_at\":\"2026-06-01T09:49:23.000000Z\",\"last_password_changed_at\":null,\"failed_login_attempts\":0,\"locked_until\":null,\"status\":\"active\",\"remarks\":null,\"created_by\":2,\"updated_by\":2,\"created_at\":\"2026-05-09T07:22:07.000000Z\",\"updated_at\":\"2026-06-01T11:05:50.000000Z\",\"user_roles\":[{\"id\":13,\"user_id\":6,\"role_id\":5,\"is_primary_role\":true,\"is_active\":true,\"assigned_by\":2,\"assigned_at\":\"2026-06-01T11:30:19.000000Z\",\"created_by\":2,\"updated_by\":2,\"created_at\":\"2026-06-01T11:30:19.000000Z\",\"updated_at\":\"2026-06-01T11:30:19.000000Z\",\"role\":{\"id\":5,\"code\":\"PURCHASE\",\"name\":\"Purchase User\",\"description\":\"Purchase and supplier operations\",\"is_system_role\":true,\"is_active\":true,\"created_by\":null,\"updated_by\":null,\"created_at\":\"2026-05-05T11:01:42.000000Z\",\"updated_at\":\"2026-05-05T11:01:42.000000Z\"}}],\"company_access\":[],\"branch_access\":[],\"location_access\":[],\"warehouse_access\":[],\"user_permissions\":[{\"id\":249,\"user_id\":6,\"permission_id\":16,\"allow_view\":true,\"allow_create\":true,\"allow_update\":true,\"allow_delete\":true,\"allow_approve\":true,\"allow_print\":true,\"allow_export\":true,\"is_active\":true,\"created_by\":2,\"updated_by\":2,\"created_at\":\"2026-06-01T11:09:36.000000Z\",\"updated_at\":\"2026-06-01T11:09:36.000000Z\",\"permission\":{\"id\":16,\"module\":\"accounts\",\"code\":\"accounts.access\",\"name\":\"Accounts\",\"description\":\"Manage accounting module operations\",\"is_system_permission\":true,\"is_active\":true,\"created_by\":null,\"updated_by\":null,\"created_at\":\"2026-05-05T11:01:42.000000Z\",\"updated_at\":\"2026-05-05T11:01:42.000000Z\"}}]}', '2409:40f4:14d:9d14:f9d0:c1fc:7f62:b7f9', 'bill.sakthicontroller.com', 'Mozilla/5.0 (Macintosh; Intel Mac OS X 10_15_7) AppleWebKit/537.36 (KHTML, like Gecko) Chrome/148.0.0.0 Safari/537.36', '2026-06-01 11:30:19');;

INSERT INTO `branches` (`id`, `company_id`, `code`, `name`, `branch_type`, `is_head_office`, `is_active`, `remarks`, `created_by`, `updated_by`, `created_at`, `updated_at`) VALUES
(1, 1, 'HO', 'Head Office', 'head_office', 1, 1, NULL, 2, 2, '2026-05-06 08:33:37', '2026-05-06 08:33:37');;

INSERT INTO `brands` (`id`, `brand_code`, `brand_name`, `is_active`, `remarks`, `created_by`, `updated_by`, `created_at`, `updated_at`) VALUES
(1, 'GEN', 'Generic', 1, NULL, NULL, NULL, '2026-05-05 11:01:43', '2026-05-05 11:01:43');;

INSERT INTO `business_locations` (`id`, `company_id`, `branch_id`, `code`, `name`, `location_type`, `contact_person`, `phone`, `email`, `address_line1`, `address_line2`, `area`, `city`, `district`, `state_code`, `state_name`, `country_code`, `postal_code`, `latitude`, `longitude`, `allow_sales`, `allow_purchase`, `allow_stock`, `allow_accounts`, `allow_hr`, `is_default`, `is_active`, `remarks`, `created_by`, `updated_by`, `created_at`, `updated_at`) VALUES
(1, 1, 1, 'MAIN', 'Main Business Location', 'billing', 'System Admin', '9443036233', 'sakthicontroller@gmail.com', '153, Karunai Nagar, K.Sevoor', 'Katpadi Taluk', 'Katpadi', 'Vellore', 'Vellore', '33', 'Tamil Nadu', 'IN', '632106', NULL, NULL, 1, 1, 1, 1, 1, 1, 1, NULL, 2, 2, '2026-05-06 08:33:37', '2026-05-06 08:33:37');;

INSERT INTO `cash_sessions` (`id`, `company_id`, `branch_id`, `location_id`, `user_id`, `cash_account_id`, `opening_datetime`, `closing_datetime`, `opening_balance`, `expected_closing_balance`, `actual_closing_balance`, `variance_amount`, `status`, `remarks`, `created_by`, `updated_by`, `created_at`, `updated_at`) VALUES
(1, 1, 1, 1, 4, 1, '2026-05-14 16:40:42', NULL, 0.00, NULL, NULL, NULL, 'open', NULL, 4, 4, '2026-05-14 11:11:03', '2026-05-14 11:11:03'),
(2, 1, 1, 1, 4, 72, '2026-05-14 16:40:42', NULL, 10000.00, NULL, NULL, NULL, 'open', NULL, 4, 4, '2026-05-29 11:34:12', '2026-05-29 11:34:12'),
(3, 1, 1, 1, 2, 72, '2026-06-01 11:06:39', NULL, 0.00, NULL, NULL, NULL, 'cancelled', NULL, 2, 2, '2026-06-01 05:36:44', '2026-06-01 06:00:38'),
(4, 1, 1, 1, 2, 1, '2026-06-01 14:46:16', NULL, 1000.00, NULL, NULL, NULL, 'open', NULL, 2, 2, '2026-06-01 09:16:32', '2026-06-01 09:16:32');;

INSERT INTO `companies` (`id`, `code`, `legal_name`, `trade_name`, `company_type`, `gstin`, `pan`, `tan`, `cin`, `phone`, `email`, `website`, `address_line1`, `address_line2`, `area`, `city`, `district`, `state_code`, `state_name`, `country_code`, `postal_code`, `base_currency`, `timezone`, `logo_path`, `seal_path`, `letter_head_path`, `is_active`, `remarks`, `created_by`, `updated_by`, `created_at`, `updated_at`) VALUES
(1, 'CMP001', 'Sakthi Controller OPC Pvt Ltd', 'Sakthi Controller OPC Pvt Ltd', 'private_limited', '33ABKCS2354K1Z5', 'ABKCS2354K', NULL, NULL, '9443036233', 'sakthicontroller@gmail.com', NULL, '153, Karunai Nagar, K.Sevoor', 'Katpadi Taluk', 'Katpadi', 'Vellore', 'Vellore', '33', 'Tamil Nadu', 'IN', '632106', 'INR', 'Asia/Kolkata', NULL, NULL, NULL, 1, NULL, 2, 2, '2026-05-06 08:33:37', '2026-05-06 08:33:37');;

INSERT INTO `crm_enquiry_lines` (`id`, `enquiry_id`, `item_id`, `description`, `qty`) VALUES
(4, 2, NULL, NULL, 0.00),
(7, 1, 4, NULL, 1.00);;

INSERT INTO `crm_followups` (`id`, `enquiry_id`, `followup_date`, `notes`, `next_followup`, `assigned_to`, `status`) VALUES
(2, 2, '2026-05-09 20:09:18', NULL, '2026-05-11 05:30:00', 6, 'pending');;

INSERT INTO `crm_leads` (`id`, `company_id`, `lead_name`, `company_name`, `mobile`, `email`, `source_id`, `assigned_to`, `lead_status`, `remarks`, `created_by`, `created_at`) VALUES
(2, 1, 'balaji', 'balajicontroller', NULL, NULL, NULL, 6, 'converted', NULL, 6, '2026-05-09 07:24:25'),
(3, 1, 'Nixon', 'Economic Scales', '94430 30062', 'lixonkv@gmail.com', NULL, NULL, 'converted', NULL, 6, '2026-05-09 09:03:49'),
(4, 1, 'Yuvaraj', 'Testing', '9443091525', NULL, NULL, 6, 'converted', NULL, 6, '2026-05-09 09:29:48'),
(6, 1, 'Gokul', NULL, '9443098687', 'gokul@sakthicontroller.com', NULL, NULL, 'converted', NULL, 6, '2026-05-11 08:37:03'),
(7, 1, 'gokul', NULL, NULL, NULL, NULL, 6, 'lost', NULL, 2, '2026-05-30 12:37:40');;

INSERT INTO `crm_lead_activities` (`id`, `lead_id`, `activity_type`, `activity_datetime`, `notes`, `next_followup`, `created_by`) VALUES
(2, 3, 'call', '2026-05-09 20:05:06', 'Need Blue Scale', '2026-05-11 05:30:00', 6),
(4, 7, 'call', '2026-05-30 23:37:25', NULL, NULL, 2);;

INSERT INTO `crm_opportunities` (`id`, `company_id`, `enquiry_no`, `enquiry_date`, `lead_id`, `customer_party_id`, `opportunity_name`, `expected_value`, `stage_id`, `assigned_to`, `enquiry_status`, `remarks`, `probability_percent`, `expected_close_date`, `status`) VALUES
(1, 1, 'ENQ-20260509-0001', '2026-05-09', 2, NULL, 'Deal — ENQ-20260509-0001', 0.00, NULL, 5, 'converted', 'Converted from lead: balaji', 0.00, NULL, 'open'),
(2, 1, 'ENQ-20260509-0002', '2026-05-09', 3, NULL, 'Deal — ENQ-20260509-0002', 0.00, NULL, NULL, 'converted', 'Converted from lead: Nixon', 0.00, NULL, 'open'),
(3, 1, 'ENQ-20260511-0001', '2026-05-11', 6, NULL, 'Deal — ENQ-20260511-0001', 0.00, NULL, NULL, 'converted', 'Converted from lead: Gokul', 0.00, NULL, 'open'),
(4, 1, 'ENQ-20260509-0003', '2026-05-09', 4, 40, 'Deal — ENQ-20260509-0003', 0.00, NULL, 6, 'converted', 'Converted from lead: Yuvaraj', 50.00, NULL, 'won'),
(5, 1, 'ENQ-20260519-0001', '2026-05-19', 6, 40, 'Opportunity - ENQ-20260519-0001', NULL, 5, 4, 'open', 'sample', 10.00, NULL, 'open'),
(6, 1, 'ENQ-20260530-0001', '2026-05-30', 7, NULL, NULL, NULL, 5, 6, 'lost', 'Converted from lead: gokul', 0.00, NULL, 'lost');;

INSERT INTO `crm_opportunity_products` (`id`, `opportunity_id`, `item_id`, `qty`, `estimated_price`) VALUES
(1, 2, NULL, 0.00, 0.00),
(4, 4, 4, 1.00, 4500.00);;

INSERT INTO `crm_stages` (`id`, `stage_name`, `stage_type`, `sequence_no`, `probability_percent`, `is_default`, `is_active`) VALUES
(5, 'New Enquiry', 'enquiry', 10, 10.00, 1, 1),
(6, 'Contacted', 'enquiry', 20, 15.00, 0, 1),
(7, 'Requirement Gathering', 'enquiry', 30, 20.00, 0, 1),
(8, 'Demo Requested', 'enquiry', 40, 25.00, 0, 1),
(9, 'Quotation Requested', 'opportunity', 50, 35.00, 0, 1),
(10, 'Quotation Sent', 'opportunity', 60, 45.00, 0, 1),
(11, 'Follow-up', 'opportunity', 70, 55.00, 0, 1),
(12, 'Negotiation', 'opportunity', 80, 70.00, 0, 1),
(13, 'Sample Testing', 'opportunity', 90, 80.00, 0, 1),
(14, 'Waiting for Response', 'opportunity', 100, 60.00, 0, 1);;

INSERT INTO `departments` (`id`, `department_name`, `is_active`) VALUES
(1, 'Administration', 1),
(2, 'Accounts', 1),
(3, 'Sales', 1),
(4, 'Purchase', 1),
(5, 'Stores', 1),
(6, 'Production', 1),
(7, 'Service', 1),
(8, 'Human Resources', 1),
(9, 'Software Developer', 1),
(10, 'Software-SCOPL', 1),
(11, 'Management', 1),
(12, 'Embededd - SCOPL', 1),
(13, 'Customer Service', 1),
(14, 'Sales', 1);;

INSERT INTO `designations` (`id`, `designation_name`, `is_active`) VALUES
(1, 'Manager', 1),
(2, 'Executive', 1),
(3, 'Supervisor', 1),
(4, 'Operator', 1),
(5, 'Technician', 1),
(6, 'Assistant', 1),
(7, 'Software', 1),
(8, 'Business Development Manager', 1),
(9, 'Senior Embedded Developer', 1),
(10, 'Product Manager', 1),
(11, 'Director & Founder', 1),
(12, 'Embedded Developer', 1),
(13, 'Chief Executive Officer', 1),
(14, 'Production Technician', 1),
(15, 'Customer Service Representative', 1),
(16, 'Software Developer', 1),
(17, 'Accounts & stores executive', 1),
(18, 'Software Trainee', 1),
(19, 'Marketing Specialist', 1);;

INSERT INTO `document_postings` (`id`, `company_id`, `branch_id`, `location_id`, `financial_year_id`, `document_module`, `document_table`, `document_id`, `document_no`, `document_date`, `posting_rule_group_id`, `voucher_id`, `posting_status`, `posted_at`, `reversed_at`, `error_message`, `remarks`, `created_by`, `updated_by`, `created_at`, `updated_at`) VALUES
(1, 1, 1, 1, 1, 'sales', 'sales_invoices', 1, 'SI/26-27/0001', '2026-05-26', NULL, 1, 'posted', '2026-05-26 11:48:33', NULL, NULL, NULL, 2, 2, '2026-05-26 11:48:33', '2026-05-26 11:48:33'),
(2, 1, 1, 1, 1, 'sales', 'sales_invoices', 2, 'SI/26-27/0002', '2026-05-26', NULL, 2, 'posted', '2026-05-26 12:43:22', NULL, NULL, NULL, 2, 2, '2026-05-26 12:43:22', '2026-05-26 12:43:22'),
(3, 1, 1, 1, 1, 'sales', 'sales_receipts', 1, 'SR/26-27/0001', '2026-05-26', NULL, 3, 'posted', '2026-05-26 13:07:49', NULL, NULL, NULL, 2, 2, '2026-05-26 13:07:49', '2026-05-26 13:07:49'),
(4, 1, 1, 1, 1, 'sales', 'sales_invoices', 3, 'SI/26-27/0003', '2026-04-02', NULL, 6, 'posted', '2026-05-28 09:38:05', NULL, NULL, NULL, 4, 4, '2026-05-28 09:38:05', '2026-05-28 09:38:05'),
(5, 1, 1, 1, 1, 'sales', 'sales_invoices', 4, 'SI/26-27/0004', '2026-05-28', NULL, 8, 'posted', '2026-05-28 10:08:49', NULL, NULL, NULL, 2, 2, '2026-05-28 10:08:49', '2026-05-28 10:08:49'),
(6, 1, 1, 1, 1, 'sales', 'sales_invoices', 5, 'SI/26-27/0005', '2026-05-28', NULL, 10, 'posted', '2026-05-28 11:45:59', NULL, NULL, NULL, 2, 2, '2026-05-28 11:45:59', '2026-05-28 11:45:59'),
(7, 1, 1, 1, 1, 'sales', 'sales_invoices', 7, 'SI/26-27/0007', '2026-04-03', NULL, 15, 'posted', '2026-05-29 05:44:34', NULL, NULL, NULL, 4, 4, '2026-05-29 05:44:34', '2026-05-29 05:44:34'),
(8, 1, 1, 1, 1, 'sales', 'sales_invoices', 8, 'SI/26-27/0008', '2026-04-04', NULL, 17, 'posted', '2026-05-29 06:40:26', NULL, NULL, NULL, 4, 4, '2026-05-29 06:40:26', '2026-05-29 06:40:26'),
(9, 1, 1, 1, 1, 'sales', 'sales_receipts', 2, 'SR/26-27/0002', '2026-05-29', NULL, 18, 'posted', '2026-05-29 06:49:18', NULL, NULL, NULL, 4, 4, '2026-05-29 06:49:18', '2026-05-29 06:49:18'),
(10, 1, 1, 1, 1, 'sales', 'sales_receipts', 3, 'SR/26-27/0003', '2026-05-29', NULL, 19, 'posted', '2026-05-29 06:53:58', NULL, NULL, NULL, 4, 4, '2026-05-29 06:53:58', '2026-05-29 06:53:58'),
(11, 1, 1, 1, 1, 'sales', 'sales_receipts', 4, 'SR/26-27/0004', '2026-05-29', NULL, 20, 'posted', '2026-05-29 06:57:03', NULL, NULL, NULL, 4, 4, '2026-05-29 06:57:03', '2026-05-29 06:57:03'),
(12, 1, 1, 1, 1, 'sales', 'sales_invoices', 6, 'SI/26-27/0006', '2026-05-02', NULL, 21, 'posted', '2026-05-29 07:00:26', NULL, NULL, NULL, 4, 4, '2026-05-29 07:00:26', '2026-05-29 07:00:26'),
(13, 1, 1, 1, 1, 'sales', 'sales_receipts', 5, 'SR/26-27/0005', '2026-05-29', NULL, 22, 'posted', '2026-05-29 07:01:30', NULL, NULL, NULL, 4, 4, '2026-05-29 07:01:30', '2026-05-29 07:01:30'),
(14, 1, 1, 1, 1, 'sales', 'sales_receipts', 6, 'SR/26-27/0006', '2026-05-29', NULL, 23, 'posted', '2026-05-29 07:03:54', NULL, NULL, NULL, 4, 4, '2026-05-29 07:03:54', '2026-05-29 07:03:54'),
(15, 1, 1, 1, 1, 'sales', 'sales_receipts', 7, 'SR/26-27/0007', '2026-05-29', NULL, 24, 'posted', '2026-05-29 07:05:02', NULL, NULL, NULL, 4, 4, '2026-05-29 07:05:02', '2026-05-29 07:05:02'),
(16, 1, 1, 1, 1, 'sales', 'sales_receipts', 8, 'SR/26-27/0008', '2026-05-29', NULL, 25, 'posted', '2026-05-29 07:10:12', NULL, NULL, NULL, 4, 4, '2026-05-29 07:10:12', '2026-05-29 07:10:12'),
(17, 1, 1, 1, 1, 'sales', 'sales_receipts', 9, 'SR/26-27/0009', '2026-05-29', NULL, 26, 'posted', '2026-05-29 07:16:15', NULL, NULL, NULL, 4, 4, '2026-05-29 07:16:15', '2026-05-29 07:16:15'),
(18, 1, 1, 1, 1, 'sales', 'sales_invoices', 9, 'SI/26-27/0009', '2026-05-29', NULL, 27, 'posted', '2026-05-29 07:31:59', NULL, NULL, NULL, 4, 4, '2026-05-29 07:31:59', '2026-05-29 07:31:59'),
(19, 1, 1, 1, 1, 'sales', 'sales_receipts', 10, 'SR/26-27/0010', '2026-05-29', NULL, 28, 'posted', '2026-05-29 07:33:57', NULL, NULL, NULL, 4, 4, '2026-05-29 07:33:57', '2026-05-29 07:33:57'),
(20, 1, 1, 1, 1, 'sales', 'sales_receipts', 11, 'SR/26-27/0011', '2026-05-29', NULL, 29, 'posted', '2026-05-29 07:36:21', NULL, NULL, NULL, 4, 4, '2026-05-29 07:36:21', '2026-05-29 07:36:21'),
(21, 1, 1, 1, 1, 'sales', 'sales_receipts', 12, 'SR/26-27/0012', '2026-05-29', NULL, 30, 'posted', '2026-05-29 07:37:47', NULL, NULL, NULL, 4, 4, '2026-05-29 07:37:47', '2026-05-29 07:37:47'),
(22, 1, 1, 1, 1, 'sales', 'sales_receipts', 13, 'SR/26-27/0013', '2026-05-29', NULL, 31, 'posted', '2026-05-29 08:32:05', NULL, NULL, NULL, 4, 4, '2026-05-29 08:32:05', '2026-05-29 08:32:05'),
(23, 1, 1, 1, 1, 'sales', 'sales_invoices', 10, 'SI/26-27/0010', '2026-05-29', NULL, 32, 'posted', '2026-05-29 08:48:11', NULL, NULL, NULL, 4, 4, '2026-05-29 08:48:11', '2026-05-29 08:48:11'),
(24, 1, 1, 1, 1, 'sales', 'sales_invoices', 11, 'SI/26-27/0011', '2026-05-29', NULL, 33, 'posted', '2026-05-29 08:49:22', NULL, NULL, NULL, 4, 4, '2026-05-29 08:49:22', '2026-05-29 08:49:22'),
(25, 1, 1, 1, 1, 'sales', 'sales_receipts', 14, 'SR/26-27/0014', '2026-05-29', NULL, 34, 'posted', '2026-05-29 09:47:19', NULL, NULL, NULL, 4, 4, '2026-05-29 09:47:19', '2026-05-29 09:47:19'),
(26, 1, 1, 1, 1, 'sales', 'sales_receipts', 15, 'SR/26-27/0015', '2026-05-29', NULL, 35, 'posted', '2026-05-29 09:51:31', NULL, NULL, NULL, 4, 4, '2026-05-29 09:51:31', '2026-05-29 09:51:31'),
(27, 1, 1, 1, 1, 'purchase', 'purchase_payments', 1, 'PP/26-27/0001', '2026-05-29', NULL, 38, 'posted', '2026-05-29 10:35:48', NULL, NULL, NULL, 4, 4, '2026-05-29 10:35:48', '2026-05-29 10:35:48'),
(28, 1, 1, 1, 1, 'sales', 'sales_invoices', 12, 'SI/26-27/0012', '2026-05-29', NULL, 40, 'posted', '2026-05-29 11:09:45', NULL, NULL, NULL, 4, 4, '2026-05-29 11:09:45', '2026-05-29 11:09:45'),
(29, 1, 1, 1, 1, 'sales', 'sales_invoices', 13, 'SI/26-27/0013', '2026-05-30', NULL, 45, 'posted', '2026-05-30 06:29:13', NULL, NULL, NULL, 2, 2, '2026-05-30 06:29:13', '2026-05-30 06:29:13'),
(30, 1, 1, 1, 1, 'sales', 'sales_invoices', 14, 'SI/26-27/0014', '2026-05-30', NULL, 47, 'posted', '2026-05-30 06:36:54', NULL, NULL, NULL, 4, 4, '2026-05-30 06:36:54', '2026-05-30 06:36:54'),
(31, 1, 1, 1, 1, 'sales', 'sales_receipts', 16, 'SR/26-27/0016', '2026-05-30', NULL, 48, 'posted', '2026-05-30 06:37:31', NULL, NULL, NULL, 4, 4, '2026-05-30 06:37:31', '2026-05-30 06:37:31'),
(32, 1, 1, 1, 1, 'sales', 'sales_invoices', 15, 'SI/26-27/0015', '2026-05-30', NULL, 49, 'posted', '2026-05-30 06:45:00', NULL, NULL, NULL, 4, 4, '2026-05-30 06:45:00', '2026-05-30 06:45:00'),
(33, 1, 1, 1, 1, 'sales', 'sales_invoices', 16, 'SI/26-27/0016', '2026-05-30', NULL, 51, 'posted', '2026-05-30 06:47:48', NULL, NULL, NULL, 4, 4, '2026-05-30 06:47:48', '2026-05-30 06:47:48'),
(34, 1, 1, 1, 1, 'sales', 'sales_invoices', 17, 'SI/26-27/0017', '2026-05-30', NULL, 56, 'posted', '2026-05-30 09:16:58', NULL, NULL, NULL, 2, 2, '2026-05-30 09:16:58', '2026-05-30 09:16:58'),
(35, 1, 1, 1, 1, 'sales', 'sales_receipts', 17, 'SR/26-27/0017', '2026-05-30', NULL, 57, 'posted', '2026-05-30 09:17:16', NULL, NULL, NULL, 2, 2, '2026-05-30 09:17:16', '2026-05-30 09:17:16'),
(36, 1, 1, 1, 1, 'sales', 'sales_invoices', 18, 'SI/26-27/0018', '2026-05-30', NULL, 60, 'posted', '2026-05-30 09:31:48', NULL, NULL, NULL, 2, 2, '2026-05-30 09:31:48', '2026-05-30 09:31:48'),
(37, 1, 1, 1, 1, 'sales', 'sales_invoices', 19, 'SI/26-27/0019', '2026-05-30', NULL, 62, 'posted', '2026-05-30 09:33:34', NULL, NULL, NULL, 2, 2, '2026-05-30 09:33:34', '2026-05-30 09:33:34'),
(38, 1, 1, 1, 1, 'sales', 'sales_receipts', 18, 'SR/26-27/0018', '2026-05-30', NULL, 63, 'posted', '2026-05-30 09:36:12', NULL, NULL, NULL, 2, 2, '2026-05-30 09:36:12', '2026-05-30 09:36:12'),
(39, 1, 1, 1, 1, 'purchase', 'purchase_payments', 2, 'PP/26-27/0002', '2026-05-30', NULL, 66, 'posted', '2026-05-30 10:25:11', NULL, NULL, NULL, 2, 2, '2026-05-30 10:25:11', '2026-05-30 10:25:11'),
(40, 1, 1, 1, 1, 'sales', 'sales_invoices', 20, 'SI/26-27/0020', '2026-05-30', NULL, 69, 'posted', '2026-05-30 11:19:42', NULL, NULL, NULL, 2, 2, '2026-05-30 11:19:42', '2026-05-30 11:19:42'),
(41, 1, 1, 1, 1, 'sales', 'sales_receipts', 19, 'SR/26-27/0019', '2026-05-30', NULL, 70, 'posted', '2026-05-30 11:20:30', NULL, NULL, NULL, 2, 2, '2026-05-30 11:20:30', '2026-05-30 11:20:30'),
(42, 1, 1, 1, 1, 'sales', 'sales_invoices', 21, 'SI/26-27/0021', '2026-06-01', NULL, 75, 'posted', '2026-06-01 10:02:38', NULL, NULL, NULL, 4, 4, '2026-06-01 10:02:38', '2026-06-01 10:02:38'),
(43, 1, 1, 1, 1, 'sales', 'sales_receipts', 20, 'SR/26-27/0020', '2026-06-01', NULL, 76, 'posted', '2026-06-01 10:03:18', NULL, NULL, NULL, 4, 4, '2026-06-01 10:03:18', '2026-06-01 10:03:18'),
(44, 1, 1, 1, 1, 'purchase', 'purchase_payments', 3, 'PP/26-27/0003', '2026-06-01', NULL, 77, 'posted', '2026-06-01 11:57:45', NULL, NULL, NULL, 4, 4, '2026-06-01 11:57:45', '2026-06-01 11:57:45');;

INSERT INTO `document_posting_lines` (`id`, `document_posting_id`, `line_no`, `account_id`, `entry_side`, `amount`, `narration`, `source_amount_field`, `source_rule_id`, `created_at`) VALUES
(1, 1, 1, 3, 'debit', 1180.00, 'Customer receivable', NULL, NULL, '2026-05-26 11:48:33'),
(2, 1, 2, 5, 'credit', 1000.00, 'Sales income', NULL, NULL, '2026-05-26 11:48:33'),
(3, 1, 3, 15, 'credit', 180.00, 'Output tax payable', NULL, NULL, '2026-05-26 11:48:33'),
(4, 2, 1, 3, 'debit', 1180.00, 'Customer receivable', NULL, NULL, '2026-05-26 12:43:22'),
(5, 2, 2, 5, 'credit', 1000.00, 'Sales income', NULL, NULL, '2026-05-26 12:43:22'),
(6, 2, 3, 15, 'credit', 180.00, 'Output tax payable', NULL, NULL, '2026-05-26 12:43:22'),
(7, 3, 1, 72, 'debit', 1180.00, 'Customer receipt cash/bank debit', NULL, NULL, '2026-05-26 13:07:49'),
(8, 3, 2, 3, 'credit', 1180.00, 'Customer receipt receivable credit', NULL, NULL, '2026-05-26 13:07:49'),
(9, 4, 1, 3, 'debit', 1463.20, 'Customer receivable', NULL, NULL, '2026-05-28 09:38:05'),
(10, 4, 2, 5, 'credit', 1240.00, 'Sales income', NULL, NULL, '2026-05-28 09:38:05'),
(11, 4, 3, 15, 'credit', 223.20, 'Output tax payable', NULL, NULL, '2026-05-28 09:38:05'),
(12, 5, 1, 3, 'debit', 26550.00, 'Customer receivable', NULL, NULL, '2026-05-28 10:08:49'),
(13, 5, 2, 5, 'credit', 22500.00, 'Sales income', NULL, NULL, '2026-05-28 10:08:49'),
(14, 5, 3, 15, 'credit', 4050.00, 'Output tax payable', NULL, NULL, '2026-05-28 10:08:49'),
(15, 6, 1, 3, 'debit', 1062.00, 'Customer receivable', NULL, NULL, '2026-05-28 11:45:59'),
(16, 6, 2, 5, 'credit', 900.00, 'Sales income', NULL, NULL, '2026-05-28 11:45:59'),
(17, 6, 3, 15, 'credit', 162.00, 'Output tax payable', NULL, NULL, '2026-05-28 11:45:59'),
(18, 7, 1, 3, 'debit', 5319.99, 'Customer receivable', NULL, NULL, '2026-05-29 05:44:34'),
(19, 7, 2, 5, 'credit', 4508.47, 'Sales income', NULL, NULL, '2026-05-29 05:44:34'),
(20, 7, 3, 15, 'credit', 811.52, 'Output tax payable', NULL, NULL, '2026-05-29 05:44:34'),
(21, 8, 1, 3, 'debit', 10400.00, 'Customer receivable', NULL, NULL, '2026-05-29 06:40:26'),
(22, 8, 2, 5, 'credit', 8813.56, 'Sales income', NULL, NULL, '2026-05-29 06:40:26'),
(23, 8, 3, 15, 'credit', 1586.44, 'Output tax payable', NULL, NULL, '2026-05-29 06:40:26'),
(24, 9, 1, 73, 'debit', 10400.00, 'Customer receipt cash/bank debit', NULL, NULL, '2026-05-29 06:49:18'),
(25, 9, 2, 3, 'credit', 10400.00, 'Customer receipt receivable credit', NULL, NULL, '2026-05-29 06:49:18'),
(26, 10, 1, 73, 'debit', 5319.99, 'Customer receipt cash/bank debit', NULL, NULL, '2026-05-29 06:53:58'),
(27, 10, 2, 3, 'credit', 5319.99, 'Customer receipt receivable credit', NULL, NULL, '2026-05-29 06:53:58'),
(28, 11, 1, 73, 'debit', 63.20, 'Customer receipt cash/bank debit', NULL, NULL, '2026-05-29 06:57:03'),
(29, 11, 2, 3, 'credit', 63.20, 'Customer receipt receivable credit', NULL, NULL, '2026-05-29 06:57:03'),
(30, 12, 1, 3, 'debit', 8850.00, 'Customer receivable', NULL, NULL, '2026-05-29 07:00:26'),
(31, 12, 2, 5, 'credit', 7500.00, 'Sales income', NULL, NULL, '2026-05-29 07:00:26'),
(32, 12, 3, 15, 'credit', 1350.00, 'Output tax payable', NULL, NULL, '2026-05-29 07:00:26'),
(33, 13, 1, 73, 'debit', 8000.00, 'Customer receipt cash/bank debit', NULL, NULL, '2026-05-29 07:01:30'),
(34, 13, 2, 3, 'credit', 8000.00, 'Customer receipt receivable credit', NULL, NULL, '2026-05-29 07:01:30'),
(35, 14, 1, 73, 'debit', 1000.00, 'Customer receipt cash/bank debit', NULL, NULL, '2026-05-29 07:03:54'),
(36, 14, 2, 3, 'credit', 1000.00, 'Customer receipt receivable credit', NULL, NULL, '2026-05-29 07:03:54'),
(37, 15, 1, 73, 'debit', 180.00, 'Customer receipt cash/bank debit', NULL, NULL, '2026-05-29 07:05:02'),
(38, 15, 2, 3, 'credit', 180.00, 'Customer receipt receivable credit', NULL, NULL, '2026-05-29 07:05:02'),
(39, 16, 1, 74, 'debit', 62.00, 'Customer receipt cash/bank debit', NULL, NULL, '2026-05-29 07:10:12'),
(40, 16, 2, 3, 'credit', 62.00, 'Customer receipt receivable credit', NULL, NULL, '2026-05-29 07:10:12'),
(41, 17, 1, 74, 'debit', 1400.00, 'Customer receipt cash/bank debit', NULL, NULL, '2026-05-29 07:16:15'),
(42, 17, 2, 3, 'credit', 1400.00, 'Customer receipt receivable credit', NULL, NULL, '2026-05-29 07:16:15'),
(43, 18, 1, 3, 'debit', 8850.00, 'Customer receivable', NULL, NULL, '2026-05-29 07:31:59'),
(44, 18, 2, 5, 'credit', 7500.00, 'Sales income', NULL, NULL, '2026-05-29 07:31:59'),
(45, 18, 3, 15, 'credit', 1350.00, 'Output tax payable', NULL, NULL, '2026-05-29 07:31:59'),
(46, 19, 1, 74, 'debit', 50.00, 'Customer receipt cash/bank debit', NULL, NULL, '2026-05-29 07:33:57'),
(47, 19, 2, 3, 'credit', 50.00, 'Customer receipt receivable credit', NULL, NULL, '2026-05-29 07:33:57'),
(48, 20, 1, 74, 'debit', 800.00, 'Customer receipt cash/bank debit', NULL, NULL, '2026-05-29 07:36:21'),
(49, 20, 2, 3, 'credit', 800.00, 'Customer receipt receivable credit', NULL, NULL, '2026-05-29 07:36:21'),
(50, 21, 1, 74, 'debit', 8850.00, 'Customer receipt cash/bank debit', NULL, NULL, '2026-05-29 07:37:47'),
(51, 21, 2, 3, 'credit', 8850.00, 'Customer receipt receivable credit', NULL, NULL, '2026-05-29 07:37:47'),
(52, 22, 1, 74, 'debit', 1000.00, 'Customer receipt cash/bank debit', NULL, NULL, '2026-05-29 08:32:05'),
(53, 22, 2, 3, 'credit', 1000.00, 'Customer receipt receivable credit', NULL, NULL, '2026-05-29 08:32:05'),
(54, 23, 1, 3, 'debit', 8850.00, 'Customer receivable', NULL, NULL, '2026-05-29 08:48:11'),
(55, 23, 2, 5, 'credit', 7500.00, 'Sales income', NULL, NULL, '2026-05-29 08:48:11'),
(56, 23, 3, 15, 'credit', 1350.00, 'Output tax payable', NULL, NULL, '2026-05-29 08:48:11'),
(57, 24, 1, 3, 'debit', 8850.00, 'Customer receivable', NULL, NULL, '2026-05-29 08:49:22'),
(58, 24, 2, 5, 'credit', 7500.00, 'Sales income', NULL, NULL, '2026-05-29 08:49:22'),
(59, 24, 3, 15, 'credit', 1350.00, 'Output tax payable', NULL, NULL, '2026-05-29 08:49:22'),
(60, 25, 1, 73, 'debit', 2655.00, 'Customer receipt cash/bank debit', NULL, NULL, '2026-05-29 09:47:19'),
(61, 25, 2, 3, 'credit', 2655.00, 'Customer receipt receivable credit', NULL, NULL, '2026-05-29 09:47:19'),
(62, 26, 1, 74, 'debit', 17700.00, 'Customer receipt cash/bank debit', NULL, NULL, '2026-05-29 09:51:31'),
(63, 26, 2, 3, 'credit', 17700.00, 'Customer receipt receivable credit', NULL, NULL, '2026-05-29 09:51:31'),
(64, 27, 1, 4, 'debit', 17819.00, 'Supplier payable debit', NULL, NULL, '2026-05-29 10:35:48'),
(65, 27, 2, 74, 'credit', 17819.00, 'Cash/bank credit', NULL, NULL, '2026-05-29 10:35:48'),
(66, 28, 1, 3, 'debit', 8850.00, 'Customer receivable', NULL, NULL, '2026-05-29 11:09:45'),
(67, 28, 2, 5, 'credit', 7500.00, 'Sales income', NULL, NULL, '2026-05-29 11:09:45'),
(68, 28, 3, 15, 'credit', 1350.00, 'Output tax payable', NULL, NULL, '2026-05-29 11:09:45'),
(69, 29, 1, 3, 'debit', 17700.00, 'Customer receivable', NULL, NULL, '2026-05-30 06:29:13'),
(70, 29, 2, 5, 'credit', 15000.00, 'Sales income', NULL, NULL, '2026-05-30 06:29:13'),
(71, 29, 3, 15, 'credit', 2700.00, 'Output tax payable', NULL, NULL, '2026-05-30 06:29:13'),
(72, 30, 1, 3, 'debit', 8850.00, 'Customer receivable', NULL, NULL, '2026-05-30 06:36:54'),
(73, 30, 2, 5, 'credit', 7500.00, 'Sales income', NULL, NULL, '2026-05-30 06:36:54'),
(74, 30, 3, 15, 'credit', 1350.00, 'Output tax payable', NULL, NULL, '2026-05-30 06:36:54'),
(75, 31, 1, 74, 'debit', 8850.00, 'Customer receipt cash/bank debit', NULL, NULL, '2026-05-30 06:37:31'),
(76, 31, 2, 3, 'credit', 8850.00, 'Customer receipt receivable credit', NULL, NULL, '2026-05-30 06:37:31'),
(77, 32, 1, 3, 'debit', 8850.00, 'Customer receivable', NULL, NULL, '2026-05-30 06:45:00'),
(78, 32, 2, 5, 'credit', 7500.00, 'Sales income', NULL, NULL, '2026-05-30 06:45:00'),
(79, 32, 3, 15, 'credit', 1350.00, 'Output tax payable', NULL, NULL, '2026-05-30 06:45:00'),
(80, 33, 1, 3, 'debit', 8850.00, 'Customer receivable', NULL, NULL, '2026-05-30 06:47:48'),
(81, 33, 2, 5, 'credit', 7500.00, 'Sales income', NULL, NULL, '2026-05-30 06:47:48'),
(82, 33, 3, 15, 'credit', 1350.00, 'Output tax payable', NULL, NULL, '2026-05-30 06:47:48'),
(83, 34, 1, 3, 'debit', 45000.00, 'Customer receivable', NULL, NULL, '2026-05-30 09:16:58'),
(84, 34, 2, 5, 'credit', 45000.00, 'Sales income', NULL, NULL, '2026-05-30 09:16:58'),
(85, 35, 1, 73, 'debit', 45000.00, 'Customer receipt cash/bank debit', NULL, NULL, '2026-05-30 09:17:16'),
(86, 35, 2, 3, 'credit', 45000.00, 'Customer receipt receivable credit', NULL, NULL, '2026-05-30 09:17:16'),
(87, 36, 1, 3, 'debit', 45000.00, 'Customer receivable', NULL, NULL, '2026-05-30 09:31:48'),
(88, 36, 2, 5, 'credit', 45000.00, 'Sales income', NULL, NULL, '2026-05-30 09:31:48'),
(89, 37, 1, 3, 'debit', 90000.00, 'Customer receivable', NULL, NULL, '2026-05-30 09:33:34'),
(90, 37, 2, 5, 'credit', 90000.00, 'Sales income', NULL, NULL, '2026-05-30 09:33:34'),
(91, 38, 1, 74, 'debit', 90000.00, 'Customer receipt cash/bank debit', NULL, NULL, '2026-05-30 09:36:12'),
(92, 38, 2, 3, 'credit', 90000.00, 'Customer receipt receivable credit', NULL, NULL, '2026-05-30 09:36:12'),
(93, 39, 1, 4, 'debit', 84960.00, 'Supplier payable debit', NULL, NULL, '2026-05-30 10:25:11'),
(94, 39, 2, 73, 'credit', 84960.00, 'Cash/bank credit', NULL, NULL, '2026-05-30 10:25:11'),
(95, 40, 1, 3, 'debit', 5310.00, 'Customer receivable', NULL, NULL, '2026-05-30 11:19:42'),
(96, 40, 2, 5, 'credit', 4500.00, 'Sales income', NULL, NULL, '2026-05-30 11:19:42'),
(97, 40, 3, 15, 'credit', 810.00, 'Output tax payable', NULL, NULL, '2026-05-30 11:19:42'),
(98, 41, 1, 74, 'debit', 5310.00, 'Customer receipt cash/bank debit', NULL, NULL, '2026-05-30 11:20:30'),
(99, 41, 2, 3, 'credit', 5310.00, 'Customer receipt receivable credit', NULL, NULL, '2026-05-30 11:20:30'),
(100, 42, 1, 3, 'debit', 8850.00, 'Customer receivable', NULL, NULL, '2026-06-01 10:02:38'),
(101, 42, 2, 5, 'credit', 7500.00, 'Sales income', NULL, NULL, '2026-06-01 10:02:38'),
(102, 42, 3, 15, 'credit', 1350.00, 'Output tax payable', NULL, NULL, '2026-06-01 10:02:38'),
(103, 43, 1, 74, 'debit', 8850.00, 'Customer receipt cash/bank debit', NULL, NULL, '2026-06-01 10:03:18'),
(104, 43, 2, 3, 'credit', 8850.00, 'Customer receipt receivable credit', NULL, NULL, '2026-06-01 10:03:18'),
(105, 44, 1, 4, 'debit', 708.00, 'Supplier payable debit', NULL, NULL, '2026-06-01 11:57:45'),
(106, 44, 2, 74, 'credit', 708.00, 'Cash/bank credit', NULL, NULL, '2026-06-01 11:57:45');;

INSERT INTO `document_series` (`id`, `company_id`, `branch_id`, `location_id`, `financial_year_id`, `document_type`, `series_name`, `prefix`, `suffix`, `next_number`, `number_length`, `reset_policy`, `is_default`, `is_active`, `remarks`, `created_by`, `updated_by`, `created_at`, `updated_at`) VALUES
(1, 1, 1, 1, 1, 'PARTY', 'Default PARTY', '', '', 1, 4, 'financial_year', 1, 1, NULL, 2, 2, '2026-05-06 08:33:37', '2026-05-08 04:43:13'),
(2, 1, 1, 1, 1, 'SALES_QUOTATION', 'Default SALES QUOTATION', 'QT/26-27/', '', 18, 4, 'financial_year', 1, 1, NULL, 2, 2, '2026-05-06 08:33:37', '2026-06-01 09:57:13'),
(3, 1, 1, 1, 1, 'SALES_ORDER', 'Default SALES ORDER', 'SO/26-27/', '', 11, 4, 'financial_year', 1, 1, NULL, 2, 2, '2026-05-06 08:33:37', '2026-06-01 09:58:59'),
(4, 1, 1, 1, 1, 'DELIVERY_CHALLAN', 'Default DELIVERY CHALLAN', 'DC/26-27/', '', 11, 4, 'financial_year', 1, 1, NULL, 2, 2, '2026-05-06 08:33:37', '2026-06-01 10:01:23'),
(5, 1, 1, 1, 1, 'SALES_INVOICE', 'Default SALES INVOICE', 'SI/26-27/', '', 22, 4, 'financial_year', 1, 1, NULL, 2, 2, '2026-05-06 08:33:37', '2026-06-01 10:02:04'),
(6, 1, 1, 1, 1, 'SALES_RECEIPT', 'Default SALES RECEIPT', 'SR/26-27/', '', 21, 4, 'financial_year', 1, 1, NULL, 2, 2, '2026-05-06 08:33:37', '2026-06-01 10:03:16'),
(7, 1, 1, 1, 1, 'SALES_RETURN', 'Default SALES RETURN', 'SRT/26-27/', '', 5, 4, 'financial_year', 1, 1, NULL, 2, 2, '2026-05-06 08:33:37', '2026-05-30 09:36:25'),
(8, 1, 1, 1, 1, 'PURCHASE_REQUISITION', 'Default PURCHASE REQUISITION', 'PRQ/26-27/', '', 2, 4, 'financial_year', 1, 1, NULL, 2, 2, '2026-05-06 08:33:37', '2026-05-28 11:57:19'),
(9, 1, 1, 1, 1, 'PURCHASE_ORDER', 'Default PURCHASE ORDER', 'PO/26-27/', '', 3, 4, 'financial_year', 1, 1, NULL, 2, 2, '2026-05-06 08:33:37', '2026-05-30 09:57:23'),
(10, 1, 1, 1, 1, 'PURCHASE_RECEIPT', 'Default PURCHASE RECEIPT', 'GRN/26-27/', '', 5, 4, 'financial_year', 1, 1, NULL, 2, 2, '2026-05-06 08:33:37', '2026-06-01 12:20:04'),
(11, 1, 1, 1, 1, 'PURCHASE_INVOICE', 'Default PURCHASE INVOICE', 'PI/26-27/', '', 7, 4, 'financial_year', 1, 1, NULL, 2, 2, '2026-05-06 08:33:37', '2026-06-01 12:24:41'),
(12, 1, 1, 1, 1, 'PURCHASE_PAYMENT', 'Default PURCHASE PAYMENT', 'PP/26-27/', '', 4, 4, 'financial_year', 1, 1, NULL, 2, 2, '2026-05-06 08:33:37', '2026-06-01 11:57:42'),
(13, 1, 1, 1, 1, 'PURCHASE_RETURN', 'Default PURCHASE RETURN', 'PRT/26-27/', '', 2, 4, 'financial_year', 1, 1, NULL, 2, 2, '2026-05-06 08:33:37', '2026-05-30 10:26:22'),
(14, 1, 1, 1, 1, 'STOCK_OPENING', 'Default STOCK OPENING', 'OPN/26-27/', '', 15, 4, 'financial_year', 1, 1, NULL, 2, 2, '2026-05-06 08:33:37', '2026-05-30 09:06:29'),
(15, 1, 1, 1, 1, 'STOCK_ADJUSTMENT', 'Default STOCK ADJUSTMENT', 'ADJ/26-27/', '', 1, 4, 'financial_year', 1, 1, NULL, 2, 2, '2026-05-06 08:33:37', '2026-05-08 04:38:33'),
(16, 1, 1, 1, 1, 'STOCK_TRANSFER', 'Default STOCK TRANSFER', 'ST/26-27/', '', 1, 4, 'financial_year', 1, 1, NULL, 2, 2, '2026-05-06 08:33:37', '2026-05-08 04:37:34'),
(17, 1, 1, 1, 1, 'STOCK_ISSUE', 'Default STOCK ISSUE', 'ISS/26-27/', '', 1, 4, 'financial_year', 1, 1, NULL, 2, 2, '2026-05-06 08:33:37', '2026-05-08 04:38:04'),
(18, 1, 1, 1, 1, 'STOCK_RECEIPT_INTERNAL', 'Default STOCK RECEIPT INTERNAL', 'ISR/26-27/', '', 1, 4, 'financial_year', 1, 1, NULL, 2, 2, '2026-05-06 08:33:37', '2026-05-08 04:37:45'),
(19, 1, 1, 1, 1, 'STOCK_DAMAGE', 'Default STOCK DAMAGE', 'DMG/26-27/', '', 1, 4, 'financial_year', 1, 1, NULL, 2, 2, '2026-05-06 08:33:37', '2026-05-08 04:38:12'),
(20, 1, 1, 1, 1, 'STOCK_COUNT', 'Default STOCK COUNT', 'CNT/26-27/', '', 1, 4, 'financial_year', 1, 1, NULL, 2, 2, '2026-05-06 08:33:37', '2026-05-08 04:38:21'),
(21, 1, 1, 1, 1, 'BOM', 'Default BOM', 'BOM/26-27/', '', 1, 4, 'financial_year', 1, 1, NULL, 2, 2, '2026-05-06 08:33:37', '2026-05-08 04:45:25'),
(22, 1, 1, 1, 1, 'PRODUCTION_ORDER', 'Default PRODUCTION ORDER', 'PROD/26-27/', '', 1, 4, 'financial_year', 1, 1, NULL, 2, 2, '2026-05-06 08:33:37', '2026-05-08 04:41:36'),
(23, 1, 1, 1, 1, 'PRODUCTION_MATERIAL_ISSUE', 'Default PRODUCTION MATERIAL ISSUE', 'PMI/26-27/', '', 1, 4, 'financial_year', 1, 1, NULL, 2, 2, '2026-05-06 08:33:37', '2026-05-08 04:41:51'),
(24, 1, 1, 1, 1, 'PRODUCTION_RECEIPT', 'Default PRODUCTION RECEIPT', 'PRC/26-27/', '', 1, 4, 'financial_year', 1, 1, NULL, 2, 2, '2026-05-06 08:33:37', '2026-05-08 04:41:27'),
(25, 1, 1, 1, 1, 'JOBWORK_ORDER', 'Default JOBWORK ORDER', 'JWO/26-27/', '', 3, 4, 'financial_year', 1, 1, NULL, 2, 2, '2026-05-06 08:33:37', '2026-05-30 12:10:22'),
(26, 1, 1, 1, 1, 'JOBWORK_DISPATCH', 'Default JOBWORK DISPATCH', 'JWD/26-27/', '', 1, 4, 'financial_year', 1, 1, NULL, 2, 2, '2026-05-06 08:33:37', '2026-05-08 04:44:39'),
(27, 1, 1, 1, 1, 'JOBWORK_RECEIPT', 'Default JOBWORK RECEIPT', 'JWR/26-27/', '', 1, 4, 'financial_year', 1, 1, NULL, 2, 2, '2026-05-06 08:33:37', '2026-05-08 04:44:16'),
(28, 1, 1, 1, 1, 'JOBWORK_CHARGE', 'Default JOBWORK CHARGE', 'JWC/26-27/', '', 1, 4, 'financial_year', 1, 1, NULL, 2, 2, '2026-05-06 08:33:37', '2026-05-08 04:44:52'),
(29, 1, 1, 1, 1, 'QC_INSPECTION', 'Default QC INSPECTION', 'QCI/26-27/', '', 1, 4, 'financial_year', 1, 1, NULL, 2, 2, '2026-05-06 08:33:37', '2026-05-08 04:40:16'),
(30, 1, 1, 1, 1, 'MRP_RUN', 'Default MRP RUN', 'MRP/26-27/', '', 1, 4, 'financial_year', 1, 1, NULL, 2, 2, '2026-05-06 08:33:37', '2026-05-08 04:43:27'),
(31, 1, 1, 1, 1, 'SERVICE_CONTRACT', 'Default SERVICE CONTRACT', 'SCN/26-27/', '', 1, 4, 'financial_year', 1, 1, NULL, 2, 2, '2026-05-06 08:33:37', '2026-05-08 04:39:06'),
(32, 1, 1, 1, 1, 'SERVICE_TICKET', 'Default SERVICE TICKET', 'STK/26-27/', '', 1, 4, 'financial_year', 1, 1, NULL, 2, 2, '2026-05-06 08:33:37', '2026-05-08 04:38:53'),
(33, 1, 1, 1, 1, 'SERVICE_WORK_ORDER', 'Default SERVICE WORK ORDER', 'SWO/26-27/', '', 1, 4, 'financial_year', 1, 1, NULL, 2, 2, '2026-05-06 08:33:37', '2026-05-08 04:38:44'),
(34, 1, 1, 1, 1, 'MAINTENANCE_REQUEST', 'Default MAINTENANCE REQUEST', 'MTR/26-27/', '', 1, 4, 'financial_year', 1, 1, NULL, 2, 2, '2026-05-06 08:33:37', '2026-05-08 04:43:48'),
(35, 1, 1, 1, 1, 'MAINTENANCE_WORK_ORDER', 'Default MAINTENANCE WORK ORDER', 'MWO/26-27/', '', 1, 4, 'financial_year', 1, 1, NULL, 2, 2, '2026-05-06 08:33:37', '2026-05-08 04:43:39'),
(36, 1, 1, 1, 1, 'AMC_CONTRACT', 'Default AMC CONTRACT', 'AMC/26-27/', '', 1, 4, 'financial_year', 1, 1, NULL, 2, 2, '2026-05-06 08:33:37', '2026-05-08 04:46:25'),
(37, 1, 1, 1, 1, 'ASSET_DEPRECIATION_RUN', 'Default ASSET DEPRECIATION RUN', 'ADR/26-27/', '', 1, 4, 'financial_year', 1, 1, NULL, 2, 2, '2026-05-06 08:33:37', '2026-05-08 04:46:13'),
(38, 1, 1, 1, 1, 'ASSET_TRANSFER', 'Default ASSET TRANSFER', 'ATR/26-27/', '', 1, 4, 'financial_year', 1, 1, NULL, 2, 2, '2026-05-06 08:33:37', '2026-05-08 04:45:35'),
(39, 1, 1, 1, 1, 'ASSET_DISPOSAL', 'Default ASSET DISPOSAL', 'ADP/26-27/', '', 1, 4, 'financial_year', 1, 1, NULL, 2, 2, '2026-05-06 08:33:37', '2026-05-08 04:46:03'),
(40, 1, 1, 1, 1, 'PAYMENT_VOUCHER', 'Default PAYMENT VOUCHER', 'PV/26-27/', '', 1, 4, 'financial_year', 1, 1, NULL, 2, 2, '2026-05-06 08:33:37', '2026-05-08 04:42:13'),
(41, 1, 1, 1, 1, 'RECEIPT_VOUCHER', 'Default RECEIPT VOUCHER', 'RV/26-27/', '', 1, 4, 'financial_year', 1, 1, NULL, 2, 2, '2026-05-06 08:33:37', '2026-05-08 04:40:06'),
(42, 1, 1, 1, 1, 'JOURNAL_VOUCHER', 'Default JOURNAL VOUCHER', 'JV/26-27/', '', 1, 4, 'financial_year', 1, 1, NULL, 2, 2, '2026-05-06 08:33:37', '2026-05-08 04:44:02'),
(43, 1, 1, 1, 1, 'CONTRA_VOUCHER', 'Default CONTRA VOUCHER', 'CV/26-27/', '', 1, 4, 'financial_year', 1, 1, NULL, 2, 2, '2026-05-06 08:33:37', '2026-05-08 04:45:13'),
(44, 1, 1, 1, 1, 'PAYSLIP', 'Default PAYSLIP', 'PS/26-27/', '', 1, 4, 'financial_year', 1, 1, NULL, 2, 2, '2026-05-06 08:33:37', '2026-05-08 04:42:03'),
(45, 1, NULL, NULL, 1, 'DELIVERY_CHALLAN', 'RETURNABLE DELIVERY CHALLAN', 'RDC/26-27/', NULL, 3, 4, 'financial_year', 0, 1, NULL, NULL, NULL, '2026-05-29 11:37:03', '2026-05-29 12:03:30');;

INSERT INTO `document_tax_lines` (`id`, `company_id`, `branch_id`, `location_id`, `financial_year_id`, `document_module`, `document_table`, `document_id`, `document_no`, `document_date`, `line_table`, `line_id`, `item_id`, `tax_code_id`, `hsn_sac_code`, `taxable_amount`, `cgst_percent`, `cgst_amount`, `sgst_percent`, `sgst_amount`, `igst_percent`, `igst_amount`, `cess_percent`, `cess_amount`, `tax_application`, `reverse_charge_applicable`, `input_tax_credit_allowed`, `created_at`) VALUES
(2, 1, 1, 1, 1, 'sales', 'sales_invoices', 1, 'SI/26-27/0001', '2026-05-26', 'sales_invoice_lines', 1, 4, 4, '853110', 1000.00, 9.0000, 90.00, 9.0000, 90.00, 0.0000, 0.00, 0.0000, 0.00, 'cgst_sgst', 0, 0, '2026-05-26 11:48:33'),
(4, 1, 1, 1, 1, 'sales', 'sales_invoices', 2, 'SI/26-27/0002', '2026-05-26', 'sales_invoice_lines', 2, 31, 4, NULL, 1000.00, 9.0000, 90.00, 9.0000, 90.00, 0.0000, 0.00, 0.0000, 0.00, 'cgst_sgst', 0, 0, '2026-05-26 12:43:22'),
(7, 1, 1, 1, 1, 'sales', 'sales_returns', 1, 'SRT/26-27/0001', '2026-05-26', 'sales_return_lines', 2, 4, 4, '853110', 1000.00, 9.0000, 90.00, 9.0000, 90.00, 0.0000, 0.00, 0.0000, 0.00, 'cgst_sgst', 0, 0, '2026-05-27 05:05:12'),
(9, 1, 1, 1, 1, 'sales', 'sales_invoices', 3, 'SI/26-27/0003', '2026-04-02', 'sales_invoice_lines', 3, 6, 4, '38101010', 1240.00, 9.0000, 111.60, 9.0000, 111.60, 0.0000, 0.00, 0.0000, 0.00, 'cgst_sgst', 0, 0, '2026-05-28 09:38:05'),
(15, 1, 1, 1, 1, 'sales', 'sales_invoices', 4, 'SI/26-27/0004', '2026-05-28', 'sales_invoice_lines', 4, 4, 4, '853110', 4500.00, 9.0000, 405.00, 9.0000, 405.00, 0.0000, 0.00, 0.0000, 0.00, 'cgst_sgst', 0, 0, '2026-05-28 10:08:49'),
(16, 1, 1, 1, 1, 'sales', 'sales_invoices', 4, 'SI/26-27/0004', '2026-05-28', 'sales_invoice_lines', 5, 4, 4, '853110', 4500.00, 9.0000, 405.00, 9.0000, 405.00, 0.0000, 0.00, 0.0000, 0.00, 'cgst_sgst', 0, 0, '2026-05-28 10:08:49'),
(17, 1, 1, 1, 1, 'sales', 'sales_invoices', 4, 'SI/26-27/0004', '2026-05-28', 'sales_invoice_lines', 6, 4, 4, '853110', 4500.00, 9.0000, 405.00, 9.0000, 405.00, 0.0000, 0.00, 0.0000, 0.00, 'cgst_sgst', 0, 0, '2026-05-28 10:08:49'),
(18, 1, 1, 1, 1, 'sales', 'sales_invoices', 4, 'SI/26-27/0004', '2026-05-28', 'sales_invoice_lines', 7, 4, 4, '853110', 4500.00, 9.0000, 405.00, 9.0000, 405.00, 0.0000, 0.00, 0.0000, 0.00, 'cgst_sgst', 0, 0, '2026-05-28 10:08:49'),
(19, 1, 1, 1, 1, 'sales', 'sales_invoices', 4, 'SI/26-27/0004', '2026-05-28', 'sales_invoice_lines', 8, 4, 4, '853110', 4500.00, 9.0000, 405.00, 9.0000, 405.00, 0.0000, 0.00, 0.0000, 0.00, 'cgst_sgst', 0, 0, '2026-05-28 10:08:49'),
(21, 1, 1, 1, 1, 'sales', 'sales_invoices', 5, 'SI/26-27/0005', '2026-05-28', 'sales_invoice_lines', 9, 7, 4, '85340000', 900.00, 0.0000, 0.00, 0.0000, 0.00, 18.0000, 162.00, 0.0000, 0.00, 'igst', 0, 0, '2026-05-28 11:45:59'),
(24, 1, 1, 1, 1, 'sales', 'sales_invoices', 7, 'SI/26-27/0007', '2026-04-03', 'sales_invoice_lines', 11, 3, 4, '91091010', 4508.47, 9.0000, 405.76, 9.0000, 405.76, 0.0000, 0.00, 0.0000, 0.00, 'cgst_sgst', 0, 0, '2026-05-29 05:44:34'),
(27, 1, 1, 1, 1, 'sales', 'sales_invoices', 8, 'SI/26-27/0008', '2026-04-04', 'sales_invoice_lines', 13, 3, 4, '91091010', 8813.56, 9.0000, 793.22, 9.0000, 793.22, 0.0000, 0.00, 0.0000, 0.00, 'cgst_sgst', 0, 0, '2026-05-29 06:40:26'),
(29, 1, 1, 1, 1, 'sales', 'sales_invoices', 6, 'SI/26-27/0006', '2026-05-02', 'sales_invoice_lines', 14, 3, 4, '91091010', 7500.00, 0.0000, 0.00, 0.0000, 0.00, 18.0000, 1350.00, 0.0000, 0.00, 'igst', 0, 0, '2026-05-29 07:00:26'),
(32, 1, 1, 1, 1, 'sales', 'sales_invoices', 9, 'SI/26-27/0009', '2026-05-29', 'sales_invoice_lines', 16, 3, 4, '91091010', 7500.00, 0.0000, 0.00, 0.0000, 0.00, 18.0000, 1350.00, 0.0000, 0.00, 'igst', 0, 0, '2026-05-29 07:31:59'),
(35, 1, 1, 1, 1, 'sales', 'sales_invoices', 10, 'SI/26-27/0010', '2026-05-29', 'sales_invoice_lines', 18, 3, 4, '91091010', 7500.00, 9.0000, 675.00, 9.0000, 675.00, 0.0000, 0.00, 0.0000, 0.00, 'cgst_sgst', 0, 0, '2026-05-29 08:48:11'),
(38, 1, 1, 1, 1, 'sales', 'sales_invoices', 11, 'SI/26-27/0011', '2026-05-29', 'sales_invoice_lines', 20, 3, 4, '91091010', 7500.00, 9.0000, 675.00, 9.0000, 675.00, 0.0000, 0.00, 0.0000, 0.00, 'cgst_sgst', 0, 0, '2026-05-29 08:49:22'),
(46, 1, 1, 1, 1, 'purchase', 'purchase_invoices', 2, 'PI/26-27/0002', '2026-05-29', 'purchase_invoice_lines', 6, 35, 2, '88073020', 16876.19, 0.0000, 0.00, 0.0000, 0.00, 5.0000, 843.81, 0.0000, 0.00, 'igst', 0, 1, '2026-05-29 10:12:15'),
(47, 1, 1, 1, 1, 'purchase', 'purchase_invoices', 2, 'PI/26-27/0002', '2026-05-29', 'purchase_invoice_lines', 7, 33, 4, '996819', 83.90, 0.0000, 0.00, 0.0000, 0.00, 18.0000, 15.10, 0.0000, 0.00, 'igst', 0, 1, '2026-05-29 10:12:15'),
(48, 1, 1, 1, 1, 'purchase', 'purchase_invoices', 1, 'PI/26-27/0001', '2026-05-29', 'purchase_invoice_lines', 3, 7, 4, '85340000', 600.00, 0.0000, 0.00, 0.0000, 0.00, 18.0000, 108.00, 0.0000, 0.00, 'igst', 0, 1, '2026-05-29 10:33:55'),
(51, 1, 1, 1, 1, 'sales', 'sales_invoices', 12, 'SI/26-27/0012', '2026-05-29', 'sales_invoice_lines', 22, 3, 4, '91091010', 7500.00, 9.0000, 675.00, 9.0000, 675.00, 0.0000, 0.00, 0.0000, 0.00, 'cgst_sgst', 0, 0, '2026-05-29 11:09:45'),
(54, 1, 1, 1, 1, 'sales', 'sales_returns', 2, 'SRT/26-27/0002', '2026-05-29', 'sales_return_lines', 4, 7, 4, '85340000', 900.00, 0.0000, 0.00, 0.0000, 0.00, 18.0000, 162.00, 0.0000, 0.00, 'igst', 0, 0, '2026-05-29 12:24:35'),
(57, 1, 1, 1, 1, 'purchase', 'purchase_invoices', 3, 'PI/26-27/0003', '2026-05-29', 'purchase_invoice_lines', 8, 35, 4, '88073020', 4500.00, 9.0000, 405.00, 9.0000, 405.00, 0.0000, 0.00, 0.0000, 0.00, 'cgst_sgst', 0, 1, '2026-05-29 12:45:03'),
(58, 1, 1, 1, 1, 'purchase', 'purchase_invoices', 3, 'PI/26-27/0003', '2026-05-29', 'purchase_invoice_lines', 9, 32, 4, '996819', 50.00, 9.0000, 4.50, 9.0000, 4.50, 0.0000, 0.00, 0.0000, 0.00, 'cgst_sgst', 0, 1, '2026-05-29 12:45:03'),
(60, 1, 1, 1, 1, 'sales', 'sales_invoices', 13, 'SI/26-27/0013', '2026-05-30', 'sales_invoice_lines', 23, 3, 4, '91091010', 15000.00, 9.0000, 1350.00, 9.0000, 1350.00, 0.0000, 0.00, 0.0000, 0.00, 'cgst_sgst', 0, 0, '2026-05-30 06:29:13'),
(63, 1, 1, 1, 1, 'sales', 'sales_invoices', 14, 'SI/26-27/0014', '2026-05-30', 'sales_invoice_lines', 25, 3, 4, '91091010', 7500.00, 0.0000, 0.00, 0.0000, 0.00, 18.0000, 1350.00, 0.0000, 0.00, 'igst', 0, 0, '2026-05-30 06:36:54'),
(65, 1, 1, 1, 1, 'sales', 'sales_invoices', 15, 'SI/26-27/0015', '2026-05-30', 'sales_invoice_lines', 26, 3, 4, '91091010', 7500.00, 9.0000, 675.00, 9.0000, 675.00, 0.0000, 0.00, 0.0000, 0.00, 'cgst_sgst', 0, 0, '2026-05-30 06:45:00'),
(67, 1, 1, 1, 1, 'sales', 'sales_invoices', 16, 'SI/26-27/0016', '2026-05-30', 'sales_invoice_lines', 27, 3, 4, '91091010', 7500.00, 9.0000, 675.00, 9.0000, 675.00, 0.0000, 0.00, 0.0000, 0.00, 'cgst_sgst', 0, 0, '2026-05-30 06:47:48'),
(69, 1, 1, 1, 1, 'sales', 'sales_invoices', 17, 'SI/26-27/0017', '2026-05-30', 'sales_invoice_lines', 28, 4, NULL, '853110', 45000.00, 0.0000, 0.00, 0.0000, 0.00, 0.0000, 0.00, 0.0000, 0.00, 'igst', 0, 0, '2026-05-30 09:16:58'),
(71, 1, 1, 1, 1, 'sales', 'sales_returns', 3, 'SRT/26-27/0003', '2026-05-30', 'sales_return_lines', 5, 4, 4, '853110', 45000.00, 0.0000, 0.00, 0.0000, 0.00, 0.0000, 0.00, 0.0000, 0.00, 'igst', 0, 0, '2026-05-30 09:17:52'),
(73, 1, 1, 1, 1, 'sales', 'sales_invoices', 18, 'SI/26-27/0018', '2026-05-30', 'sales_invoice_lines', 29, 4, NULL, '853110', 45000.00, 0.0000, 0.00, 0.0000, 0.00, 0.0000, 0.00, 0.0000, 0.00, 'cgst_sgst', 0, 0, '2026-05-30 09:31:48'),
(75, 1, 1, 1, 1, 'sales', 'sales_invoices', 19, 'SI/26-27/0019', '2026-05-30', 'sales_invoice_lines', 30, 4, NULL, '853110', 90000.00, 0.0000, 0.00, 0.0000, 0.00, 0.0000, 0.00, 0.0000, 0.00, 'igst', 0, 0, '2026-05-30 09:33:34'),
(77, 1, 1, 1, 1, 'sales', 'sales_returns', 4, 'SRT/26-27/0004', '2026-05-30', 'sales_return_lines', 6, 4, 4, '853110', 90000.00, 0.0000, 0.00, 0.0000, 0.00, 0.0000, 0.00, 0.0000, 0.00, 'igst', 0, 0, '2026-05-30 09:36:27'),
(80, 1, 1, 1, 1, 'purchase', 'purchase_invoices', 4, 'PI/26-27/0004', '2026-05-30', 'purchase_invoice_lines', 11, 35, 4, '88073020', 72000.00, 9.0000, 6480.00, 9.0000, 6480.00, 0.0000, 0.00, 0.0000, 0.00, 'cgst_sgst', 0, 1, '2026-05-30 10:02:13'),
(82, 1, 1, 1, 1, 'purchase', 'purchase_returns', 1, 'PRT/26-27/0001', '2026-05-30', 'purchase_return_lines', 1, 35, 4, '88073020', 72000.00, 0.0000, 0.00, 0.0000, 0.00, 0.0000, 0.00, 0.0000, 0.00, 'cgst_sgst', 0, 1, '2026-05-30 10:26:23'),
(84, 1, 1, 1, 1, 'sales', 'sales_invoices', 20, 'SI/26-27/0020', '2026-05-30', 'sales_invoice_lines', 31, 4, 4, '853110', 4500.00, 9.0000, 405.00, 9.0000, 405.00, 0.0000, 0.00, 0.0000, 0.00, 'cgst_sgst', 0, 0, '2026-05-30 11:19:42'),
(86, 1, 1, 1, 1, 'purchase', 'purchase_invoices', 5, 'PI/26-27/0005', '2026-05-02', 'purchase_invoice_lines', 12, 35, 4, '88073020', 1350.00, 9.0000, 121.50, 9.0000, 121.50, 0.0000, 0.00, 0.0000, 0.00, 'cgst_sgst', 0, 1, '2026-05-30 12:34:56'),
(89, 1, 1, 1, 1, 'sales', 'sales_invoices', 21, 'SI/26-27/0021', '2026-06-01', 'sales_invoice_lines', 33, 3, 4, '91091010', 7500.00, 9.0000, 675.00, 9.0000, 675.00, 0.0000, 0.00, 0.0000, 0.00, 'cgst_sgst', 0, 0, '2026-06-01 10:02:38'),
(91, 1, 1, 1, 1, 'purchase', 'purchase_invoices', 6, 'PI/26-27/0006', '2026-06-01', 'purchase_invoice_lines', 14, 36, 4, NULL, 10759.00, 9.0000, 968.31, 9.0000, 968.31, 0.0000, 0.00, 0.0000, 0.00, 'cgst_sgst', 0, 1, '2026-06-01 12:27:01');;

INSERT INTO `email_module_settings` (`id`, `company_id`, `module`, `document_type`, `auto_email_enabled`, `manual_email_enabled`, `is_active`, `remarks`, `created_by`, `updated_by`, `created_at`, `updated_at`) VALUES
(1, NULL, 'sales', NULL, 1, 1, 1, 'Sales module communication control', NULL, NULL, '2026-05-05 11:01:43', '2026-05-05 11:01:43'),
(2, NULL, 'purchase', NULL, 1, 1, 1, 'Purchase module communication control', NULL, NULL, '2026-05-05 11:01:43', '2026-05-05 11:01:43'),
(3, NULL, 'accounts', NULL, 1, 1, 1, 'Accounts module communication control', NULL, NULL, '2026-05-05 11:01:43', '2026-05-05 11:01:43'),
(4, NULL, 'inventory', NULL, 1, 1, 1, 'Inventory module communication control', NULL, NULL, '2026-05-05 11:01:43', '2026-05-05 11:01:43'),
(5, NULL, 'hr', NULL, 1, 1, 1, 'HR module communication control', NULL, NULL, '2026-05-05 11:01:43', '2026-05-05 11:01:43'),
(6, NULL, 'crm', NULL, 1, 1, 1, 'CRM module communication control', NULL, NULL, '2026-05-05 11:01:43', '2026-05-05 11:01:43'),
(7, NULL, 'service', NULL, 1, 1, 1, 'Service and support module communication control', NULL, NULL, '2026-05-05 11:01:43', '2026-05-05 11:01:43'),
(8, NULL, 'manufacturing', NULL, 1, 1, 1, 'Manufacturing module communication control', NULL, NULL, '2026-05-05 11:01:43', '2026-05-05 11:01:43'),
(9, NULL, 'asset', NULL, 1, 1, 1, 'Asset module communication control', NULL, NULL, '2026-05-05 11:01:43', '2026-05-05 11:01:43'),
(10, NULL, 'project', NULL, 1, 1, 1, 'Project module communication control', NULL, NULL, '2026-05-05 11:01:43', '2026-05-05 11:01:43');;

INSERT INTO `email_rules` (`id`, `company_id`, `rule_code`, `rule_name`, `module`, `document_type`, `event_code`, `template_id`, `auto_enabled`, `manual_enabled`, `send_to_party_email`, `send_to_contact_email`, `send_to_assigned_user`, `send_to_owner_user`, `recipient_emails`, `cc_emails`, `bcc_emails`, `subject_override`, `body_override`, `is_active`, `created_by`, `updated_by`, `created_at`, `updated_at`) VALUES
(1, NULL, 'RULE_SALES_QUOTATION_SENT', 'Quotation sent to customer', 'sales', 'sales_quotation', 'quotation_sent', 1, 1, 1, 1, 1, 0, 0, NULL, NULL, NULL, NULL, NULL, 1, NULL, NULL, '2026-05-05 11:01:43', '2026-05-05 11:01:43'),
(2, NULL, 'RULE_SALES_INVOICE_POSTED', 'Sales invoice posted to customer', 'sales', 'sales_invoice', 'sales_invoice_posted', 2, 1, 1, 1, 1, 0, 0, NULL, NULL, NULL, NULL, NULL, 1, NULL, NULL, '2026-05-05 11:01:43', '2026-05-05 11:01:43'),
(3, NULL, 'RULE_PURCHASE_ORDER_CONFIRMED', 'Purchase order confirmed to supplier', 'purchase', 'purchase_order', 'purchase_order_confirmed', 3, 1, 1, 1, 1, 0, 0, NULL, NULL, NULL, NULL, NULL, 1, NULL, NULL, '2026-05-05 11:01:43', '2026-05-05 11:01:43'),
(4, NULL, 'RULE_PURCHASE_INVOICE_POSTED', 'Purchase invoice posted to supplier', 'purchase', 'purchase_invoice', 'purchase_invoice_posted', 4, 1, 1, 1, 1, 0, 0, NULL, NULL, NULL, NULL, NULL, 1, NULL, NULL, '2026-05-05 11:01:43', '2026-05-05 11:01:43'),
(5, NULL, 'RULE_SERVICE_TICKET_CREATED', 'Service ticket auto reply', 'service', 'service_ticket', 'service_ticket_created', 5, 1, 1, 1, 0, 1, 0, NULL, NULL, NULL, NULL, NULL, 1, NULL, NULL, '2026-05-05 11:01:43', '2026-05-05 11:01:43'),
(6, NULL, 'RULE_LEAVE_REQUEST_SUBMITTED', 'Leave request submitted notification', 'hr', 'leave_request', 'leave_request_submitted', 6, 1, 1, 0, 0, 0, 1, NULL, NULL, NULL, NULL, NULL, 1, NULL, NULL, '2026-05-05 11:01:43', '2026-05-05 11:01:43'),
(7, NULL, 'RULE_LEAVE_REQUEST_APPROVED', 'Leave request approved notification', 'hr', 'leave_request', 'leave_request_approved', 7, 1, 1, 0, 0, 0, 1, NULL, NULL, NULL, NULL, NULL, 1, NULL, NULL, '2026-05-05 11:01:43', '2026-05-05 11:01:43'),
(8, NULL, 'RULE_PAYSLIP_GENERATED', 'Payslip generated notification', 'hr', 'payslip', 'payslip_generated', 8, 1, 1, 0, 0, 0, 1, NULL, NULL, NULL, NULL, NULL, 1, NULL, NULL, '2026-05-05 11:01:43', '2026-05-05 11:01:43');;

INSERT INTO `email_settings` (`id`, `company_id`, `setting_name`, `mail_driver`, `from_name`, `from_email`, `reply_to_email`, `smtp_host`, `smtp_port`, `smtp_encryption`, `smtp_username`, `smtp_password`, `auto_email_enabled`, `is_default`, `is_active`, `created_by`, `updated_by`, `created_at`, `updated_at`) VALUES
(1, NULL, 'System Default Mail', 'log', 'Billing ERP', 'noreply@example.com', NULL, NULL, NULL, NULL, NULL, NULL, 1, 1, 1, NULL, NULL, '2026-05-05 11:01:43', '2026-05-05 11:01:43');;

INSERT INTO `email_templates` (`id`, `company_id`, `template_code`, `template_name`, `module`, `document_type`, `event_code`, `subject_template`, `body_template`, `is_html`, `is_active`, `created_by`, `updated_by`, `created_at`, `updated_at`) VALUES
(1, NULL, 'SALES_QUOTATION_SENT', 'Sales Quotation Sent', 'sales', 'sales_quotation', 'quotation_sent', 'Quotation {{document_no}} from Billing ERP', '<p>Dear {{party_name}},</p><p>Your quotation <strong>{{document_no}}</strong> dated {{document_date}} is ready.</p><p>Total amount: {{total_amount}}</p>', 1, 1, NULL, NULL, '2026-05-05 11:01:43', '2026-05-05 11:01:43'),
(2, NULL, 'SALES_INVOICE_POSTED', 'Sales Invoice Posted', 'sales', 'sales_invoice', 'sales_invoice_posted', 'Invoice {{document_no}} posted', '<p>Dear {{party_name}},</p><p>Your invoice <strong>{{document_no}}</strong> dated {{document_date}} has been posted.</p><p>Total amount: {{total_amount}}</p>', 1, 1, NULL, NULL, '2026-05-05 11:01:43', '2026-05-05 11:01:43'),
(3, NULL, 'PURCHASE_ORDER_CONFIRMED', 'Purchase Order Confirmed', 'purchase', 'purchase_order', 'purchase_order_confirmed', 'Purchase Order {{document_no}} confirmed', '<p>Dear {{party_name}},</p><p>Purchase order <strong>{{document_no}}</strong> dated {{document_date}} has been confirmed.</p><p>Total amount: {{total_amount}}</p>', 1, 1, NULL, NULL, '2026-05-05 11:01:43', '2026-05-05 11:01:43'),
(4, NULL, 'PURCHASE_INVOICE_POSTED', 'Purchase Invoice Posted', 'purchase', 'purchase_invoice', 'purchase_invoice_posted', 'Purchase Invoice {{document_no}} booked', '<p>Dear {{party_name}},</p><p>Purchase invoice <strong>{{document_no}}</strong> dated {{document_date}} has been booked.</p><p>Total amount: {{total_amount}}</p>', 1, 1, NULL, NULL, '2026-05-05 11:01:43', '2026-05-05 11:01:43'),
(5, NULL, 'SERVICE_TICKET_CREATED', 'Service Ticket Created', 'service', 'service_ticket', 'service_ticket_created', 'Service ticket {{document_no}} created', '<p>Hello,</p><p>Service ticket <strong>{{document_no}}</strong> has been created.</p><p>Issue: {{issue_title}}</p>', 1, 1, NULL, NULL, '2026-05-05 11:01:43', '2026-05-05 11:01:43'),
(6, NULL, 'LEAVE_REQUEST_SUBMITTED', 'Leave Request Submitted', 'hr', 'leave_request', 'leave_request_submitted', 'Leave request submitted', '<p>Hello,</p><p>A leave request has been submitted.</p><p>Status: {{status}}</p><p>Notes: {{notes}}</p>', 1, 1, NULL, NULL, '2026-05-05 11:01:43', '2026-05-05 11:01:43'),
(7, NULL, 'LEAVE_REQUEST_APPROVED', 'Leave Request Approved', 'hr', 'leave_request', 'leave_request_approved', 'Leave request approved', '<p>Hello,</p><p>Your leave request has been approved.</p><p>Status: {{status}}</p></p>', 1, 1, NULL, NULL, '2026-05-05 11:01:43', '2026-05-05 11:01:43'),
(8, NULL, 'PAYSLIP_GENERATED', 'Payslip Generated', 'hr', 'payslip', 'payslip_generated', 'Payslip {{document_no}} generated', '<p>Hello,</p><p>Your payslip <strong>{{document_no}}</strong> has been generated.</p><p>Net salary: {{total_amount}}</p>', 1, 1, NULL, NULL, '2026-05-05 11:01:43', '2026-05-05 11:01:43');;

INSERT INTO `employees` (`id`, `company_id`, `employee_code`, `employee_name`, `department_id`, `designation_id`, `mobile`, `email`, `joining_date`, `relieving_date`, `employment_type`, `status`, `salary_mode`, `bank_account_no`, `ifsc_code`, `profile_photo_path`, `esi_no`, `pf_uan_no`, `pf_account_no`, `passport_no`, `passport_issue_date`, `passport_expiry_date`, `passport_place_of_issue`, `personal_insurance_provider`, `personal_insurance_policy_no`, `personal_insurance_amount`, `company_insurance_provider`, `company_insurance_policy_no`, `company_insurance_amount`, `cost_center_id`, `created_at`) VALUES
(4, 1, 'EMP/00001', 'Pavithra L', 2, 17, '9345769647', 'pavithral@sakthicontroller.com', '2026-03-06', NULL, 'trainee', 'active', 'monthly', '6860015527', 'IDIB000D003', NULL, '5138293153', '102309890067', '102309890067', NULL, NULL, NULL, NULL, NULL, NULL, NULL, NULL, NULL, NULL, NULL, '2026-05-07 08:50:49'),
(5, 1, 'EMP/00002', 'Gokul M', 10, 16, '9344109615', 'gokulm@sakthicontroller.com', '2024-11-20', NULL, 'permanent', 'active', 'monthly', '924010066953856', 'UTIB0003451', NULL, '5136862338', '102148154021', '102148154021', NULL, NULL, NULL, NULL, NULL, NULL, NULL, NULL, NULL, NULL, NULL, '2026-05-07 08:57:34'),
(6, 1, 'EMP/00003', 'Rithish B', 6, 14, '9361486176', 'rithishbm2004@gmail.com', '2025-04-15', NULL, 'permanent', 'active', 'monthly', '42558591904', 'SBIN0007126', NULL, '5135139837', '102000550826', '102000550826', NULL, NULL, NULL, NULL, NULL, NULL, NULL, NULL, NULL, NULL, NULL, '2026-05-07 09:49:08'),
(7, 1, 'EMP/00004', 'Pooja S', 10, 18, '6374913971', 'poojas@sakthicontroller.com', '2026-03-02', NULL, 'trainee', 'active', 'monthly', '7377651635', 'IDIB0004198', NULL, '5138293214', '102308135609', '102308135609', NULL, NULL, NULL, NULL, NULL, NULL, NULL, NULL, NULL, NULL, NULL, '2026-05-07 09:49:18'),
(8, 1, 'EMP/00005', 'Meena Muruganantham', 6, 14, '7449061947', 'meena.v7449@gmail.com', '2025-07-15', NULL, 'permanent', 'active', 'monthly', '032100050311998', 'BZHPV9768D', NULL, '5137634041', '102231792177', '102231792177', NULL, NULL, NULL, NULL, NULL, NULL, NULL, NULL, NULL, NULL, NULL, '2026-05-07 09:50:42'),
(9, 1, 'EMP/00006', 'Balaji Velan', 13, 15, '9994238228', 'balaji@sakthicontroller.com', '2023-09-25', NULL, 'permanent', 'active', 'monthly', '922010063693562', 'UTIB0002823', NULL, '5136656674', '101206940033', '101206940033', NULL, NULL, NULL, NULL, NULL, NULL, NULL, NULL, NULL, NULL, NULL, '2026-05-07 09:51:15'),
(10, 1, 'EMP/00007', 'Vijayaragav L.G', 12, 12, '9043162339', 'vijayaragav@sakthicontroller.com', '2025-09-15', NULL, 'permanent', 'active', 'monthly', '1788155000038891', 'KVBL0001788', NULL, '5137975109', '102251759575', '102251759575', NULL, NULL, NULL, NULL, NULL, NULL, NULL, NULL, NULL, NULL, NULL, '2026-05-07 09:52:00'),
(11, 1, 'EMP/00008', 'Dinesh Kumar S', 6, 14, '9344360234', 'kumarlskumarls@gmail.com', '2024-02-02', NULL, 'permanent', 'active', 'monthly', '923010058893279', 'UTIBB0002823', NULL, '5136662046', '100441996970', '100441996970', NULL, NULL, NULL, NULL, NULL, NULL, NULL, NULL, NULL, NULL, NULL, '2026-05-07 09:52:29'),
(12, 1, 'EMP/00009', 'Mithra S', 11, 13, '9597773302', 'mithra@sakthicontroller.com', '2023-01-19', NULL, 'permanent', 'active', 'monthly', '1737155000028382', 'KVBL0001737', NULL, '51366656302', '102126998361', '102126998361', NULL, NULL, NULL, NULL, NULL, NULL, NULL, NULL, NULL, NULL, NULL, '2026-05-07 09:52:45'),
(13, 1, 'EMP/00010', 'Balaji P', 12, 12, '7010653789', 'balajip@sakthicontroller.com', '2025-09-01', NULL, 'permanent', 'active', 'monthly', '7132874048', 'IDIB000P236', NULL, '5137777771', '102242722879', '102242722879', NULL, NULL, NULL, NULL, NULL, NULL, NULL, NULL, NULL, NULL, NULL, '2026-05-07 09:53:00'),
(14, 1, 'EMP/00011', 'Gokul S', 12, 12, '6383551162', 'gokuls@sakthicontroller.com', '2024-09-11', NULL, 'permanent', 'active', 'monthly', '924010049557372', 'UTIB0000523', NULL, '5136661543', '102126998357', '102126998357', NULL, NULL, NULL, NULL, NULL, NULL, NULL, NULL, NULL, NULL, NULL, '2026-05-07 09:54:32'),
(15, 1, 'EMP/00012', 'Siva M', 11, 11, '9442060203', 'siva@sakthicontroller.com', '2023-01-19', NULL, 'permanent', 'active', 'monthly', NULL, NULL, NULL, '5136661631', '102126994739', '102126994739', NULL, NULL, NULL, NULL, NULL, NULL, NULL, NULL, NULL, NULL, NULL, '2026-05-07 09:55:26'),
(16, 1, 'EMP/00013', 'Kamaraj G', 6, 10, '9442677861', 'kamaraj@sakthicontroller.com', '2023-02-01', NULL, 'permanent', 'active', 'monthly', '923010058893305', 'UTIB0002823', NULL, '5136657880', '102126994741', '102126994741', NULL, NULL, NULL, NULL, NULL, NULL, NULL, NULL, NULL, NULL, NULL, '2026-05-07 10:02:46'),
(17, 1, 'EMP/00014', 'Elakkiya Shanmugam', 12, 9, '8608074597', 'elakkiya@sakthicontroller.com', '2024-02-12', NULL, 'permanent', 'active', 'monthly', '923010058892988', 'UTIB0002823', NULL, '5348967026', '101979827561', '101979827561', NULL, NULL, NULL, NULL, NULL, NULL, NULL, NULL, NULL, NULL, NULL, '2026-05-07 10:03:19'),
(18, 1, 'EMP/00015', 'Janarthanam A', 11, 8, '9443023497', 'jana@sakthicontroller.com', '2025-07-15', NULL, 'permanent', 'active', 'monthly', '168010100212434', 'UTIB0004264', NULL, '5136662008', '100944735902', '100944735902', NULL, NULL, NULL, NULL, NULL, NULL, NULL, NULL, NULL, NULL, NULL, '2026-05-07 10:03:48'),
(19, 1, 'EMP/00016', 'Yuvaraj Palani', 3, 19, '7904284246', 'yuvaraj@sakthicontroller.com', '2026-05-04', NULL, 'permanent', 'active', 'monthly', '924010049703025', 'UTIB0003451', NULL, '5136661396', '101339239732', '101339239732', NULL, NULL, NULL, NULL, NULL, NULL, NULL, NULL, NULL, NULL, NULL, '2026-05-08 05:18:37');;

INSERT INTO `employee_accounts` (`id`, `employee_id`, `account_id`, `account_purpose`, `is_default`, `is_active`, `created_at`, `updated_at`) VALUES
(3, 4, 40, 'payable', 1, 1, '2026-05-07 08:50:49', '2026-05-07 08:50:49'),
(4, 4, 41, 'reimbursement', 1, 1, '2026-05-07 08:50:49', '2026-05-07 08:50:49'),
(5, 5, 42, 'payable', 1, 1, '2026-05-07 08:57:34', '2026-05-07 08:57:34'),
(6, 5, 43, 'reimbursement', 1, 1, '2026-05-07 08:57:34', '2026-05-07 08:57:34'),
(7, 6, 44, 'payable', 1, 1, '2026-05-07 09:49:08', '2026-05-07 09:49:08'),
(8, 6, 45, 'reimbursement', 1, 1, '2026-05-07 09:49:08', '2026-05-07 09:49:08'),
(9, 7, 46, 'payable', 1, 1, '2026-05-07 09:49:18', '2026-05-07 09:49:18'),
(10, 7, 47, 'reimbursement', 1, 1, '2026-05-07 09:49:18', '2026-05-07 09:49:18'),
(11, 8, 48, 'payable', 1, 1, '2026-05-07 09:50:42', '2026-05-07 09:50:42'),
(12, 8, 49, 'reimbursement', 1, 1, '2026-05-07 09:50:42', '2026-05-07 09:50:42'),
(13, 9, 50, 'payable', 1, 1, '2026-05-07 09:51:15', '2026-05-07 09:51:15'),
(14, 9, 51, 'reimbursement', 1, 1, '2026-05-07 09:51:15', '2026-05-07 09:51:15'),
(15, 10, 52, 'payable', 1, 1, '2026-05-07 09:52:00', '2026-05-07 09:52:00'),
(16, 10, 53, 'reimbursement', 1, 1, '2026-05-07 09:52:00', '2026-05-07 09:52:00'),
(17, 11, 54, 'payable', 1, 1, '2026-05-07 09:52:29', '2026-05-07 09:52:29'),
(18, 11, 55, 'reimbursement', 1, 1, '2026-05-07 09:52:29', '2026-05-07 09:52:29'),
(19, 12, 56, 'payable', 1, 1, '2026-05-07 09:52:45', '2026-05-07 09:52:45'),
(20, 12, 57, 'reimbursement', 1, 1, '2026-05-07 09:52:45', '2026-05-07 09:52:45'),
(21, 13, 58, 'payable', 1, 1, '2026-05-07 09:53:00', '2026-05-07 09:53:00'),
(22, 13, 59, 'reimbursement', 1, 1, '2026-05-07 09:53:00', '2026-05-07 09:53:00'),
(23, 14, 60, 'payable', 1, 1, '2026-05-07 09:54:32', '2026-05-07 09:54:32'),
(24, 14, 61, 'reimbursement', 1, 1, '2026-05-07 09:54:32', '2026-05-07 09:54:32'),
(25, 15, 62, 'payable', 1, 1, '2026-05-07 09:55:26', '2026-05-07 09:55:26'),
(26, 15, 63, 'reimbursement', 1, 1, '2026-05-07 09:55:26', '2026-05-07 09:55:26'),
(27, 16, 64, 'payable', 1, 1, '2026-05-07 10:02:46', '2026-05-07 10:02:46'),
(28, 16, 65, 'reimbursement', 1, 1, '2026-05-07 10:02:46', '2026-05-07 10:02:46'),
(29, 17, 66, 'payable', 1, 1, '2026-05-07 10:03:19', '2026-05-07 10:03:19'),
(30, 17, 67, 'reimbursement', 1, 1, '2026-05-07 10:03:19', '2026-05-07 10:03:19'),
(31, 18, 68, 'payable', 1, 1, '2026-05-07 10:03:48', '2026-05-07 10:03:48'),
(32, 18, 69, 'reimbursement', 1, 1, '2026-05-07 10:03:48', '2026-05-07 10:03:48'),
(33, 19, 70, 'payable', 1, 1, '2026-05-08 05:18:37', '2026-05-08 05:18:37'),
(34, 19, 71, 'reimbursement', 1, 1, '2026-05-08 05:18:37', '2026-05-08 05:18:37');;

INSERT INTO `employee_addresses` (`id`, `employee_id`, `address_type`, `address_line1`, `address_line2`, `landmark`, `city`, `state_name`, `postal_code`, `country`, `phone_number`, `created_at`, `updated_at`) VALUES
(142, 13, 'permanent', 'No. 121 ,School Street , Kuppathamottur Village ,Ammundi Post ,Sugarmill Via', '', 'Katpadi Taluk ,', 'Vellore', 'Tamil Nadu', '632519', 'India', '7010653789', '2026-05-12 06:48:38', '2026-05-12 06:48:38'),
(145, 14, 'permanent', '2/BA ,Pillaiyar Kovil Street ,Vazhvankundram ,kothamagalam post ,', '', 'K.V Kuppam Taluk ,', 'Vellore', 'Tamil Nadu', '632104', 'Tamil Nadu', '6383551162', '2026-05-12 06:50:16', '2026-05-12 06:50:16'),
(147, 5, 'permanent', '272,Gollamangalam,Guduyatham(tk),', '', '', 'Vellore', 'Tamil Nadu', '635809', 'India', '9344109615', '2026-05-12 06:51:01', '2026-05-12 06:51:01'),
(156, 7, 'permanent', 'No.2/248A,Thiruvalluvar Nagar,Kamarajar Nagar Ariyur', '', '', 'Vellore', 'Tamil Nadu', '632055', 'India', '6374913979', '2026-05-12 06:57:13', '2026-05-12 06:57:13'),
(164, 9, 'permanent', '10, Eswaran Kovil Street, Shenbakkam,', '', '', 'Vellore', 'Tamil Nadu', '632008', 'India', '9994238228', '2026-05-12 07:07:50', '2026-05-12 07:07:50'),
(177, 17, 'permanent', 'No,26/12A3,State Bank Quarters Back Side', '', 'Thermal 4 Roads ,Mettur Dam.', 'SALEM', 'TAMIL NADU', '636201', 'INDIA', '8608074597', '2026-05-12 07:32:48', '2026-05-12 07:32:48'),
(185, 19, 'permanent', '1/20, Chinnakukkndi, M.G.R.Nagar, Arcot(tk),', '', '', 'Ranipet', 'Tamil Nadu', '632503', 'India', '7904284246', '2026-05-13 11:59:27', '2026-05-13 11:59:27'),
(187, 16, 'permanent', '1/215, Eswaran Kovil St, Veppur,', '', 'Visharam(po),', 'Ranipet', 'Tamil Nadu', '632509', 'India', '9442677861', '2026-05-13 12:07:06', '2026-05-13 12:07:06'),
(198, 18, 'permanent', '10/3, Kalainagar St, Pulavar Nagar, Rangapuram,', '', '', 'Vellore', 'Tamil Nadu', '632009', 'India', '8220209026', '2026-05-14 05:19:35', '2026-05-14 05:19:35'),
(205, 12, 'permanent', 'No.73, Phase 3 St, Vaibhav Nagar,  Katpadi', '', 'VIT-Post', 'Vellore', 'Tamil Nadu', '632006', 'India', '9597773302', '2026-05-14 05:22:16', '2026-05-14 05:22:16'),
(213, 11, 'permanent', '1/92 Ramer Kovil Street ,  Mahimandalam ,', '', 'Melpodinathm ,', 'Vellore', 'Tamil Nadu', '632516', 'India', '9344360234', '2026-05-14 05:27:49', '2026-05-14 05:27:49'),
(215, 10, 'permanent', '4/40, Barathiyar St, Arapakkam, Puttuthakku(po),', '', '', 'Raniprt', 'Tamil Nadu', '632517', 'India', '9043162339', '2026-05-14 05:28:59', '2026-05-14 05:28:59'),
(223, 8, 'permanent', '12, Jegajothi Nagar, Rangapuram,Eriyur,', '', '', 'Vellore', 'Tamil Nadu', '632009', 'India', '7449061947', '2026-05-14 05:34:50', '2026-05-14 05:34:50'),
(235, 6, 'permanent', '143, Batti St, Anpoondi Sathiyamangalam(po),', '', '', 'Vellore', 'Tamil Nadu', '632114', 'India', '9361486176', '2026-05-27 06:26:43', '2026-05-27 06:26:43'),
(236, 4, 'permanent', '5/271,Pillayar Kovil Street,Karigiri Post, Sakkarakuttai,Katapadi', '', '', 'Vellore', 'Tamil Nadu', '632106', 'India', '9345769647', '2026-05-27 06:35:30', '2026-05-27 06:35:30');;

INSERT INTO `employee_relations` (`id`, `employee_id`, `relation_name`, `age`, `phone_number`, `relationship`, `created_at`, `updated_at`) VALUES
(339, 13, 'Logeshwaran P', 25, '', 'Brother', '2026-05-12 06:48:38', '2026-05-12 06:48:38'),
(340, 13, 'Panneerselvam', 56, '9442670289', 'Father', '2026-05-12 06:48:38', '2026-05-12 06:48:38'),
(341, 13, 'Sundhari P', 50, '', 'Mother', '2026-05-12 06:48:38', '2026-05-12 06:48:38'),
(350, 14, 'S.Hemanath', 28, '', 'Brother', '2026-05-12 06:50:16', '2026-05-12 06:50:16'),
(351, 14, 'Surendar', 26, '', 'Brother', '2026-05-12 06:50:16', '2026-05-12 06:50:16'),
(352, 14, 'N.Sivakumar', 57, '9786540054', 'Father', '2026-05-12 06:50:16', '2026-05-12 06:50:16'),
(353, 14, 'S.Chitra', 53, '', 'Mother', '2026-05-12 06:50:16', '2026-05-12 06:50:16'),
(357, 5, 'Madhan Kumar', 47, '8668107653', 'Father', '2026-05-12 06:51:01', '2026-05-12 06:51:01'),
(358, 5, 'Radha', 40, '', 'Mother', '2026-05-12 06:51:01', '2026-05-12 06:51:01'),
(359, 5, 'Ramya', 20, '', 'Sister', '2026-05-12 06:51:01', '2026-05-12 06:51:01'),
(372, 7, 'Lakshmi S', 50, '8438109907', 'Mother', '2026-05-12 06:57:13', '2026-05-12 06:57:13'),
(401, 9, 'Reethusri B', 5, '', 'Daughter', '2026-05-12 07:07:50', '2026-05-12 07:07:50'),
(402, 9, 'Muniammal V', 70, '9629017134', 'Mother', '2026-05-12 07:07:50', '2026-05-12 07:07:50'),
(403, 9, 'Varun B', 10, '', 'Son', '2026-05-12 07:07:50', '2026-05-12 07:07:50'),
(404, 9, 'Nandhini B', 27, '', 'Wife', '2026-05-12 07:07:50', '2026-05-12 07:07:50'),
(429, 17, 'Shanmugam M', 56, '9942640832', 'Father', '2026-05-12 07:32:48', '2026-05-12 07:32:48'),
(430, 17, 'Nirmala S', 46, '8667726204', 'Mother', '2026-05-12 07:32:48', '2026-05-12 07:32:48'),
(445, 19, 'Palani S', 60, '9688281313', 'Father', '2026-05-13 11:59:27', '2026-05-13 11:59:27'),
(446, 19, 'Amudha P', 54, '', 'Mother', '2026-05-13 11:59:27', '2026-05-13 11:59:27'),
(450, 16, 'Sundharraj', 21, '', 'Brother', '2026-05-13 12:07:06', '2026-05-13 12:07:06'),
(451, 16, 'Gunasekaran', 51, '7639694640', 'Father', '2026-05-13 12:07:06', '2026-05-13 12:07:06'),
(452, 16, 'Chitra', 46, '', 'Mother', '2026-05-13 12:07:06', '2026-05-13 12:07:06'),
(493, 18, 'Sedhumadhavan A', 45, '', 'Brother', '2026-05-14 05:19:35', '2026-05-14 05:19:35'),
(494, 18, 'Venkatakrishanan', 47, '9886540077', 'Brother', '2026-05-14 05:19:35', '2026-05-14 05:19:35'),
(495, 18, 'Poomani A', 65, '', 'Mother', '2026-05-14 05:19:35', '2026-05-14 05:19:35'),
(496, 18, 'Sharmila C', 40, '', 'Wife', '2026-05-14 05:19:35', '2026-05-14 05:19:35'),
(521, 12, 'Sakthi Priya S', 10, '', 'Daughter', '2026-05-14 05:22:16', '2026-05-14 05:22:16'),
(522, 12, 'Siva M', 41, '9442060203', 'Husband', '2026-05-14 05:22:16', '2026-05-14 05:22:16'),
(523, 12, 'Sankari M', 45, '', 'sister', '2026-05-14 05:22:16', '2026-05-14 05:22:16'),
(524, 12, 'Kavin s', 4, '', 'Son', '2026-05-14 05:22:16', '2026-05-14 05:22:16'),
(553, 11, 'Hamachandar.S', 25, '', 'Brother', '2026-05-14 05:27:49', '2026-05-14 05:27:49'),
(554, 11, 'Sekar.S', 52, '', 'Father', '2026-05-14 05:27:49', '2026-05-14 05:27:49'),
(555, 11, 'Chitra.S', 50, '7639627752', 'Mother', '2026-05-14 05:27:49', '2026-05-14 05:27:49'),
(556, 11, 'Serthiga.S', 18, '', 'Sister', '2026-05-14 05:27:49', '2026-05-14 05:27:49'),
(559, 10, 'Vijayaramana L.G', 22, '', 'Brother', '2026-05-14 05:28:59', '2026-05-14 05:28:59'),
(560, 10, 'Latha V', 52, '9488438390', 'Mother', '2026-05-14 05:28:59', '2026-05-14 05:28:59'),
(582, 8, 'M.RoshiniSri', 3, '', 'Daughter', '2026-05-14 05:34:50', '2026-05-14 05:34:50'),
(583, 8, 'P.Muruganantham', 43, '7449061947', 'Husband', '2026-05-14 05:34:50', '2026-05-14 05:34:50'),
(584, 8, 'M.Karhti Kashav', 5, '', 'Son', '2026-05-14 05:34:50', '2026-05-14 05:34:50'),
(618, 6, 'M.Balasubramani', 58, '9894331681', 'Father', '2026-05-27 06:26:43', '2026-05-27 06:26:43'),
(619, 6, 'Manjula', 48, '', 'Mother', '2026-05-27 06:26:43', '2026-05-27 06:26:43'),
(620, 6, 'B.Samdhiya', 24, '', 'Sister', '2026-05-27 06:26:43', '2026-05-27 06:26:43'),
(621, 4, 'Mohan L', 24, '9360599336', 'Brother', '2026-05-27 06:35:30', '2026-05-27 06:35:30'),
(622, 4, 'Loganathan V', NULL, '8489214637', 'Father', '2026-05-27 06:35:30', '2026-05-27 06:35:30'),
(623, 4, 'Rose L', NULL, '9787878248', 'Mother', '2026-05-27 06:35:30', '2026-05-27 06:35:30');;

INSERT INTO `employee_salary_components` (`id`, `salary_structure_id`, `component_name`, `component_type`, `amount`, `calculation_basis`, `percent_value`, `contribution_role`) VALUES
(102, 56, 'Net Amount', 'earning', 11635.00, 'fixed', NULL, 'employee'),
(103, 56, 'SPL', 'earning', 3107.00, 'fixed', NULL, 'employee'),
(104, 56, 'HRA', 'earning', 3107.00, 'fixed', NULL, 'employee'),
(105, 56, 'ESI', 'earning', 47.00, 'fixed', NULL, 'employee'),
(106, 56, 'PF', 'earning', 745.68, 'fixed', NULL, 'employee'),
(107, 56, 'Gross', 'earning', 12428.00, 'percent_gross', 100.0000, 'employee'),
(108, 56, 'Basic', 'earning', 6214.00, 'percent_basic', 50.0000, 'employee'),
(120, 59, 'SPL', 'earning', 5000.00, 'fixed', NULL, 'employee'),
(121, 59, 'HRA', 'earning', 5000.00, 'fixed', NULL, 'employee'),
(122, 59, 'Net Amount', 'deduction', 18725.00, 'fixed', NULL, 'employee'),
(123, 59, 'ESI', 'deduction', 75.00, 'fixed', NULL, 'employee'),
(124, 59, 'PF', 'deduction', 1200.00, 'fixed', NULL, 'employee'),
(125, 59, 'Gross', 'earning', 20000.00, 'percent_gross', 100.0000, 'employee'),
(126, 59, 'Basic', 'earning', 10000.00, 'percent_basic', 50.0000, 'employee'),
(133, 61, 'SPL', 'earning', 4125.00, 'fixed', NULL, 'employee'),
(134, 61, 'HRA', 'earning', 4125.00, 'fixed', NULL, 'employee'),
(135, 61, 'Net Amount', 'earning', 15448.00, 'fixed', NULL, 'employee'),
(136, 61, 'ESI', 'earning', 62.00, 'fixed', NULL, 'employee'),
(137, 61, 'PF', 'earning', 990.00, 'fixed', NULL, 'employee'),
(138, 61, 'Gross', 'earning', 16500.00, 'percent_gross', 100.0000, 'employee'),
(139, 61, 'Basic', 'earning', 8250.00, 'percent_basic', 50.0000, 'employee'),
(174, 70, 'ESI', 'earning', 45.00, 'fixed', NULL, 'employee'),
(175, 70, 'PF', 'earning', 720.00, 'fixed', NULL, 'employee'),
(176, 70, 'Net Amount', 'earning', 11235.00, 'fixed', NULL, 'employee'),
(177, 70, 'Gross', 'earning', 12000.00, 'percent_gross', 100.0000, 'employee'),
(178, 70, 'SPL', 'earning', 3000.00, 'fixed', NULL, 'employee'),
(179, 70, 'HRA', 'earning', 3000.00, 'fixed', NULL, 'employee'),
(180, 70, 'Basic', 'earning', 6000.00, 'percent_basic', 50.0000, 'employee'),
(199, 78, 'Net Salary', 'earning', 21533.00, 'fixed', NULL, 'employee'),
(200, 78, 'ESI', 'earning', 87.00, 'fixed', NULL, 'employee'),
(201, 78, 'PF', 'earning', 1380.00, 'fixed', NULL, 'employee'),
(202, 78, 'HRA', 'earning', 5750.00, 'fixed', NULL, 'employee'),
(203, 78, 'Gross', 'earning', 23000.00, 'percent_gross', 100.0000, 'employee'),
(204, 78, 'Basic', 'earning', 11500.00, 'percent_basic', 50.0000, 'employee'),
(246, 91, 'Net Amount', 'earning', 26074.00, 'fixed', NULL, 'employee'),
(247, 91, 'ESI', 'earning', 105.00, 'fixed', NULL, 'employee'),
(248, 91, 'PF', 'earning', 1671.00, 'fixed', NULL, 'employee'),
(249, 91, 'SPL', 'earning', 6962.00, 'fixed', NULL, 'employee'),
(250, 91, 'HRA', 'earning', 6963.00, 'fixed', NULL, 'employee'),
(251, 91, 'Gross', 'earning', 27850.00, 'percent_gross', 100.0000, 'employee'),
(252, 91, 'Basic', 'earning', 13925.00, 'percent_basic', 50.0000, 'employee'),
(274, 99, 'Net Amount', 'earning', 28087.00, 'fixed', NULL, 'employee'),
(275, 99, 'ESI', 'earning', 113.00, 'fixed', NULL, 'employee'),
(276, 99, 'PF', 'earning', 1800.00, 'fixed', NULL, 'employee'),
(277, 99, 'SPL', 'earning', 7500.00, 'fixed', NULL, 'employee'),
(278, 99, 'HRA', 'earning', 7500.00, 'fixed', NULL, 'employee'),
(279, 99, 'Gross', 'earning', 30000.00, 'percent_gross', 100.0000, 'employee'),
(280, 99, 'Basic', 'earning', 15000.00, 'percent_basic', 50.0000, 'employee'),
(287, 101, 'HRA', 'earning', 6250.00, 'fixed', NULL, 'employee'),
(288, 101, 'SPL', 'earning', 6250.00, 'fixed', NULL, 'employee'),
(289, 101, 'Net Amount', 'earning', 23406.00, 'fixed', NULL, 'employee'),
(290, 101, 'ESI', 'earning', 94.00, 'fixed', NULL, 'employee'),
(291, 101, 'PF', 'earning', 1500.00, 'fixed', NULL, 'employee'),
(292, 101, 'Gross', 'earning', 23406.00, 'percent_gross', 100.0000, 'employee'),
(293, 101, 'Basic', 'earning', 12500.00, 'percent_basic', 50.0000, 'employee'),
(322, 112, 'Net Amount', 'earning', 22083.00, 'fixed', NULL, 'employee'),
(323, 112, 'ESI', 'earning', 89.00, 'fixed', NULL, 'employee'),
(324, 112, 'PF', 'earning', 1415.28, 'fixed', NULL, 'employee'),
(325, 112, 'SPL', 'earning', 5896.00, 'fixed', NULL, 'employee'),
(326, 112, 'HRA', 'earning', 5897.00, 'fixed', NULL, 'employee'),
(327, 112, 'Gross', 'earning', 23587.00, 'percent_gross', 100.0000, 'employee'),
(328, 112, 'Basic', 'earning', 11794.00, 'percent_basic', 50.0000, 'employee'),
(350, 119, 'Gross', 'earning', 30000.00, 'percent_gross', 100.0000, 'employee'),
(351, 119, 'Net Amount', 'earning', 28087.00, 'fixed', NULL, 'employee'),
(352, 119, 'ESI', 'earning', 113.00, 'fixed', NULL, 'employee'),
(353, 119, 'PF', 'earning', 1800.00, 'fixed', NULL, 'employee'),
(354, 119, 'SPL', 'earning', 7500.00, 'fixed', NULL, 'employee'),
(355, 119, 'HRA', 'earning', 7500.00, 'fixed', NULL, 'employee'),
(356, 119, 'Basic', 'earning', 15000.00, 'percent_basic', 50.0000, 'employee'),
(378, 127, 'Gross Amount', 'earning', 20076.00, 'fixed', NULL, 'employee'),
(379, 127, 'Net Amount', 'earning', 18795.00, 'fixed', NULL, 'employee'),
(380, 127, 'ESI', 'earning', 76.00, 'fixed', NULL, 'employee'),
(381, 127, 'PF', 'earning', 1204.56, 'fixed', NULL, 'employee'),
(382, 127, 'SPL', 'earning', 5019.00, 'fixed', NULL, 'employee'),
(383, 127, 'HRA', 'earning', 5019.00, 'fixed', NULL, 'employee'),
(384, 127, 'Basic', 'earning', 10038.00, 'percent_basic', 50.0000, 'employee'),
(391, 129, 'ESI', 'earning', 47.00, 'fixed', NULL, 'employee'),
(392, 129, 'PF', 'earning', 745.68, 'fixed', NULL, 'employee'),
(393, 129, 'Net Amount', 'earning', 11635.00, 'fixed', NULL, 'employee'),
(394, 129, 'Gross', 'earning', 12428.00, 'percent_gross', 100.0000, 'employee'),
(395, 129, 'SPL', 'earning', 3107.00, 'fixed', NULL, 'employee'),
(396, 129, 'HRA', 'earning', 3107.00, 'fixed', NULL, 'employee'),
(397, 129, 'Basic', 'earning', 6214.00, 'percent_basic', 50.0000, 'employee'),
(419, 137, 'Gross Amount', 'earning', 16500.00, 'fixed', NULL, 'employee'),
(420, 137, 'Net Amount', 'earning', 15448.00, 'fixed', NULL, 'employee'),
(421, 137, 'PF', 'earning', 990.00, 'fixed', NULL, 'employee'),
(422, 137, 'ESI', 'earning', 62.00, 'fixed', NULL, 'employee'),
(423, 137, 'SPL', 'earning', 4125.00, 'fixed', NULL, 'employee'),
(424, 137, 'HRA', 'earning', 4125.00, 'fixed', NULL, 'employee'),
(425, 137, 'Basic', 'earning', 8250.00, 'percent_basic', 50.0000, 'employee'),
(471, 149, 'Gross Amount', 'earning', 15000.00, 'percent_gross', 100.0000, 'employee'),
(472, 149, 'Net Amount', 'earning', 14043.00, 'fixed', NULL, 'employee'),
(473, 149, 'ESI', 'earning', 57.00, 'fixed', NULL, 'employee'),
(474, 149, 'PF', 'earning', 900.00, 'fixed', NULL, 'employee'),
(475, 149, 'SPL', 'earning', 3750.00, 'fixed', NULL, 'employee'),
(476, 149, 'HRA', 'earning', 3750.00, 'fixed', NULL, 'employee'),
(477, 149, 'Basic', 'earning', 7500.00, 'percent_basic', 50.0000, 'employee'),
(478, 150, 'SPL', 'earning', 3000.00, 'fixed', NULL, 'employee'),
(479, 150, 'HRA', 'earning', 3000.00, 'fixed', NULL, 'employee'),
(480, 150, 'Net Amount', 'earning', 11235.00, 'fixed', NULL, 'employee'),
(481, 150, 'ESI', 'earning', 45.00, 'fixed', NULL, 'employee'),
(482, 150, 'PF', 'earning', 720.00, 'fixed', NULL, 'employee'),
(483, 150, 'Gross', 'earning', 12000.00, 'percent_gross', 100.0000, 'employee'),
(484, 150, 'Basic', 'earning', 6000.00, 'percent_basic', 50.0000, 'employee');;

INSERT INTO `employee_salary_structures` (`id`, `employee_id`, `effective_from`, `basic_salary`, `gross_salary`, `net_salary`, `ctc_monthly`, `is_active`) VALUES
(56, 13, '2026-02-02', 6214.00, 12428.00, 11635.00, 160508.00, 1),
(59, 14, '2026-02-02', 10000.00, 20000.00, 18725.00, NULL, 1),
(61, 5, '2025-11-02', 8250.00, 16500.00, 15448.00, 213108.00, 1),
(70, 7, '2026-04-02', 6000.00, 12000.00, 11235.00, 154980.00, 1),
(78, 9, '2026-02-02', 11500.00, 23000.00, 21533.00, 297048.00, 1),
(91, 17, '2026-02-02', 13925.00, 26074.00, 23406.00, NULL, 1),
(99, 19, '2026-05-04', 15000.00, 30000.00, 28087.00, NULL, 1),
(101, 16, '2026-02-02', 12500.00, 25000.00, 23406.00, NULL, 1),
(112, 18, '2026-03-02', 11794.00, 23587.00, 22083.00, 304635.00, 1),
(119, 12, '2026-04-02', 15000.00, 30000.00, 28087.00, 387456.00, 1),
(127, 11, '2026-04-02', 10038.00, 20076.00, 18795.00, 259291.00, 1),
(129, 10, '2026-02-02', 6214.00, 12428.00, 11635.00, 160508.00, 1),
(137, 8, '2026-04-02', 8250.00, 16500.00, 15448.00, 213108.00, 1),
(149, 6, '2026-04-02', 7500.00, 15000.00, 14043.00, 193728.00, 1),
(150, 4, '2026-04-02', 6000.00, 12000.00, 11235.00, 154980.00, 1);;

INSERT INTO `expense_claims` (`id`, `company_id`, `employee_id`, `claim_no`, `claim_date`, `total_amount`, `claim_status`, `voucher_id`, `reimbursement_voucher_id`, `notes`, `approved_by`, `approved_at`, `reimbursed_by`, `reimbursed_at`, `created_by`, `updated_by`, `created_at`, `updated_at`) VALUES
(1, 1, 5, 'EXP-20260601094604', '2026-06-01', 100.00, 'approved', 73, NULL, NULL, 5, '2026-06-01 09:46:51', NULL, NULL, 5, 5, '2026-06-01 09:46:04', '2026-06-01 09:46:51'),
(2, 1, 5, 'EXP-20260601094730', '2026-06-01', 200.00, 'applied', NULL, NULL, NULL, NULL, NULL, NULL, NULL, 5, 5, '2026-06-01 09:47:30', '2026-06-01 09:47:30');;

INSERT INTO `expense_claim_lines` (`id`, `expense_claim_id`, `line_no`, `expense_date`, `expense_category`, `description`, `amount`, `project_id`, `project_task_id`, `remarks`, `created_at`) VALUES
(1, 1, 1, '2026-06-01', 'food', 'food', 100.00, NULL, NULL, NULL, '2026-06-01 09:46:04'),
(2, 2, 1, '2026-06-01', 'food', 'food', 200.00, NULL, NULL, NULL, '2026-06-01 09:47:30');;

INSERT INTO `financial_years` (`id`, `company_id`, `fy_code`, `fy_name`, `start_date`, `end_date`, `is_current`, `is_locked`, `lock_date`, `is_active`, `remarks`, `created_by`, `updated_by`, `created_at`, `updated_at`) VALUES
(1, 1, 'FY26-27', '2026-2027', '2026-04-01', '2027-03-31', 1, 0, NULL, 1, NULL, 2, 2, '2026-05-06 08:33:37', '2026-05-06 08:33:37');;

INSERT INTO `gst_registrations` (`id`, `company_id`, `branch_id`, `location_id`, `registration_name`, `gstin`, `pan_no`, `state_id`, `state_code`, `legal_name`, `trade_name`, `registration_type`, `effective_from`, `effective_to`, `is_default`, `is_active`, `remarks`, `created_by`, `updated_by`, `created_at`, `updated_at`) VALUES
(1, 1, 1, 1, 'Sakthi Controller OPC Pvt Ltd', '33ABKCS2354K1Z5', 'ABKCS2354K', 31, '33', 'Sakthi Controller OPC Pvt Ltd', 'Sakthi Controller OPC Pvt Ltd', 'regular', '2026-04-01', NULL, 1, 1, NULL, 2, 2, '2026-05-06 08:33:37', '2026-05-06 08:33:37');;

INSERT INTO `gst_tax_rules` (`id`, `rule_code`, `rule_name`, `transaction_type`, `item_type`, `tax_code_id`, `place_of_supply_result`, `tax_application`, `reverse_charge_applicable`, `input_tax_credit_allowed`, `priority_order`, `is_active`, `remarks`, `created_by`, `updated_by`, `created_at`, `updated_at`) VALUES
(1, 'SALE_STOCK_INTRASTATE_GST18', 'Sales Stock Intra GST18', 'sales', 'stock', 4, 'intra_state', 'cgst_sgst', 0, 0, 1, 1, NULL, NULL, NULL, '2026-05-05 11:01:43', '2026-05-05 11:01:43'),
(2, 'SALE_STOCK_INTERSTATE_GST18', 'Sales Stock Inter GST18', 'sales', 'stock', 4, 'inter_state', 'igst', 0, 0, 2, 1, NULL, NULL, NULL, '2026-05-05 11:01:43', '2026-05-05 11:01:43'),
(3, 'SALE_RETURN_STOCK_INTRASTATE_GST18', 'Sales Return Stock Intra GST18', 'sales_return', 'stock', 4, 'intra_state', 'cgst_sgst', 0, 0, 1, 1, NULL, NULL, NULL, '2026-05-05 11:01:43', '2026-05-05 11:01:43'),
(4, 'SALE_RETURN_STOCK_INTERSTATE_GST18', 'Sales Return Stock Inter GST18', 'sales_return', 'stock', 4, 'inter_state', 'igst', 0, 0, 2, 1, NULL, NULL, NULL, '2026-05-05 11:01:43', '2026-05-05 11:01:43'),
(5, 'PUR_STOCK_INTRASTATE_GST18', 'Purchase Stock Intra GST18', 'purchase', 'stock', 4, 'intra_state', 'cgst_sgst', 0, 1, 1, 1, NULL, NULL, NULL, '2026-05-05 11:01:43', '2026-05-05 11:01:43'),
(6, 'PUR_STOCK_INTERSTATE_GST18', 'Purchase Stock Inter GST18', 'purchase', 'stock', 4, 'inter_state', 'igst', 0, 1, 2, 1, NULL, NULL, NULL, '2026-05-05 11:01:43', '2026-05-05 11:01:43'),
(7, 'PUR_RETURN_STOCK_INTRASTATE_GST18', 'Purchase Return Stock Intra GST18', 'purchase_return', 'stock', 4, 'intra_state', 'cgst_sgst', 0, 1, 1, 1, NULL, NULL, NULL, '2026-05-05 11:01:43', '2026-05-05 11:01:43'),
(8, 'PUR_RETURN_STOCK_INTERSTATE_GST18', 'Purchase Return Stock Inter GST18', 'purchase_return', 'stock', 4, 'inter_state', 'igst', 0, 1, 2, 1, NULL, NULL, NULL, '2026-05-05 11:01:43', '2026-05-05 11:01:43'),
(9, 'SALE_SERVICE_INTRASTATE_GST18', 'Sales Service Intra GST18', 'service_sales', 'service', 4, 'intra_state', 'cgst_sgst', 0, 0, 1, 1, NULL, NULL, NULL, '2026-05-05 11:01:43', '2026-05-05 11:01:43'),
(10, 'SALE_SERVICE_INTERSTATE_GST18', 'Sales Service Inter GST18', 'service_sales', 'service', 4, 'inter_state', 'igst', 0, 0, 2, 1, NULL, NULL, NULL, '2026-05-05 11:01:43', '2026-05-05 11:01:43'),
(11, 'PUR_SERVICE_INTRASTATE_GST18', 'Purchase Service Intra GST18', 'service_purchase', 'service', 4, 'intra_state', 'cgst_sgst', 0, 1, 1, 1, NULL, NULL, NULL, '2026-05-05 11:01:43', '2026-05-05 11:01:43'),
(12, 'PUR_SERVICE_INTERSTATE_GST18', 'Purchase Service Inter GST18', 'service_purchase', 'service', 4, 'inter_state', 'igst', 0, 1, 2, 1, NULL, NULL, NULL, '2026-05-05 11:01:43', '2026-05-05 11:01:43');;

INSERT INTO `items` (`id`, `company_id`, `item_code`, `item_name`, `item_name_local`, `item_type`, `category_id`, `brand_id`, `base_uom_id`, `purchase_uom_id`, `sales_uom_id`, `tax_code_id`, `sku`, `barcode`, `hsn_sac_code`, `has_batch`, `has_serial`, `has_expiry`, `track_inventory`, `is_saleable`, `is_purchaseable`, `is_manufacturable`, `is_jobwork_applicable`, `standard_cost`, `standard_selling_price`, `mrp`, `min_stock_level`, `reorder_level`, `reorder_qty`, `weight`, `volume`, `image_path`, `is_active`, `remarks`, `created_by`, `updated_by`, `created_at`, `updated_at`) VALUES
(2, 1, 'MFG/00001', 'HappyBell 2025', NULL, 'manufactured', NULL, 1, 1, 1, 1, 4, NULL, NULL, '91091010', 0, 0, 0, 1, 1, 0, 0, 1, 6600.0000, 7500.0000, 7500.0000, 1.000000, 0.000000, 0.000000, 1.150000, NULL, NULL, 1, NULL, 2, 4, '2026-05-07 11:03:47', '2026-05-29 05:36:07'),
(3, 1, 'MFG/00002', 'HappyBell 2020', NULL, 'manufactured', NULL, NULL, 1, 1, 1, 4, NULL, NULL, '91091010', 0, 0, 0, 1, 1, 0, 0, 1, 6600.0000, 7500.0000, 7500.0000, 0.000000, 0.000000, 0.000000, NULL, NULL, NULL, 1, NULL, 2, 4, '2026-05-07 11:08:59', '2026-05-29 05:36:37'),
(4, 1, 'MFG/00003', 'BELL BOY', NULL, 'manufactured', NULL, 1, 1, 1, 1, 4, NULL, NULL, '853110', 0, 0, 0, 1, 1, 0, 0, 1, 3960.0000, 4500.0000, 4500.0000, 0.000000, 0.000000, 0.000000, NULL, NULL, NULL, 1, NULL, 2, 4, '2026-05-07 11:10:01', '2026-05-29 05:36:26'),
(5, 1, 'MFG/00004', 'BLUESCALE – BLUETOOTH RATION SHOP SCALE', NULL, 'manufactured', NULL, 1, 1, 1, 1, 4, NULL, NULL, '84231000', 0, 0, 0, 1, 1, 0, 0, 0, 1188.0000, 1350.0000, 1350.0000, 0.000000, 0.000000, 0.000000, NULL, NULL, NULL, 1, NULL, 2, 2, '2026-05-07 11:15:42', '2026-05-28 07:36:12'),
(6, 1, 'TRA/00002', 'FLUX', NULL, 'trade', 1, 1, 5, 5, 5, 4, NULL, NULL, '38101010', 0, 0, 0, 1, 1, 0, 0, 0, 272.8000, 310.0000, 310.0000, 0.000000, 0.000000, 0.000000, NULL, NULL, NULL, 1, NULL, 2, 4, '2026-05-07 11:57:56', '2026-05-28 09:36:14'),
(7, 1, 'SFG/00017', '8051 Basic Development Board', '8051 Basic Development Board', 'semi_finished', 2, 1, 2, 1, 1, 4, NULL, NULL, '85340000', 0, 0, 0, 1, 1, 0, 0, 0, 158.4000, 180.0000, 180.0000, 0.000000, 0.000000, 0.000000, 0.300000, NULL, NULL, 1, NULL, 4, 2, '2026-05-15 06:58:03', '2026-05-28 11:05:57'),
(8, 1, 'SFG/00020', 'USB to Isolated TTL – Machine Edition', 'USB to Isolated TTL – Machine Edition', 'semi_finished', 2, 1, 1, 1, 1, 4, NULL, NULL, '85369090', 0, 0, 0, 1, 1, 0, 0, 0, 660.0000, 750.0000, 750.0000, 0.000000, 0.000000, 0.000000, NULL, NULL, NULL, 1, NULL, 4, 2, '2026-05-15 07:02:29', '2026-05-28 11:09:39'),
(9, 1, 'SFG/00022', 'WiFi to Serial Converter', 'WiFi to Serial Converter', 'semi_finished', 2, NULL, 2, 1, 1, 4, NULL, NULL, '85176290', 0, 0, 0, 1, 1, 0, 0, 0, 968.0000, 1100.0000, 1100.0000, 0.000000, 0.000000, 0.000000, NULL, NULL, NULL, 1, NULL, 4, 2, '2026-05-15 07:04:39', '2026-05-28 11:13:45'),
(10, 1, 'SFG/00018', 'Multiport Scale – WiFi/Bluetooth/USB/485', 'Multiport Scale – WiFi/Bluetooth/USB/485', 'semi_finished', 2, 1, 1, 1, 1, 4, NULL, NULL, '84718000', 0, 0, 0, 1, 1, 0, 0, 0, 1452.0000, 1650.0000, 1650.0000, 0.000000, 0.000000, 0.000000, NULL, NULL, NULL, 1, NULL, 4, 2, '2026-05-15 07:06:58', '2026-05-28 11:08:05'),
(11, 1, 'SFG/00019', 'LPT to Serial/USB Converter', 'LPT to Serial/USB Converter', 'semi_finished', 2, 1, 1, 1, 1, 4, NULL, NULL, '84718000', 0, 0, 0, 1, 1, 0, 0, 0, 3080.0000, 3500.0000, 3500.0000, 0.000000, 0.000000, 0.000000, NULL, NULL, NULL, 1, NULL, 4, 2, '2026-05-15 07:13:26', '2026-05-28 11:06:50'),
(12, 1, 'SFG/00023', 'USB/RS232 External Display – 1 Inch', 'USB/RS232 External Display – 1 Inch', 'semi_finished', 2, 1, 1, 1, 1, 4, NULL, NULL, '85369090', 0, 0, 0, 1, 1, 0, 0, 0, 924.0000, 1050.0000, 1050.0000, 0.000000, 0.000000, 0.000000, NULL, NULL, NULL, 1, NULL, 4, 2, '2026-05-15 07:14:58', '2026-05-28 11:13:19'),
(13, 1, 'SFG/00021', 'USB to RS232 Isolated Converter', NULL, 'semi_finished', 2, 1, 1, 1, 1, 4, NULL, NULL, '85369090', 0, 0, 0, 1, 1, 0, 0, 0, 748.0000, 850.0000, 850.0000, 0.000000, 0.000000, 0.000000, NULL, NULL, NULL, 1, NULL, 4, 2, '2026-05-15 07:25:49', '2026-05-28 11:12:27'),
(14, 1, 'SFG/00002', 'RS232 to LPT (Serial to LPT)', NULL, 'semi_finished', 2, 1, 1, 1, 1, 4, NULL, NULL, '85444299', 0, 0, 0, 1, 1, 0, 0, 0, 1320.0000, 1500.0000, 1500.0000, 0.000000, 0.000000, 0.000000, NULL, NULL, NULL, 1, NULL, 4, 2, '2026-05-15 08:28:03', '2026-05-28 11:08:38'),
(15, 1, 'SFG/00003', 'Pinky Scale – World Smallest Scale Board', NULL, 'semi_finished', 2, 1, 1, NULL, 1, 4, NULL, NULL, '84718000', 0, 0, 0, 1, 1, 0, 0, 0, 1056.0000, 1200.0000, 1200.0000, 0.000000, 0.000000, 0.000000, NULL, NULL, NULL, 1, NULL, 4, 2, '2026-05-15 08:35:17', '2026-05-28 11:08:28'),
(16, 1, 'SFG/00004', 'HookScale-WiFi & Bluehooth Weighing Controller', NULL, 'semi_finished', 2, 1, 1, 1, 1, 4, NULL, NULL, '84238900', 0, 0, 0, 1, 1, 0, 0, 0, 1408.0000, 1600.0000, 1600.0000, 0.000000, 0.000000, 0.000000, NULL, NULL, NULL, 1, NULL, 4, 2, '2026-05-15 08:37:48', '2026-05-28 11:06:31'),
(17, 1, 'SFG/00005', 'Smart Voice Playback Module', NULL, 'semi_finished', 2, 1, 1, 1, 1, 4, NULL, NULL, '85198100', 0, 0, 0, 1, 1, 0, 0, 0, 924.0000, 1050.0000, 1050.0000, 0.000000, 0.000000, 0.000000, NULL, NULL, NULL, 1, NULL, 4, 2, '2026-05-15 08:41:28', '2026-05-28 11:08:48'),
(18, 1, 'SFG/00006', 'LPT to USB CDC/HID/Keyboard Converter', NULL, 'semi_finished', 2, 1, 1, 1, 1, 4, NULL, NULL, '850440', 0, 0, 0, 1, 1, 0, 0, 0, 3080.0000, 3500.0000, 3500.0000, 0.000000, 0.000000, 0.000000, NULL, NULL, NULL, 1, NULL, 4, 2, '2026-05-15 08:49:21', '2026-05-28 11:07:05'),
(19, 1, 'SFG/00007', 'Mini Wi-Fi Serial Weigh Module', NULL, 'semi_finished', 2, 1, 1, 1, 1, 4, NULL, NULL, '85177990', 0, 0, 0, 1, 1, 0, 0, 0, 1056.0000, 1200.0000, 1200.0000, 0.000000, 0.000000, 0.000000, NULL, NULL, NULL, 1, NULL, 4, 2, '2026-05-15 08:54:37', '2026-05-28 11:07:52'),
(20, 1, 'SFG/00008', 'UART-to-Current Loop (0–20mA / 4–20mA)', NULL, 'semi_finished', 2, 1, 1, 1, 1, 4, NULL, NULL, '85437090', 0, 0, 0, 1, 1, 0, 0, 0, 1584.0000, 1800.0000, 1800.0000, 0.000000, 0.000000, 0.000000, NULL, NULL, NULL, 1, NULL, 4, 2, '2026-05-15 08:58:15', '2026-05-28 11:09:22'),
(21, 1, 'SFG/00009', 'Buddy51-mini – 8051 Development Kit', NULL, 'semi_finished', 2, 1, 1, 1, 1, 4, NULL, NULL, '85439000', 0, 0, 0, 1, 1, 0, 0, 0, 410.1680, 466.1000, 466.1000, 0.000000, 0.000000, 0.000000, NULL, NULL, NULL, 1, NULL, 4, 2, '2026-05-15 09:03:36', '2026-05-28 11:06:13'),
(22, 1, 'SFG/00010', 'Multi-Motor Controller for Spinning', NULL, 'semi_finished', 2, 1, 1, 1, 1, 4, NULL, NULL, '85371000', 0, 0, 0, 1, 1, 0, 0, 0, 7040.0000, 8000.0000, 8000.0000, 0.000000, 0.000000, 0.000000, NULL, NULL, NULL, 1, NULL, 4, 2, '2026-05-15 09:05:30', '2026-05-28 11:07:42'),
(23, 1, 'SFG/00011', 'USB to Isolated TTL – PC Edition', NULL, 'semi_finished', 2, 1, 1, 1, 1, 4, NULL, NULL, '85369090', 0, 0, 0, 1, 1, 0, 0, 0, 660.0000, 750.0000, 750.0000, 0.000000, 0.000000, 0.000000, NULL, NULL, NULL, 1, NULL, 4, 2, '2026-05-15 09:07:17', '2026-05-28 11:10:07'),
(24, 1, 'SFG/00012', 'P10 Display Controller', NULL, 'semi_finished', 2, 1, 1, 1, 1, 4, NULL, NULL, '85312000', 0, 0, 0, 1, 1, 0, 0, 0, 1056.0000, 1200.0000, 1200.0000, 0.000000, 0.000000, 0.000000, NULL, NULL, NULL, 1, NULL, 4, 2, '2026-05-15 09:11:11', '2026-05-28 11:08:17'),
(25, 1, 'SFG/00013', 'WeighSensei – RS485 Modbus Weigh Scale', NULL, 'semi_finished', 2, 1, 1, 1, 1, 4, NULL, NULL, '84238190', 0, 0, 0, 1, 1, 0, 0, 0, 2112.0000, 2400.0000, 2400.0000, 0.000000, 0.000000, 0.000000, NULL, NULL, NULL, 1, NULL, 4, 2, '2026-05-15 09:14:22', '2026-05-28 11:13:31'),
(26, 1, 'SFG/00014', 'USB to RS485 Converter V2', NULL, 'semi_finished', 2, 1, 1, 1, 1, 4, NULL, NULL, '85176290', 0, 0, 0, 1, 1, 0, 0, 0, 660.0000, 750.0000, 750.0000, 0.000000, 0.000000, 0.000000, NULL, NULL, NULL, 1, NULL, 4, 2, '2026-05-15 09:15:50', '2026-05-28 11:12:56'),
(27, 1, 'SFG/00015', 'TTL to RS485 Converter', NULL, 'semi_finished', 2, 1, 1, 1, 1, 4, NULL, NULL, '85389000', 0, 0, 0, 1, 1, 0, 0, 0, 440.0000, 500.0000, 500.0000, 0.000000, 0.000000, 0.000000, NULL, NULL, NULL, 1, NULL, 4, 2, '2026-05-15 09:17:54', '2026-05-28 11:09:01'),
(28, 1, 'SFG/00016', 'USB to RS485 Converter', NULL, 'semi_finished', 2, 1, 1, 1, 1, 4, NULL, NULL, '85176290', 0, 0, 0, 1, 1, 0, 0, 0, 660.0000, 750.0000, 750.0000, 0.000000, 0.000000, 0.000000, NULL, NULL, NULL, 1, NULL, 4, 2, '2026-05-15 09:19:21', '2026-05-28 11:12:44'),
(29, 1, 'TRA/00001', 'GONG BELL', NULL, 'trade', 1, 1, 1, 1, 1, 4, NULL, NULL, '83061000', 0, 0, 0, 1, 1, 0, 0, 0, 1938.9832, 2203.3900, 2203.3900, 0.000000, 0.000000, 0.000000, NULL, NULL, NULL, 1, NULL, 4, 2, '2026-05-22 09:01:52', '2026-05-28 08:36:18'),
(31, 1, 'test1', 'test', 'test', 'finished_goods', 3, 1, 1, 1, 1, 4, NULL, NULL, NULL, 0, 0, 0, 1, 1, 1, 0, 1, 0.0000, 0.0000, 0.0000, 0.000000, 0.000000, 0.000000, NULL, NULL, NULL, 1, NULL, 2, 2, '2026-05-26 12:34:36', '2026-05-26 12:42:45'),
(32, 1, 'SHIPPING CHARGE', 'Shipping Charges', NULL, 'non_stock', 1, 1, 2, 1, 1, 4, NULL, NULL, '996819', 0, 0, 0, 0, 1, 0, 0, 0, 0.0000, 118.0000, 118.0000, 0.000000, 0.000000, 0.000000, NULL, NULL, NULL, 1, NULL, 4, 4, '2026-05-28 11:24:44', '2026-05-28 11:39:40'),
(33, 1, 'COD CHARGES', 'COD Charges', NULL, 'non_stock', 1, 1, 1, 1, 1, 4, NULL, NULL, '996819', 0, 0, 0, 0, 0, 1, 0, 0, 0.0000, 83.9000, 83.9000, 0.000000, 0.000000, 0.000000, NULL, NULL, NULL, 1, NULL, 4, 4, '2026-05-28 11:28:45', '2026-05-28 11:28:52'),
(34, 1, 'RAW/00001', 'PCB Fabrication', NULL, 'raw_material', 2, NULL, 1, 1, NULL, 4, NULL, NULL, '85340000', 0, 0, 0, 0, 1, 1, 0, 0, 0.0000, 60.6500, 60.6500, 300.000000, 0.000000, 0.000000, NULL, NULL, NULL, 1, NULL, 4, 4, '2026-05-29 09:26:13', '2026-05-29 09:26:13'),
(35, 1, 'TRA/00003', 'Emax Simonk Multirotor 30A', NULL, 'trade', 1, 1, 1, 1, 1, 2, NULL, NULL, '88073020', 0, 0, 0, 1, 0, 1, 0, 0, 0.0000, 0.0000, 0.0000, 0.000000, 0.000000, 0.000000, NULL, NULL, NULL, 1, NULL, 4, 4, '2026-05-29 10:09:22', '2026-05-29 11:00:07'),
(36, 1, 'RAW/00002', 'BOX', NULL, 'raw_material', NULL, NULL, 2, NULL, NULL, NULL, NULL, NULL, NULL, 0, 0, 0, 1, 0, 1, 0, 0, 0.0000, 0.0000, 0.0000, 0.000000, 0.000000, 0.000000, NULL, NULL, NULL, 1, NULL, 4, 4, '2026-06-01 12:11:10', '2026-06-01 12:20:53');;

INSERT INTO `item_categories` (`id`, `category_code`, `category_name`, `parent_category_id`, `image_path`, `is_active`, `remarks`, `created_by`, `updated_by`, `created_at`, `updated_at`) VALUES
(1, 'GEN', 'General', NULL, NULL, 1, NULL, NULL, NULL, '2026-05-05 11:01:43', '2026-05-05 11:01:43'),
(2, 'RM', 'Raw Materials', NULL, NULL, 1, NULL, NULL, NULL, '2026-05-05 11:01:43', '2026-05-05 11:01:43'),
(3, 'FG', 'Finished Goods', NULL, NULL, 1, NULL, NULL, NULL, '2026-05-05 11:01:43', '2026-05-05 11:01:43'),
(4, 'SERV', 'Services', NULL, NULL, 1, NULL, NULL, NULL, '2026-05-05 11:01:43', '2026-05-05 11:01:43');;

INSERT INTO `item_planning_policies` (`id`, `company_id`, `branch_id`, `location_id`, `warehouse_id`, `item_id`, `planning_method`, `procurement_type`, `lead_time_days`, `safety_stock_qty`, `reorder_level_qty`, `reorder_qty`, `min_stock_qty`, `max_stock_qty`, `minimum_order_qty`, `max_order_qty`, `order_multiple_qty`, `preferred_supplier_party_id`, `preferred_bom_id`, `preferred_warehouse_id`, `planning_fence_days`, `is_mrp_enabled`, `is_reorder_enabled`, `is_active`, `remarks`, `created_by`, `updated_by`, `created_at`, `updated_at`) VALUES
(1, 1, NULL, NULL, NULL, 7, 'reorder', 'purchase', 0, 0.000000, 0.000000, 0.000000, 0.000000, 0.000000, 0.000000, 0.000000, 0.000000, NULL, NULL, NULL, 0, 1, 1, 1, NULL, 2, 2, '2026-05-30 12:45:10', '2026-05-30 12:45:10');;

INSERT INTO `item_prices` (`id`, `item_id`, `price_type`, `uom_id`, `price`, `valid_from`, `valid_to`, `is_default`, `is_active`, `created_by`, `updated_by`, `created_at`, `updated_at`) VALUES
(1, 7, 'sales', 1, 180.0000, NULL, NULL, 1, 1, 4, 4, '2026-05-28 05:13:11', '2026-05-28 05:13:11'),
(2, 5, 'sales', 1, 1350.0000, NULL, NULL, 0, 1, 4, 4, '2026-05-28 05:15:10', '2026-05-28 05:15:10'),
(3, 21, 'sales', 1, 466.1000, NULL, NULL, 1, 1, 4, 4, '2026-05-28 05:16:56', '2026-05-28 05:16:56'),
(4, 11, 'sales', 1, 3500.0000, NULL, NULL, 1, 1, 4, 4, '2026-05-28 05:42:31', '2026-05-28 05:42:31'),
(5, 19, 'sales', 1, 1200.0000, NULL, NULL, 1, 1, 4, 4, '2026-05-28 05:43:54', '2026-05-28 05:43:54'),
(6, 24, 'sales', 1, 1200.0000, NULL, NULL, 1, 1, 4, 4, '2026-05-28 05:44:37', '2026-05-28 05:44:37'),
(7, 22, 'sales', 1, 8000.0000, NULL, NULL, 1, 1, 4, 4, '2026-05-28 06:14:11', '2026-05-28 06:14:11'),
(8, 4, 'sales', 1, 4500.0000, NULL, NULL, 0, 1, 4, 4, '2026-05-28 08:49:59', '2026-05-28 08:49:59'),
(9, 6, 'sales', 5, 310.0000, NULL, NULL, 0, 1, 4, 4, '2026-05-28 08:50:25', '2026-05-28 08:50:25'),
(10, 29, 'sales', 1, 2203.3900, NULL, NULL, 0, 1, 4, 4, '2026-05-28 08:50:57', '2026-05-28 08:50:57'),
(11, 16, 'sales', 1, 1600.0000, NULL, NULL, 0, 1, 4, 4, '2026-05-28 08:51:36', '2026-05-28 08:51:36'),
(12, 18, 'sales', 1, 3500.0000, NULL, NULL, 1, 1, 4, 4, '2026-05-28 08:52:01', '2026-05-28 08:52:01'),
(13, 10, 'sales', 1, 1650.0000, NULL, NULL, 1, 1, 4, 4, '2026-05-28 08:52:34', '2026-05-28 08:52:34'),
(14, 15, 'sales', 1, 1200.0000, NULL, NULL, 0, 1, 4, 4, '2026-05-28 08:52:54', '2026-05-28 08:52:54'),
(15, 14, 'sales', 1, 1500.0000, NULL, NULL, 1, 1, 4, 4, '2026-05-28 08:53:48', '2026-05-28 08:53:48'),
(16, 17, 'sales', 1, 1050.0000, NULL, NULL, 1, 1, 4, 4, '2026-05-28 08:54:06', '2026-05-28 08:54:06'),
(17, 20, 'sales', 1, 1800.0000, NULL, NULL, 1, 1, 4, 4, '2026-05-28 09:10:45', '2026-05-28 09:10:45'),
(18, 8, 'sales', 1, 750.0000, NULL, NULL, 1, 1, 4, 4, '2026-05-28 09:11:02', '2026-05-28 09:11:02'),
(19, 23, 'sales', 1, 750.0000, NULL, NULL, 1, 1, 4, 4, '2026-05-28 09:11:17', '2026-05-28 09:11:17'),
(20, 13, 'sales', 1, 850.0000, NULL, NULL, 1, 1, 4, 4, '2026-05-28 09:11:32', '2026-05-28 09:11:32'),
(21, 28, 'sales', 1, 750.0000, NULL, NULL, 1, 1, 4, 4, '2026-05-28 09:11:47', '2026-05-28 09:11:47'),
(22, 26, 'sales', 1, 750.0000, NULL, NULL, 1, 1, 4, 4, '2026-05-28 09:12:17', '2026-05-28 09:12:17'),
(23, 12, 'sales', 1, 1050.0000, NULL, NULL, 0, 1, 4, 4, '2026-05-28 09:12:34', '2026-05-28 09:12:34'),
(24, 25, 'sales', 1, 2400.0000, NULL, NULL, 1, 1, 4, 4, '2026-05-28 09:13:11', '2026-05-28 09:13:11'),
(25, 9, 'sales', 1, 1100.0000, NULL, NULL, 1, 1, 4, 4, '2026-05-28 09:14:01', '2026-05-28 09:14:01'),
(26, 2, 'sales', 1, 7500.0000, NULL, NULL, 1, 1, 2, 2, '2026-05-28 09:22:24', '2026-05-28 09:22:24'),
(27, 3, 'sales', 1, 7500.0000, NULL, NULL, 1, 1, 2, 2, '2026-05-28 09:22:37', '2026-05-28 09:22:37'),
(28, 32, 'sales', 1, 118.0000, NULL, NULL, 1, 1, 4, 4, '2026-05-28 11:26:01', '2026-05-28 11:39:51'),
(29, 35, 'sales', 1, 1687.6190, NULL, NULL, 1, 1, 4, 4, '2026-05-29 10:51:10', '2026-05-29 10:51:10');;

INSERT INTO `item_supplier_map` (`id`, `item_id`, `supplier_party_id`, `supplier_item_code`, `supplier_item_name`, `purchase_uom_id`, `supplier_rate`, `lead_time_days`, `minimum_order_qty`, `is_primary_supplier`, `is_active`, `remarks`, `created_by`, `updated_by`, `created_at`, `updated_at`) VALUES
(1, 35, 42, '29157', 'Emax SimonK Multiroter', 1, 1687.6190, 0, 0.000000, 1, 1, NULL, 4, 4, '2026-05-29 10:50:44', '2026-05-29 10:50:44');;

INSERT INTO `jobwork_orders` (`id`, `company_id`, `branch_id`, `location_id`, `financial_year_id`, `document_series_id`, `jobwork_no`, `jobwork_date`, `supplier_party_id`, `process_name`, `process_type`, `source_type`, `source_document_type`, `source_document_id`, `issue_warehouse_id`, `receipt_warehouse_id`, `expected_return_date`, `jobwork_status`, `notes`, `approved_by`, `approved_at`, `created_by`, `updated_by`, `is_active`, `created_at`, `updated_at`) VALUES
(1, 1, 1, 1, 1, 25, 'JWO/26-27/0001', '2026-05-30', 47, 'test', 'other', 'manual', NULL, NULL, 8, 8, NULL, 'cancelled', NULL, NULL, NULL, 2, 2, 1, '2026-05-30 12:02:59', '2026-05-30 12:03:27'),
(2, 1, 1, 1, 1, 25, 'JWO/26-27/0002', '2026-05-30', 47, 'test', 'other', 'manual', NULL, NULL, 8, 8, NULL, 'released', NULL, 2, '2026-05-30 12:12:06', 2, 2, 1, '2026-05-30 12:10:22', '2026-05-30 12:12:06');;

INSERT INTO `jobwork_order_materials` (`id`, `jobwork_order_id`, `line_no`, `item_id`, `uom_id`, `line_type`, `planned_qty`, `dispatched_qty`, `received_back_qty`, `consumed_qty`, `pending_with_vendor_qty`, `standard_rate`, `standard_amount`, `remarks`, `created_at`) VALUES
(1, 1, 1, 7, 2, 'raw_material', 1.000000, 0.000000, 0.000000, 0.000000, 1.000000, 0.0000, 0.00, NULL, '2026-05-30 12:02:59'),
(3, 2, 1, 7, 2, 'raw_material', 1.000000, 0.000000, 0.000000, 0.000000, 1.000000, 0.0000, 0.00, NULL, '2026-05-30 12:12:04');;

INSERT INTO `jobwork_order_outputs` (`id`, `jobwork_order_id`, `line_no`, `item_id`, `uom_id`, `output_type`, `planned_qty`, `received_qty`, `rejected_qty`, `accepted_qty`, `standard_rate`, `standard_amount`, `remarks`, `created_at`) VALUES
(1, 1, 1, 7, 1, 'processed_material', 1.000000, 0.000000, 0.000000, 1.000000, 0.0000, 0.00, NULL, '2026-05-30 12:02:59'),
(3, 2, 1, 7, 2, 'processed_material', 1.000000, 0.000000, 0.000000, 1.000000, 0.0000, 0.00, NULL, '2026-05-30 12:12:04');;

INSERT INTO `leave_types` (`id`, `leave_name`, `leave_code`, `max_days_per_year`, `is_paid`) VALUES
(1, 'Casual Leave', 'CL', 12, 1),
(2, 'Sick Leave', 'SL', 12, 1),
(3, 'Earned Leave', 'EL', 18, 1),
(4, 'Loss Of Pay', 'LOP', 365, 0);;

INSERT INTO `login_history` (`id`, `user_id`, `login_at`, `logout_at`, `login_status`, `ip_address`, `host_name`, `user_agent`, `device_type`, `browser`, `os`, `session_token`, `remarks`, `created_at`) VALUES
(2, 2, '2026-05-06 08:39:22', NULL, 'failed', '59.93.245.50', '59.93.245.50', 'Mozilla/5.0 (Macintosh; Intel Mac OS X 10_15_7) AppleWebKit/537.36 (KHTML, like Gecko) Chrome/147.0.0.0 Safari/537.36', 'Desktop', 'Chrome', 'macOS', NULL, 'Incorrect password', '2026-05-06 08:39:22'),
(3, 2, '2026-05-06 08:39:37', NULL, 'success', '59.93.245.50', '59.93.245.50', 'Mozilla/5.0 (Macintosh; Intel Mac OS X 10_15_7) AppleWebKit/537.36 (KHTML, like Gecko) Chrome/147.0.0.0 Safari/537.36', 'Desktop', 'Chrome', 'macOS', 'bca55c0ef1f23b6777202aa6a7f172e079b91d6aee3c3eb29558392e0a7e0520', 'Login successful', '2026-05-06 08:39:37'),
(6, 2, '2026-05-06 09:05:25', NULL, 'failed', '2409:40f4:14a:64a3:8cb7:4f90:3ef4:2f3b', '2409:40f4:14a:64a3:8cb7:4f90:3ef4:2f3b', 'Mozilla/5.0 (Macintosh; Intel Mac OS X 10_15_7) AppleWebKit/537.36 (KHTML, like Gecko) Chrome/147.0.0.0 Safari/537.36', 'Desktop', 'Chrome', 'macOS', NULL, 'Incorrect password', '2026-05-06 09:05:25'),
(7, 2, '2026-05-06 09:05:48', NULL, 'failed', '2409:40f4:14a:64a3:8cb7:4f90:3ef4:2f3b', '2409:40f4:14a:64a3:8cb7:4f90:3ef4:2f3b', 'Mozilla/5.0 (Macintosh; Intel Mac OS X 10_15_7) AppleWebKit/537.36 (KHTML, like Gecko) Chrome/147.0.0.0 Safari/537.36', 'Desktop', 'Chrome', 'macOS', NULL, 'Incorrect password', '2026-05-06 09:05:48'),
(8, 2, '2026-05-06 09:06:00', NULL, 'success', '2409:40f4:14a:64a3:8cb7:4f90:3ef4:2f3b', '2409:40f4:14a:64a3:8cb7:4f90:3ef4:2f3b', 'Mozilla/5.0 (Macintosh; Intel Mac OS X 10_15_7) AppleWebKit/537.36 (KHTML, like Gecko) Chrome/147.0.0.0 Safari/537.36', 'Desktop', 'Chrome', 'macOS', '054145c3925c55e0baa273e1600708193506c1d8c3fceaf0c77b94375b9a72b2', 'Login successful', '2026-05-06 09:06:00'),
(9, 2, '2026-05-06 09:07:38', NULL, 'success', '2409:40f4:14a:64a3:8cb7:4f90:3ef4:2f3b', '2409:40f4:14a:64a3:8cb7:4f90:3ef4:2f3b', 'Mozilla/5.0 (Macintosh; Intel Mac OS X 10_15_7) AppleWebKit/537.36 (KHTML, like Gecko) Chrome/147.0.0.0 Safari/537.36', 'Desktop', 'Chrome', 'macOS', '792f0219d07b0650f388f75fddf1dc65a8e11553e78f261ebfa015923715f6a7', 'Login successful', '2026-05-06 09:07:38'),
(10, 2, '2026-05-06 09:09:39', NULL, 'success', '2001:4490:4ea9:b234:31b1:24fe:699f:4d83', '2001:4490:4ea9:b234:31b1:24fe:699f:4d83', 'Mozilla/5.0 (Macintosh; Intel Mac OS X 10_15_7) AppleWebKit/537.36 (KHTML, like Gecko) Chrome/147.0.0.0 Safari/537.36', 'Desktop', 'Chrome', 'macOS', '801ec74054fe9f2fb25277c0ff4c88c0a40c71bda7d8cb8f5e0c3acf6b05870e', 'Login successful', '2026-05-06 09:09:39'),
(11, 2, '2026-05-06 09:11:07', NULL, 'success', '2001:4490:4ea9:b234:31b1:24fe:699f:4d83', '2001:4490:4ea9:b234:31b1:24fe:699f:4d83', 'Mozilla/5.0 (Macintosh; Intel Mac OS X 10_15_7) AppleWebKit/537.36 (KHTML, like Gecko) Chrome/147.0.0.0 Safari/537.36', 'Desktop', 'Chrome', 'macOS', '4793d3b6a8060f6e7653c2d68c6ad9db06951cf375273096d37f8c7ffc8d404d', 'Login successful', '2026-05-06 09:11:07'),
(12, 2, '2026-05-06 09:17:46', NULL, 'success', '2001:4490:4ea9:b234:31b1:24fe:699f:4d83', '2001:4490:4ea9:b234:31b1:24fe:699f:4d83', 'Mozilla/5.0 (Macintosh; Intel Mac OS X 10_15_7) AppleWebKit/537.36 (KHTML, like Gecko) Chrome/147.0.0.0 Safari/537.36', 'Desktop', 'Chrome', 'macOS', 'bf40f803404bfc136815f674ab91f5c02ed07789ebae45a21919109b58c9fe2d', 'Login successful', '2026-05-06 09:17:46'),
(13, 2, '2026-05-06 09:27:12', NULL, 'success', '2001:4490:4ea9:b234:31b1:24fe:699f:4d83', '2001:4490:4ea9:b234:31b1:24fe:699f:4d83', 'Mozilla/5.0 (Macintosh; Intel Mac OS X 10_15_7) AppleWebKit/537.36 (KHTML, like Gecko) Chrome/147.0.0.0 Safari/537.36', 'Desktop', 'Chrome', 'macOS', 'cfb128a312322ace4af6c1e795f8bf50e6a8d73d1a1bf2f1b3953d1594af17ff', 'Login successful', '2026-05-06 09:27:12'),
(14, 2, '2026-05-06 12:05:47', NULL, 'success', '2001:4490:4ea9:b234:28bf:3e1e:3f6c:c5da', '2001:4490:4ea9:b234:28bf:3e1e:3f6c:c5da', 'Mozilla/5.0 (Windows NT 10.0; Win64; x64) AppleWebKit/537.36 (KHTML, like Gecko) Chrome/147.0.0.0 Safari/537.36', 'Desktop', 'Chrome', 'Windows', '3eb2d55063b6db046db1457c1e8cf067a1eaa070739bfa82778980234dda9aef', 'Login successful', '2026-05-06 12:05:47'),
(15, 2, '2026-05-06 12:07:45', NULL, 'success', '2409:40f4:14a:64a3:8cb7:4f90:3ef4:2f3b', '2409:40f4:14a:64a3:8cb7:4f90:3ef4:2f3b', 'Mozilla/5.0 (Macintosh; Intel Mac OS X 10_15_7) AppleWebKit/537.36 (KHTML, like Gecko) Chrome/147.0.0.0 Safari/537.36', 'Desktop', 'Chrome', 'macOS', '6323abb19c9f1fd177e278c8a4014513b503a7ec5be93de564d52511ed60de3c', 'Login successful', '2026-05-06 12:07:45'),
(16, 2, '2026-05-06 12:07:59', NULL, 'success', '2409:40f4:14a:64a3:8cb7:4f90:3ef4:2f3b', '2409:40f4:14a:64a3:8cb7:4f90:3ef4:2f3b', 'Mozilla/5.0 (Macintosh; Intel Mac OS X 10_15_7) AppleWebKit/537.36 (KHTML, like Gecko) Chrome/147.0.0.0 Safari/537.36', 'Desktop', 'Chrome', 'macOS', '84e79b78ff414517445307c11be4a38c392cf88da0b1d3d37dd280fe30a7b9ea', 'Login successful', '2026-05-06 12:07:59'),
(17, 2, '2026-05-06 12:08:16', NULL, 'success', '2409:40f4:14a:64a3:8cb7:4f90:3ef4:2f3b', '2409:40f4:14a:64a3:8cb7:4f90:3ef4:2f3b', 'Mozilla/5.0 (Macintosh; Intel Mac OS X 10_15_7) AppleWebKit/537.36 (KHTML, like Gecko) Chrome/147.0.0.0 Safari/537.36', 'Desktop', 'Chrome', 'macOS', 'f5ec0bf4763fa20dd178c37f146d262b44c81422dec86295a06daa5082bdf53f', 'Login successful', '2026-05-06 12:08:16'),
(21, 2, '2026-05-07 04:49:20', NULL, 'success', '2001:4490:4ea9:86ef:65e2:91a5:3fb2:4e44', '2001:4490:4ea9:86ef:65e2:91a5:3fb2:4e44', 'Mozilla/5.0 (Macintosh; Intel Mac OS X 10_15_7) AppleWebKit/537.36 (KHTML, like Gecko) Chrome/147.0.0.0 Safari/537.36', 'Desktop', 'Chrome', 'macOS', 'c97aa2b5c0700eb103d37dd0396140f18dcaa76e3e57114afdf659826a79f0a0', 'Login successful', '2026-05-07 04:49:20'),
(23, 2, '2026-05-07 05:12:22', NULL, 'success', '2001:4490:4ea9:86ef:d58c:352a:ef26:a27f', '2001:4490:4ea9:86ef:d58c:352a:ef26:a27f', 'Mozilla/5.0 (Macintosh; Intel Mac OS X 10_15_7) AppleWebKit/537.36 (KHTML, like Gecko) Chrome/147.0.0.0 Safari/537.36', 'Desktop', 'Chrome', 'macOS', '79bfae0b751a63bc88eb57d87e48f402d7873d93d9ddb34b910c073ec8c8644e', 'Login successful', '2026-05-07 05:12:22'),
(24, 2, '2026-05-07 05:13:06', NULL, 'success', '2001:4490:4ea9:86ef:d58c:352a:ef26:a27f', '2001:4490:4ea9:86ef:d58c:352a:ef26:a27f', 'Mozilla/5.0 (Macintosh; Intel Mac OS X 10_15_7) AppleWebKit/537.36 (KHTML, like Gecko) Chrome/147.0.0.0 Safari/537.36', 'Desktop', 'Chrome', 'macOS', '8ef8d03b59ec59a946ab8d812db5220125454980f888d01377671e2e679de269', 'Login successful', '2026-05-07 05:13:06'),
(25, 2, '2026-05-07 05:19:14', NULL, 'success', '2001:4490:4ea9:86ef:d58c:352a:ef26:a27f', '2001:4490:4ea9:86ef:d58c:352a:ef26:a27f', 'Mozilla/5.0 (Macintosh; Intel Mac OS X 10_15_7) AppleWebKit/537.36 (KHTML, like Gecko) Chrome/147.0.0.0 Safari/537.36', 'Desktop', 'Chrome', 'macOS', '2ae8a4a903a2332554a72e0d0461a1e64f16ef1b715e3741100462b5e3bfc5e0', 'Login successful', '2026-05-07 05:19:14'),
(30, 2, '2026-05-07 05:33:02', NULL, 'success', '2001:4490:4ea9:86ef:d58c:352a:ef26:a27f', '2001:4490:4ea9:86ef:d58c:352a:ef26:a27f', 'Mozilla/5.0 (Macintosh; Intel Mac OS X 10_15_7) AppleWebKit/537.36 (KHTML, like Gecko) Chrome/147.0.0.0 Safari/537.36', 'Desktop', 'Chrome', 'macOS', '6d239e46f3b3978373c7726d423dc2fe6875a23d5b8ea6f2325ed2fb623bbc25', 'Login successful', '2026-05-07 05:33:02'),
(36, 2, '2026-05-07 05:48:31', NULL, 'failed', '2001:4490:4ea9:86ef:d58c:352a:ef26:a27f', '2001:4490:4ea9:86ef:d58c:352a:ef26:a27f', 'Mozilla/5.0 (Macintosh; Intel Mac OS X 10_15_7) AppleWebKit/537.36 (KHTML, like Gecko) Chrome/147.0.0.0 Safari/537.36', 'Desktop', 'Chrome', 'macOS', NULL, 'Incorrect password', '2026-05-07 05:48:31'),
(37, 2, '2026-05-07 05:48:40', NULL, 'success', '2001:4490:4ea9:86ef:d58c:352a:ef26:a27f', '2001:4490:4ea9:86ef:d58c:352a:ef26:a27f', 'Mozilla/5.0 (Macintosh; Intel Mac OS X 10_15_7) AppleWebKit/537.36 (KHTML, like Gecko) Chrome/147.0.0.0 Safari/537.36', 'Desktop', 'Chrome', 'macOS', '2394f0d6e2a4cd2b9a6118111f12a1981db6b4a4a61c766bd6f1ca01f2194169', 'Login successful', '2026-05-07 05:48:40'),
(38, 2, '2026-05-07 05:52:28', NULL, 'success', '2001:4490:4ea9:86ef:d58c:352a:ef26:a27f', '2001:4490:4ea9:86ef:d58c:352a:ef26:a27f', 'Mozilla/5.0 (Macintosh; Intel Mac OS X 10_15_7) AppleWebKit/537.36 (KHTML, like Gecko) Chrome/147.0.0.0 Safari/537.36', 'Desktop', 'Chrome', 'macOS', 'a5c1f9bcd2ae4e87ef042929ea95238571a4476a80f4b2f6242692b0384a4d97', 'Login successful', '2026-05-07 05:52:28'),
(41, 2, '2026-05-07 05:54:22', NULL, 'success', '2001:4490:4ea9:86ef:d58c:352a:ef26:a27f', '2001:4490:4ea9:86ef:d58c:352a:ef26:a27f', 'Mozilla/5.0 (Macintosh; Intel Mac OS X 10_15_7) AppleWebKit/537.36 (KHTML, like Gecko) Chrome/147.0.0.0 Safari/537.36', 'Desktop', 'Chrome', 'macOS', 'a445e7eeead95fe96b5b4b8087587d495689c32fc3c91f5aed553ae315b15ae7', 'Login successful', '2026-05-07 05:54:22'),
(42, 2, '2026-05-07 06:05:48', NULL, 'success', '2001:4490:4ea9:86ef:d58c:352a:ef26:a27f', '2001:4490:4ea9:86ef:d58c:352a:ef26:a27f', 'Mozilla/5.0 (Macintosh; Intel Mac OS X 10_15_7) AppleWebKit/537.36 (KHTML, like Gecko) Chrome/147.0.0.0 Safari/537.36', 'Desktop', 'Chrome', 'macOS', '48f25c48a291a8365a3bf5c4af17563505421258ba5a75f23993a7b44fb1140d', 'Login successful', '2026-05-07 06:05:48'),
(43, 2, '2026-05-07 06:08:45', NULL, 'failed', '2001:4490:4ea9:86ef:d58c:352a:ef26:a27f', '2001:4490:4ea9:86ef:d58c:352a:ef26:a27f', 'Mozilla/5.0 (Macintosh; Intel Mac OS X 10_15_7) AppleWebKit/537.36 (KHTML, like Gecko) Chrome/147.0.0.0 Safari/537.36', 'Desktop', 'Chrome', 'macOS', NULL, 'Incorrect password', '2026-05-07 06:08:45'),
(44, 2, '2026-05-07 06:08:56', NULL, 'success', '2001:4490:4ea9:86ef:d58c:352a:ef26:a27f', '2001:4490:4ea9:86ef:d58c:352a:ef26:a27f', 'Mozilla/5.0 (Macintosh; Intel Mac OS X 10_15_7) AppleWebKit/537.36 (KHTML, like Gecko) Chrome/147.0.0.0 Safari/537.36', 'Desktop', 'Chrome', 'macOS', 'ee8e13b7d9acc316a1a1294534f45a2536e500ff851714df685946bad6bd63f2', 'Login successful', '2026-05-07 06:08:56'),
(45, 2, '2026-05-07 06:15:01', NULL, 'success', '2001:4490:4ea9:86ef:d58c:352a:ef26:a27f', '2001:4490:4ea9:86ef:d58c:352a:ef26:a27f', 'Mozilla/5.0 (Macintosh; Intel Mac OS X 10_15_7) AppleWebKit/537.36 (KHTML, like Gecko) Chrome/147.0.0.0 Safari/537.36', 'Desktop', 'Chrome', 'macOS', 'f72898efdc8d58598e35e320f36fdc5dfdfb82cbb6f842f668e4f2e822ec5423', 'Login successful', '2026-05-07 06:15:01'),
(51, 2, '2026-05-07 06:35:06', NULL, 'success', '2001:4490:4ea9:86ef:d58c:352a:ef26:a27f', '2001:4490:4ea9:86ef:d58c:352a:ef26:a27f', 'Mozilla/5.0 (Macintosh; Intel Mac OS X 10_15_7) AppleWebKit/537.36 (KHTML, like Gecko) Chrome/147.0.0.0 Safari/537.36', 'Desktop', 'Chrome', 'macOS', '1d958b84e9db1809bb648714654b9ba4bba1393e270ae82c2412ee31bd04c552', 'Login successful', '2026-05-07 06:35:06'),
(55, 2, '2026-05-07 06:41:12', NULL, 'success', '2001:4490:4ea9:86ef:d58c:352a:ef26:a27f', '2001:4490:4ea9:86ef:d58c:352a:ef26:a27f', 'Mozilla/5.0 (Macintosh; Intel Mac OS X 10_15_7) AppleWebKit/537.36 (KHTML, like Gecko) Chrome/147.0.0.0 Safari/537.36', 'Desktop', 'Chrome', 'macOS', 'fd5c1c887feb63712cfb2af4f159f6ec15ca2dbf51ad710b92dce2b0daceb57a', 'Login successful', '2026-05-07 06:41:12'),
(57, 2, '2026-05-07 07:04:53', NULL, 'success', '2001:4490:4ea9:86ef:d58c:352a:ef26:a27f', '2001:4490:4ea9:86ef:d58c:352a:ef26:a27f', 'Mozilla/5.0 (Macintosh; Intel Mac OS X 10_15_7) AppleWebKit/537.36 (KHTML, like Gecko) Chrome/147.0.0.0 Safari/537.36', 'Desktop', 'Chrome', 'macOS', 'acc709f41ac1ac2724ceb74355ac0513ad22d6e7f569d4e1d89987ee85c853fb', 'Login successful', '2026-05-07 07:04:53'),
(63, 2, '2026-05-07 07:20:30', NULL, 'success', '2001:4490:4ea9:86ef:d58c:352a:ef26:a27f', '2001:4490:4ea9:86ef:d58c:352a:ef26:a27f', 'Mozilla/5.0 (Macintosh; Intel Mac OS X 10_15_7) AppleWebKit/537.36 (KHTML, like Gecko) Chrome/147.0.0.0 Safari/537.36', 'Desktop', 'Chrome', 'macOS', 'd9ebda1a001b01adadca1831602b3b4ed83182c945cf7df2dcd5aaf6e9efcd03', 'Login successful', '2026-05-07 07:20:30'),
(65, 2, '2026-05-07 07:27:20', NULL, 'failed', '2001:4490:4ea9:86ef:d58c:352a:ef26:a27f', '2001:4490:4ea9:86ef:d58c:352a:ef26:a27f', 'Mozilla/5.0 (Macintosh; Intel Mac OS X 10_15_7) AppleWebKit/537.36 (KHTML, like Gecko) Chrome/147.0.0.0 Safari/537.36', 'Desktop', 'Chrome', 'macOS', NULL, 'Incorrect password', '2026-05-07 07:27:20'),
(66, 2, '2026-05-07 07:27:28', NULL, 'success', '2001:4490:4ea9:86ef:d58c:352a:ef26:a27f', '2001:4490:4ea9:86ef:d58c:352a:ef26:a27f', 'Mozilla/5.0 (Macintosh; Intel Mac OS X 10_15_7) AppleWebKit/537.36 (KHTML, like Gecko) Chrome/147.0.0.0 Safari/537.36', 'Desktop', 'Chrome', 'macOS', '142dd835b12cb80d9fcd2c3409b3a344a81a89bb0799817ab71a3cc65ee09762', 'Login successful', '2026-05-07 07:27:28'),
(68, 2, '2026-05-07 07:43:24', NULL, 'success', '2001:4490:4ea9:86ef:d58c:352a:ef26:a27f', '2001:4490:4ea9:86ef:d58c:352a:ef26:a27f', 'Mozilla/5.0 (Macintosh; Intel Mac OS X 10_15_7) AppleWebKit/537.36 (KHTML, like Gecko) Chrome/147.0.0.0 Safari/537.36', 'Desktop', 'Chrome', 'macOS', '639d31535a663186975aa31cf60369da8ef99174132d1a100d94ff39bb621823', 'Login successful', '2026-05-07 07:43:24'),
(69, 2, '2026-05-07 08:33:44', NULL, 'success', '2001:4490:4ea9:86ef:d58c:352a:ef26:a27f', '2001:4490:4ea9:86ef:d58c:352a:ef26:a27f', 'Mozilla/5.0 (Macintosh; Intel Mac OS X 10_15_7) AppleWebKit/537.36 (KHTML, like Gecko) Chrome/147.0.0.0 Safari/537.36', 'Desktop', 'Chrome', 'macOS', '5459543d17fa1017c9137464d0938be9555fa46066fc742329610120195ccfd1', 'Login successful', '2026-05-07 08:33:44'),
(70, 2, '2026-05-07 08:38:16', NULL, 'success', '2001:4490:4ea9:86ef:d58c:352a:ef26:a27f', '2001:4490:4ea9:86ef:d58c:352a:ef26:a27f', 'Mozilla/5.0 (Macintosh; Intel Mac OS X 10_15_7) AppleWebKit/537.36 (KHTML, like Gecko) Chrome/147.0.0.0 Safari/537.36', 'Desktop', 'Chrome', 'macOS', '88845be652418560c1831d3f3e9237dd4e0eef8b2b2886166059bee66312d631', 'Login successful', '2026-05-07 08:38:16'),
(71, 2, '2026-05-07 08:54:18', NULL, 'success', '2001:4490:4ea9:86ef:d58c:352a:ef26:a27f', '2001:4490:4ea9:86ef:d58c:352a:ef26:a27f', 'Mozilla/5.0 (Macintosh; Intel Mac OS X 10_15_7) AppleWebKit/537.36 (KHTML, like Gecko) Chrome/147.0.0.0 Safari/537.36', 'Desktop', 'Chrome', 'macOS', 'd1f33f9742fd5aa77903e11286c8f20abadf4183ea376752781d4328a467c5af', 'Login successful', '2026-05-07 08:54:18'),
(72, 4, '2026-05-07 08:56:24', NULL, 'success', '2001:4490:4ea9:86ef:d58c:352a:ef26:a27f', '2001:4490:4ea9:86ef:d58c:352a:ef26:a27f', 'Mozilla/5.0 (Macintosh; Intel Mac OS X 10_15_7) AppleWebKit/537.36 (KHTML, like Gecko) Chrome/147.0.0.0 Safari/537.36', 'Desktop', 'Chrome', 'macOS', '1a111c7a75615df2ae23e92c40a5764432a5fe443068bc74fe7a3f56dd2e0bb1', 'Login successful', '2026-05-07 08:56:24'),
(73, 2, '2026-05-07 08:57:03', NULL, 'success', '2001:4490:4ea9:86ef:d58c:352a:ef26:a27f', '2001:4490:4ea9:86ef:d58c:352a:ef26:a27f', 'Mozilla/5.0 (Macintosh; Intel Mac OS X 10_15_7) AppleWebKit/537.36 (KHTML, like Gecko) Chrome/147.0.0.0 Safari/537.36', 'Desktop', 'Chrome', 'macOS', 'ff7780a14b8b6b06583c4c09edafff5fd9912c3af1e981fe405249bba0560424', 'Login successful', '2026-05-07 08:57:03'),
(74, 2, '2026-05-07 08:57:03', NULL, 'success', '2001:4490:4ea9:86ef:65e2:91a5:3fb2:4e44', '2001:4490:4ea9:86ef:65e2:91a5:3fb2:4e44', 'Mozilla/5.0 (Macintosh; Intel Mac OS X 10_15_7) AppleWebKit/537.36 (KHTML, like Gecko) Chrome/147.0.0.0 Safari/537.36', 'Desktop', 'Chrome', 'macOS', '9ff8d86e80d71f99f360117ae8aafc3ca487d65e162b8df4b19b7d3fe4fafcbb', 'Login successful', '2026-05-07 08:57:03'),
(75, 4, '2026-05-07 08:58:04', NULL, 'success', '2001:4490:4ea9:86ef:d58c:352a:ef26:a27f', '2001:4490:4ea9:86ef:d58c:352a:ef26:a27f', 'Mozilla/5.0 (Macintosh; Intel Mac OS X 10_15_7) AppleWebKit/537.36 (KHTML, like Gecko) Chrome/147.0.0.0 Safari/537.36', 'Desktop', 'Chrome', 'macOS', 'da9d32bc0416ec3a06905b03f669e39265c07db77b7833b1b97d6de205ac7fa4', 'Login successful', '2026-05-07 08:58:04'),
(76, 4, '2026-05-07 09:02:14', NULL, 'success', '2001:4490:4ea9:86ef:d58c:352a:ef26:a27f', '2001:4490:4ea9:86ef:d58c:352a:ef26:a27f', 'Mozilla/5.0 (Macintosh; Intel Mac OS X 10_15_7) AppleWebKit/537.36 (KHTML, like Gecko) Chrome/147.0.0.0 Safari/537.36', 'Desktop', 'Chrome', 'macOS', '023f49321cc4636d2275a587b6aaa8bbf7510d65781936ceda29cf61dc0fcb5b', 'Login successful', '2026-05-07 09:02:14'),
(77, 4, '2026-05-07 09:06:51', NULL, 'success', '2001:4490:4ea9:86ef:d58c:352a:ef26:a27f', '2001:4490:4ea9:86ef:d58c:352a:ef26:a27f', 'Mozilla/5.0 (Macintosh; Intel Mac OS X 10_15_7) AppleWebKit/537.36 (KHTML, like Gecko) Chrome/147.0.0.0 Safari/537.36', 'Desktop', 'Chrome', 'macOS', 'ede636bcea370525dc5bec5aa646c5c3a749a482dc10113ef2979814a7b13312', 'Login successful', '2026-05-07 09:06:51'),
(78, 4, '2026-05-07 09:10:52', NULL, 'success', '2001:4490:4ea9:86ef:d58c:352a:ef26:a27f', '2001:4490:4ea9:86ef:d58c:352a:ef26:a27f', 'Mozilla/5.0 (Macintosh; Intel Mac OS X 10_15_7) AppleWebKit/537.36 (KHTML, like Gecko) Chrome/147.0.0.0 Safari/537.36', 'Desktop', 'Chrome', 'macOS', 'feb5da9b0e26d6e4595910920bccaff343739cd930eab3f45d47d093b26f0aad', 'Login successful', '2026-05-07 09:10:52'),
(79, 2, '2026-05-07 09:20:31', NULL, 'success', '2001:4490:4ea9:86ef:d58c:352a:ef26:a27f', '2001:4490:4ea9:86ef:d58c:352a:ef26:a27f', 'Mozilla/5.0 (Macintosh; Intel Mac OS X 10_15_7) AppleWebKit/537.36 (KHTML, like Gecko) Chrome/147.0.0.0 Safari/537.36', 'Desktop', 'Chrome', 'macOS', '64967a6b1ef1e306909fa2520dcdd8e4305d63b63cf5531c4ff60dd80864d6d6', 'Login successful', '2026-05-07 09:20:31'),
(80, 4, '2026-05-07 09:44:41', NULL, 'success', '2001:4490:4ea9:86ef:d58c:352a:ef26:a27f', '2001:4490:4ea9:86ef:d58c:352a:ef26:a27f', 'Mozilla/5.0 (Macintosh; Intel Mac OS X 10_15_7) AppleWebKit/537.36 (KHTML, like Gecko) Chrome/147.0.0.0 Safari/537.36', 'Desktop', 'Chrome', 'macOS', '059d7a3cd32089a4f2837707f6df11c84eaffa7b55246a7a83cf56b45b61f1fb', 'Login successful', '2026-05-07 09:44:41'),
(81, 4, '2026-05-07 10:21:03', NULL, 'success', '2001:4490:4ea9:86ef:d58c:352a:ef26:a27f', '2001:4490:4ea9:86ef:d58c:352a:ef26:a27f', 'Mozilla/5.0 (Macintosh; Intel Mac OS X 10_15_7) AppleWebKit/537.36 (KHTML, like Gecko) Chrome/147.0.0.0 Safari/537.36', 'Desktop', 'Chrome', 'macOS', 'c8df95f8a7fdc46f2430180142c34e89615ebf3086a6071aacb0b70de002ca1a', 'Login successful', '2026-05-07 10:21:03'),
(82, 2, '2026-05-07 11:02:55', NULL, 'success', '2001:4490:4ea9:86ef:65e2:91a5:3fb2:4e44', '2001:4490:4ea9:86ef:65e2:91a5:3fb2:4e44', 'Mozilla/5.0 (Macintosh; Intel Mac OS X 10_15_7) AppleWebKit/537.36 (KHTML, like Gecko) Chrome/147.0.0.0 Safari/537.36', 'Desktop', 'Chrome', 'macOS', '0878a5d30cb4ac0440d9c497bd5ce253ba82e2ccbdde61e554832b2619e92ce1', 'Login successful', '2026-05-07 11:02:55'),
(83, 4, '2026-05-07 11:14:13', NULL, 'failed', '2001:4490:4ea9:86ef:9926:7899:a57f:82cb', '2001:4490:4ea9:86ef:9926:7899:a57f:82cb', 'Mozilla/5.0 (Windows NT 10.0; Win64; x64) AppleWebKit/537.36 (KHTML, like Gecko) Chrome/141.0.0.0 Safari/537.36', 'Desktop', 'Chrome', 'Windows', NULL, 'Incorrect password', '2026-05-07 11:14:13'),
(84, 4, '2026-05-07 11:15:00', NULL, 'success', '2001:4490:4ea9:86ef:9926:7899:a57f:82cb', '2001:4490:4ea9:86ef:9926:7899:a57f:82cb', 'Mozilla/5.0 (Windows NT 10.0; Win64; x64) AppleWebKit/537.36 (KHTML, like Gecko) Chrome/141.0.0.0 Safari/537.36', 'Desktop', 'Chrome', 'Windows', '3ab7bdf9426fc4a0af4d3a19739c4224537e28646a72a54eb31af5d90c5bbc51', 'Login successful', '2026-05-07 11:15:00'),
(85, 4, '2026-05-07 11:21:18', NULL, 'success', '2001:4490:4ea9:86ef:9926:7899:a57f:82cb', '2001:4490:4ea9:86ef:9926:7899:a57f:82cb', 'Mozilla/5.0 (Windows NT 10.0; Win64; x64) AppleWebKit/537.36 (KHTML, like Gecko) Chrome/141.0.0.0 Safari/537.36', 'Desktop', 'Chrome', 'Windows', '37de016c9d0a4f07b0f66aed0f3c1624584f89791210b8d57e65ced8ffdcc316', 'Login successful', '2026-05-07 11:21:18'),
(86, 4, '2026-05-07 12:07:47', NULL, 'success', '2001:4490:4ea9:86ef:d58c:352a:ef26:a27f', '2001:4490:4ea9:86ef:d58c:352a:ef26:a27f', 'Mozilla/5.0 (Macintosh; Intel Mac OS X 10_15_7) AppleWebKit/537.36 (KHTML, like Gecko) Chrome/147.0.0.0 Safari/537.36', 'Desktop', 'Chrome', 'macOS', 'c75bc95837cfdbb98aa5eba6b7921685b5c7ca86c148cc2a583c2b1c5bb80efa', 'Login successful', '2026-05-07 12:07:47'),
(87, 2, '2026-05-07 12:09:15', NULL, 'success', '2001:4490:4ea9:86ef:d58c:352a:ef26:a27f', '2001:4490:4ea9:86ef:d58c:352a:ef26:a27f', 'Mozilla/5.0 (Macintosh; Intel Mac OS X 10_15_7) AppleWebKit/537.36 (KHTML, like Gecko) Chrome/147.0.0.0 Safari/537.36', 'Desktop', 'Chrome', 'macOS', '50747030c2fbd735b11cffaf5cc30707c842af722563e0bbfc52fdbf2d671d98', 'Login successful', '2026-05-07 12:09:15'),
(88, 2, '2026-05-07 12:12:44', NULL, 'success', '2001:4490:4ea9:86ef:d58c:352a:ef26:a27f', '2001:4490:4ea9:86ef:d58c:352a:ef26:a27f', 'Mozilla/5.0 (Macintosh; Intel Mac OS X 10_15_7) AppleWebKit/537.36 (KHTML, like Gecko) Chrome/147.0.0.0 Safari/537.36', 'Desktop', 'Chrome', 'macOS', 'c6ce8bdf7cf5d33d7b57267166bdd111f2b1d5df952f831fe8ae5b3020650555', 'Login successful', '2026-05-07 12:12:44'),
(89, 5, '2026-05-07 12:14:54', NULL, 'success', '2001:4490:4ea9:86ef:d58c:352a:ef26:a27f', '2001:4490:4ea9:86ef:d58c:352a:ef26:a27f', 'Mozilla/5.0 (Macintosh; Intel Mac OS X 10_15_7) AppleWebKit/537.36 (KHTML, like Gecko) Chrome/147.0.0.0 Safari/537.36', 'Desktop', 'Chrome', 'macOS', 'ed1d84e0d1a995d17fc1d17c19162e2ca584fb61830a04c4b37ffaafe518449d', 'Login successful', '2026-05-07 12:14:54'),
(90, 2, '2026-05-07 12:15:19', NULL, 'success', '2001:4490:4ea9:86ef:d58c:352a:ef26:a27f', '2001:4490:4ea9:86ef:d58c:352a:ef26:a27f', 'Mozilla/5.0 (Macintosh; Intel Mac OS X 10_15_7) AppleWebKit/537.36 (KHTML, like Gecko) Chrome/147.0.0.0 Safari/537.36', 'Desktop', 'Chrome', 'macOS', '08de175b069b6a06cb47e915ab6378e5b198404f70d45d60de048c61f172ca40', 'Login successful', '2026-05-07 12:15:19'),
(91, 5, '2026-05-07 12:19:17', NULL, 'success', '2001:4490:4ea9:86ef:d58c:352a:ef26:a27f', '2001:4490:4ea9:86ef:d58c:352a:ef26:a27f', 'Mozilla/5.0 (Macintosh; Intel Mac OS X 10_15_7) AppleWebKit/537.36 (KHTML, like Gecko) Chrome/147.0.0.0 Safari/537.36', 'Desktop', 'Chrome', 'macOS', 'e3103bb448633bec4148d3be826974e00050a1bf3a8914eec83f6cb1962758e7', 'Login successful', '2026-05-07 12:19:17'),
(92, 2, '2026-05-07 12:19:43', NULL, 'failed', '2001:4490:4ea9:86ef:d58c:352a:ef26:a27f', '2001:4490:4ea9:86ef:d58c:352a:ef26:a27f', 'Mozilla/5.0 (Macintosh; Intel Mac OS X 10_15_7) AppleWebKit/537.36 (KHTML, like Gecko) Chrome/147.0.0.0 Safari/537.36', 'Desktop', 'Chrome', 'macOS', NULL, 'Incorrect password', '2026-05-07 12:19:43'),
(93, 2, '2026-05-07 12:19:59', NULL, 'success', '2001:4490:4ea9:86ef:d58c:352a:ef26:a27f', '2001:4490:4ea9:86ef:d58c:352a:ef26:a27f', 'Mozilla/5.0 (Macintosh; Intel Mac OS X 10_15_7) AppleWebKit/537.36 (KHTML, like Gecko) Chrome/147.0.0.0 Safari/537.36', 'Desktop', 'Chrome', 'macOS', '6ce63647285895dff0730d809724368c14a7c39c0bf7e662fcaf6437778429c3', 'Login successful', '2026-05-07 12:19:59'),
(94, 2, '2026-05-07 12:46:41', NULL, 'success', '2001:4490:4ea9:86ef:d58c:352a:ef26:a27f', '2001:4490:4ea9:86ef:d58c:352a:ef26:a27f', 'Mozilla/5.0 (Macintosh; Intel Mac OS X 10_15_7) AppleWebKit/537.36 (KHTML, like Gecko) Chrome/147.0.0.0 Safari/537.36', 'Desktop', 'Chrome', 'macOS', 'd4a48d73189b28e261724610d1b02dd066d2fd1b76510f3cb64d13268c5064ec', 'Login successful', '2026-05-07 12:46:41'),
(95, 2, '2026-05-07 12:47:32', NULL, 'success', '2001:4490:4ea9:86ef:d58c:352a:ef26:a27f', '2001:4490:4ea9:86ef:d58c:352a:ef26:a27f', 'Mozilla/5.0 (Macintosh; Intel Mac OS X 10_15_7) AppleWebKit/537.36 (KHTML, like Gecko) Chrome/147.0.0.0 Safari/537.36', 'Desktop', 'Chrome', 'macOS', '25e0f2265a74bbe9603814b05ff9255a2c3f88b6e338a8f62416b53bc14073fd', 'Login successful', '2026-05-07 12:47:32'),
(96, 2, '2026-05-07 13:08:45', NULL, 'success', '2001:4490:4ea9:86ef:d58c:352a:ef26:a27f', '2001:4490:4ea9:86ef:d58c:352a:ef26:a27f', 'Mozilla/5.0 (Macintosh; Intel Mac OS X 10_15_7) AppleWebKit/537.36 (KHTML, like Gecko) Chrome/147.0.0.0 Safari/537.36', 'Desktop', 'Chrome', 'macOS', '4cd9b203054e2b4d143f8e93f86daa0bb153e8b53398c19f30285917fbd3541d', 'Login successful', '2026-05-07 13:08:45'),
(97, 2, '2026-05-08 04:34:19', NULL, 'success', '120.60.107.34', 'triband-mum-120.60.107.34.mtnl.net.in', 'Mozilla/5.0 (Macintosh; Intel Mac OS X 10_15_7) AppleWebKit/537.36 (KHTML, like Gecko) Chrome/147.0.0.0 Safari/537.36', 'Desktop', 'Chrome', 'macOS', '7a30705d2ba9e02107d886b6feb2ce3db91606bfa5daa2bac5092488bdcb7cd5', 'Login successful', '2026-05-08 04:34:19'),
(98, 2, '2026-05-08 04:36:46', NULL, 'success', '2001:4490:4ea9:43ca:e0df:9126:1ede:8', '2001:4490:4ea9:43ca:e0df:9126:1ede:8', 'Mozilla/5.0 (Macintosh; Intel Mac OS X 10_15_7) AppleWebKit/537.36 (KHTML, like Gecko) Chrome/147.0.0.0 Safari/537.36', 'Desktop', 'Chrome', 'macOS', 'bbdbe840cf31f997199e304bcbd45b3151fb39257314de698c03dbd4d396d4a2', 'Login successful', '2026-05-08 04:36:46'),
(99, 2, '2026-05-08 04:54:00', NULL, 'success', '2001:4490:4ea9:43ca:e0df:9126:1ede:8', '2001:4490:4ea9:43ca:e0df:9126:1ede:8', 'Mozilla/5.0 (Macintosh; Intel Mac OS X 10_15_7) AppleWebKit/537.36 (KHTML, like Gecko) Chrome/147.0.0.0 Safari/537.36', 'Desktop', 'Chrome', 'macOS', '59c2bc6d50a27693f3fcad8e28330b7892d96b45971d935952c0c6f182776112', 'Login successful', '2026-05-08 04:54:00'),
(100, 2, '2026-05-08 04:55:03', NULL, 'success', '2001:4490:4ea9:43ca:e0df:9126:1ede:8', '2001:4490:4ea9:43ca:e0df:9126:1ede:8', 'Mozilla/5.0 (Macintosh; Intel Mac OS X 10_15_7) AppleWebKit/537.36 (KHTML, like Gecko) Chrome/147.0.0.0 Safari/537.36', 'Desktop', 'Chrome', 'macOS', '44c044138009fc1d481f417193e8484ea8cffaebce6c9e3022e0b8789e510b44', 'Login successful', '2026-05-08 04:55:03'),
(101, 2, '2026-05-08 05:00:01', NULL, 'success', '2001:4490:4ea9:43ca:e0df:9126:1ede:8', '2001:4490:4ea9:43ca:e0df:9126:1ede:8', 'Mozilla/5.0 (Macintosh; Intel Mac OS X 10_15_7) AppleWebKit/537.36 (KHTML, like Gecko) Chrome/147.0.0.0 Safari/537.36', 'Desktop', 'Chrome', 'macOS', 'a93a5cfb7f40962b4afb3bd480bddf6d4b00b568bf9f8bb38b44b9136094c08c', 'Login successful', '2026-05-08 05:00:01'),
(102, 2, '2026-05-08 05:01:41', NULL, 'success', '2001:4490:4ea9:43ca:e0df:9126:1ede:8', '2001:4490:4ea9:43ca:e0df:9126:1ede:8', 'Mozilla/5.0 (Macintosh; Intel Mac OS X 10_15_7) AppleWebKit/537.36 (KHTML, like Gecko) Chrome/147.0.0.0 Safari/537.36', 'Desktop', 'Chrome', 'macOS', '10119cf9c5673b70a7f112298c84f21884159eb4bd8328633f5babc7dd538fff', 'Login successful', '2026-05-08 05:01:41'),
(103, 4, '2026-05-08 05:01:55', NULL, 'success', '2001:4490:4ea9:43ca:d821:898d:1cc8:953f', '2001:4490:4ea9:43ca:d821:898d:1cc8:953f', 'Mozilla/5.0 (Windows NT 10.0; Win64; x64) AppleWebKit/537.36 (KHTML, like Gecko) Chrome/141.0.0.0 Safari/537.36', 'Desktop', 'Chrome', 'Windows', 'f8c3b6a6e8c2721105d1f2f73c0efff1174b8bbded3f0b3833e810c653220312', 'Login successful', '2026-05-08 05:01:55'),
(104, 5, '2026-05-08 05:02:28', NULL, 'success', '2001:4490:4ea9:43ca:e0df:9126:1ede:8', '2001:4490:4ea9:43ca:e0df:9126:1ede:8', 'Mozilla/5.0 (Macintosh; Intel Mac OS X 10_15_7) AppleWebKit/537.36 (KHTML, like Gecko) Chrome/147.0.0.0 Safari/537.36', 'Desktop', 'Chrome', 'macOS', '8b435525140ff2cd9531808694b274f7c4eec9f6159a3271797adfd8fc3a9faf', 'Login successful', '2026-05-08 05:02:28'),
(105, 2, '2026-05-08 05:09:45', NULL, 'failed', '2001:4490:4ea9:43ca:e0df:9126:1ede:8', '2001:4490:4ea9:43ca:e0df:9126:1ede:8', 'Mozilla/5.0 (Macintosh; Intel Mac OS X 10_15_7) AppleWebKit/537.36 (KHTML, like Gecko) Chrome/147.0.0.0 Safari/537.36', 'Desktop', 'Chrome', 'macOS', NULL, 'Incorrect password', '2026-05-08 05:09:45'),
(106, 2, '2026-05-08 05:09:52', NULL, 'success', '2001:4490:4ea9:43ca:e0df:9126:1ede:8', '2001:4490:4ea9:43ca:e0df:9126:1ede:8', 'Mozilla/5.0 (Macintosh; Intel Mac OS X 10_15_7) AppleWebKit/537.36 (KHTML, like Gecko) Chrome/147.0.0.0 Safari/537.36', 'Desktop', 'Chrome', 'macOS', 'a6d1466f98e1e64adcbd25508f51e17a9d3e04df670a2143c4c0dd904728ba89', 'Login successful', '2026-05-08 05:09:52'),
(107, 2, '2026-05-08 05:22:28', NULL, 'success', '2001:4490:4ea9:43ca:e0df:9126:1ede:8', '2001:4490:4ea9:43ca:e0df:9126:1ede:8', 'Mozilla/5.0 (Macintosh; Intel Mac OS X 10_15_7) AppleWebKit/537.36 (KHTML, like Gecko) Chrome/147.0.0.0 Safari/537.36', 'Desktop', 'Chrome', 'macOS', '9af28c7955459676f107a7600a3db5e194d65178a07ffd9da73e2d582cf6afc1', 'Login successful', '2026-05-08 05:22:28'),
(108, 5, '2026-05-08 05:23:05', NULL, 'success', '2001:4490:4ea9:43ca:e0df:9126:1ede:8', '2001:4490:4ea9:43ca:e0df:9126:1ede:8', 'Mozilla/5.0 (Macintosh; Intel Mac OS X 10_15_7) AppleWebKit/537.36 (KHTML, like Gecko) Chrome/147.0.0.0 Safari/537.36', 'Desktop', 'Chrome', 'macOS', 'dfe071c4ae11167f98744437d0629683eb2ebbc09269c86a2e3fd020814a2391', 'Login successful', '2026-05-08 05:23:05'),
(109, 5, '2026-05-08 05:24:05', NULL, 'success', '2001:4490:4ea9:43ca:e0df:9126:1ede:8', '2001:4490:4ea9:43ca:e0df:9126:1ede:8', 'Mozilla/5.0 (Macintosh; Intel Mac OS X 10_15_7) AppleWebKit/537.36 (KHTML, like Gecko) Chrome/147.0.0.0 Safari/537.36', 'Desktop', 'Chrome', 'macOS', 'ebc44a348ad5054479badd171585ace5727504d87388615c06b3d467df9f8543', 'Login successful', '2026-05-08 05:24:05'),
(110, 5, '2026-05-08 06:02:19', NULL, 'success', '2001:4490:4ea9:43ca:34f5:359:2ac8:4b5d', '2001:4490:4ea9:43ca:34f5:359:2ac8:4b5d', 'Mozilla/5.0 (Macintosh; Intel Mac OS X 10_15_7) AppleWebKit/537.36 (KHTML, like Gecko) Chrome/147.0.0.0 Safari/537.36', 'Desktop', 'Chrome', 'macOS', 'c4587c73683789e6dc365330f2c278ef1d293e1f44cc5fe46308bd1e9bf49e9a', 'Login successful', '2026-05-08 06:02:19'),
(111, 2, '2026-05-08 06:07:08', NULL, 'success', '2001:4490:4ea9:43ca:34f5:359:2ac8:4b5d', '2001:4490:4ea9:43ca:34f5:359:2ac8:4b5d', 'Mozilla/5.0 (Macintosh; Intel Mac OS X 10_15_7) AppleWebKit/537.36 (KHTML, like Gecko) Chrome/147.0.0.0 Safari/537.36', 'Desktop', 'Chrome', 'macOS', '3d32807681984012c86fcf6b978dd0da2a0c0af43184cc3ba98af95c6cd6d3c1', 'Login successful', '2026-05-08 06:07:08'),
(112, 5, '2026-05-08 06:09:08', NULL, 'success', '2001:4490:4ea9:43ca:34f5:359:2ac8:4b5d', '2001:4490:4ea9:43ca:34f5:359:2ac8:4b5d', 'Mozilla/5.0 (Macintosh; Intel Mac OS X 10_15_7) AppleWebKit/537.36 (KHTML, like Gecko) Chrome/147.0.0.0 Safari/537.36', 'Desktop', 'Chrome', 'macOS', '1b7ddfb782bb83c00c370967d9332b2d4b9f809998de1b66b330cfc7ae77a05f', 'Login successful', '2026-05-08 06:09:08'),
(113, 5, '2026-05-08 06:16:24', NULL, 'success', '2001:4490:4ea9:43ca:34f5:359:2ac8:4b5d', '2001:4490:4ea9:43ca:34f5:359:2ac8:4b5d', 'Mozilla/5.0 (Macintosh; Intel Mac OS X 10_15_7) AppleWebKit/537.36 (KHTML, like Gecko) Chrome/147.0.0.0 Safari/537.36', 'Desktop', 'Chrome', 'macOS', '54a4060c1bb4f53292a5b349e61c796eed1a50411e695557e583cc91912646fe', 'Login successful', '2026-05-08 06:16:24'),
(114, 2, '2026-05-08 06:17:26', NULL, 'success', '2001:4490:4ea9:43ca:34f5:359:2ac8:4b5d', '2001:4490:4ea9:43ca:34f5:359:2ac8:4b5d', 'Mozilla/5.0 (Macintosh; Intel Mac OS X 10_15_7) AppleWebKit/537.36 (KHTML, like Gecko) Chrome/147.0.0.0 Safari/537.36', 'Desktop', 'Chrome', 'macOS', '25ace651fe8f09e1e45acc25affef8466e4133e063f34811ae82772778cc8066', 'Login successful', '2026-05-08 06:17:26'),
(115, 5, '2026-05-08 06:18:04', NULL, 'success', '2001:4490:4ea9:43ca:34f5:359:2ac8:4b5d', '2001:4490:4ea9:43ca:34f5:359:2ac8:4b5d', 'Mozilla/5.0 (Macintosh; Intel Mac OS X 10_15_7) AppleWebKit/537.36 (KHTML, like Gecko) Chrome/147.0.0.0 Safari/537.36', 'Desktop', 'Chrome', 'macOS', '71dd3c432659f15b6c54a28b33a81107d383a4e4d238d63cbc6922ed552a5f18', 'Login successful', '2026-05-08 06:18:04'),
(116, 5, '2026-05-08 06:23:21', NULL, 'success', '2001:4490:4ea9:43ca:34f5:359:2ac8:4b5d', '2001:4490:4ea9:43ca:34f5:359:2ac8:4b5d', 'Mozilla/5.0 (Macintosh; Intel Mac OS X 10_15_7) AppleWebKit/537.36 (KHTML, like Gecko) Chrome/147.0.0.0 Safari/537.36', 'Desktop', 'Chrome', 'macOS', '74371da68bfa2f22d7b26a2da02ef5e00e31405f1d1a9465b251e3e416029f44', 'Login successful', '2026-05-08 06:23:21'),
(117, 5, '2026-05-08 06:34:30', NULL, 'success', '2001:4490:4ea9:43ca:34f5:359:2ac8:4b5d', '2001:4490:4ea9:43ca:34f5:359:2ac8:4b5d', 'Mozilla/5.0 (Macintosh; Intel Mac OS X 10_15_7) AppleWebKit/537.36 (KHTML, like Gecko) Chrome/147.0.0.0 Safari/537.36', 'Desktop', 'Chrome', 'macOS', '8a63a1d1a611077b972fdf74a980c5fbfe2522d3605defb2f35cb88d78815bb5', 'Login successful', '2026-05-08 06:34:30'),
(118, 2, '2026-05-08 10:44:10', NULL, 'success', '2001:4490:4ea9:43ca:34f5:359:2ac8:4b5d', '2001:4490:4ea9:43ca:34f5:359:2ac8:4b5d', 'Mozilla/5.0 (Macintosh; Intel Mac OS X 10_15_7) AppleWebKit/537.36 (KHTML, like Gecko) Chrome/147.0.0.0 Safari/537.36', 'Desktop', 'Chrome', 'macOS', 'f24614cdf5a3cfb60cc224cc7f2f6028a7f5174321c0542d1103df92dc026d90', 'Login successful', '2026-05-08 10:44:10'),
(119, 5, '2026-05-08 10:44:57', NULL, 'success', '2001:4490:4ea9:43ca:34f5:359:2ac8:4b5d', '2001:4490:4ea9:43ca:34f5:359:2ac8:4b5d', 'Mozilla/5.0 (Macintosh; Intel Mac OS X 10_15_7) AppleWebKit/537.36 (KHTML, like Gecko) Chrome/147.0.0.0 Safari/537.36', 'Desktop', 'Chrome', 'macOS', '8a12c81cac00eafa41a201f08d6d7435e92e4a005f2b54fd587a832a093f2a1c', 'Login successful', '2026-05-08 10:44:57'),
(120, 2, '2026-05-08 10:45:53', NULL, 'success', '2001:4490:4ea9:43ca:34f5:359:2ac8:4b5d', '2001:4490:4ea9:43ca:34f5:359:2ac8:4b5d', 'Mozilla/5.0 (Macintosh; Intel Mac OS X 10_15_7) AppleWebKit/537.36 (KHTML, like Gecko) Chrome/147.0.0.0 Safari/537.36', 'Desktop', 'Chrome', 'macOS', '0276347be0091851d8ab12223c71e3aeee13396b79a00e573d0c62c8d0b5dc33', 'Login successful', '2026-05-08 10:45:53'),
(121, 5, '2026-05-08 10:47:07', NULL, 'success', '2001:4490:4ea9:43ca:34f5:359:2ac8:4b5d', '2001:4490:4ea9:43ca:34f5:359:2ac8:4b5d', 'Mozilla/5.0 (Macintosh; Intel Mac OS X 10_15_7) AppleWebKit/537.36 (KHTML, like Gecko) Chrome/147.0.0.0 Safari/537.36', 'Desktop', 'Chrome', 'macOS', '30b8bccaa95ffeb4045581206f726219ef6217179660e994180884f069a29882', 'Login successful', '2026-05-08 10:47:07'),
(122, 2, '2026-05-08 10:48:14', NULL, 'success', '2001:4490:4ea9:43ca:34f5:359:2ac8:4b5d', '2001:4490:4ea9:43ca:34f5:359:2ac8:4b5d', 'Mozilla/5.0 (Macintosh; Intel Mac OS X 10_15_7) AppleWebKit/537.36 (KHTML, like Gecko) Chrome/147.0.0.0 Safari/537.36', 'Desktop', 'Chrome', 'macOS', '48a389fd31d572d9ae48cbbb1515bc2e424354c630ae32a42c95c7a0b8506070', 'Login successful', '2026-05-08 10:48:14'),
(123, 5, '2026-05-08 10:49:32', NULL, 'success', '2001:4490:4ea9:43ca:34f5:359:2ac8:4b5d', '2001:4490:4ea9:43ca:34f5:359:2ac8:4b5d', 'Mozilla/5.0 (Macintosh; Intel Mac OS X 10_15_7) AppleWebKit/537.36 (KHTML, like Gecko) Chrome/147.0.0.0 Safari/537.36', 'Desktop', 'Chrome', 'macOS', 'dcb1ca9581336e353f3ae6b710ee49b853648fc94b652513af9e359ce5fee84e', 'Login successful', '2026-05-08 10:49:32'),
(124, 5, '2026-05-08 11:07:20', NULL, 'success', '2001:4490:4ea9:43ca:34f5:359:2ac8:4b5d', '2001:4490:4ea9:43ca:34f5:359:2ac8:4b5d', 'Mozilla/5.0 (Macintosh; Intel Mac OS X 10_15_7) AppleWebKit/537.36 (KHTML, like Gecko) Chrome/147.0.0.0 Safari/537.36', 'Desktop', 'Chrome', 'macOS', 'fa529d18c9eb2bfa8a648e86d9e8f1d96562e4eebad508f3acf0d0d0a7518391', 'Login successful', '2026-05-08 11:07:20'),
(125, 2, '2026-05-08 11:08:08', NULL, 'success', '2001:4490:4ea9:43ca:34f5:359:2ac8:4b5d', '2001:4490:4ea9:43ca:34f5:359:2ac8:4b5d', 'Mozilla/5.0 (Macintosh; Intel Mac OS X 10_15_7) AppleWebKit/537.36 (KHTML, like Gecko) Chrome/147.0.0.0 Safari/537.36', 'Desktop', 'Chrome', 'macOS', '4e59c49761c071d5b421ac7908fc2909c0d7c569c11294bc53303f2387884b88', 'Login successful', '2026-05-08 11:08:08'),
(126, 5, '2026-05-08 11:12:00', NULL, 'success', '2001:4490:4ea9:43ca:34f5:359:2ac8:4b5d', '2001:4490:4ea9:43ca:34f5:359:2ac8:4b5d', 'Mozilla/5.0 (Macintosh; Intel Mac OS X 10_15_7) AppleWebKit/537.36 (KHTML, like Gecko) Chrome/147.0.0.0 Safari/537.36', 'Desktop', 'Chrome', 'macOS', '4cbb12877f5538aea9369d0e3df7fd5000f4b7971a9513d94db1757adcb4e7e2', 'Login successful', '2026-05-08 11:12:00'),
(127, 5, '2026-05-08 11:16:58', NULL, 'success', '2001:4490:4ea9:43ca:34f5:359:2ac8:4b5d', '2001:4490:4ea9:43ca:34f5:359:2ac8:4b5d', 'Mozilla/5.0 (Macintosh; Intel Mac OS X 10_15_7) AppleWebKit/537.36 (KHTML, like Gecko) Chrome/147.0.0.0 Safari/537.36', 'Desktop', 'Chrome', 'macOS', '04d728f21dd0ed0fba7ce0a250f6a28e6722bc03bf3eb7ad4f042e563a6f9776', 'Login successful', '2026-05-08 11:16:58'),
(128, 5, '2026-05-08 11:17:44', NULL, 'success', '2001:4490:4ea9:43ca:34f5:359:2ac8:4b5d', '2001:4490:4ea9:43ca:34f5:359:2ac8:4b5d', 'Mozilla/5.0 (Macintosh; Intel Mac OS X 10_15_7) AppleWebKit/537.36 (KHTML, like Gecko) Chrome/147.0.0.0 Safari/537.36', 'Desktop', 'Chrome', 'macOS', 'f58f362679454e4e26a045b08ce24d138416ce27bb2e6aefd7b5297674386a82', 'Login successful', '2026-05-08 11:17:44'),
(129, 2, '2026-05-08 11:19:14', NULL, 'success', '2001:4490:4ea9:43ca:34f5:359:2ac8:4b5d', '2001:4490:4ea9:43ca:34f5:359:2ac8:4b5d', 'Mozilla/5.0 (Macintosh; Intel Mac OS X 10_15_7) AppleWebKit/537.36 (KHTML, like Gecko) Chrome/147.0.0.0 Safari/537.36', 'Desktop', 'Chrome', 'macOS', 'b4b84c52193b652ee1c5337add9d1b580f67293788a7256ef63ab7787c4db6b9', 'Login successful', '2026-05-08 11:19:14'),
(130, 5, '2026-05-08 11:20:11', NULL, 'success', '2001:4490:4ea9:43ca:34f5:359:2ac8:4b5d', '2001:4490:4ea9:43ca:34f5:359:2ac8:4b5d', 'Mozilla/5.0 (Macintosh; Intel Mac OS X 10_15_7) AppleWebKit/537.36 (KHTML, like Gecko) Chrome/147.0.0.0 Safari/537.36', 'Desktop', 'Chrome', 'macOS', 'd3177599de26daac3b274405febf122002f19d20330c281ff52d0202503139e6', 'Login successful', '2026-05-08 11:20:11'),
(131, 5, '2026-05-08 11:28:24', NULL, 'success', '2001:4490:4ea9:43ca:34f5:359:2ac8:4b5d', '2001:4490:4ea9:43ca:34f5:359:2ac8:4b5d', 'Mozilla/5.0 (Macintosh; Intel Mac OS X 10_15_7) AppleWebKit/537.36 (KHTML, like Gecko) Chrome/147.0.0.0 Safari/537.36', 'Desktop', 'Chrome', 'macOS', 'cb6ed5c2336729f6e04578929a9602a3bc3c23b5b496bc9465bccedf69c3384f', 'Login successful', '2026-05-08 11:28:24'),
(132, 5, '2026-05-08 11:38:00', NULL, 'success', '2001:4490:4ea9:43ca:34f5:359:2ac8:4b5d', '2001:4490:4ea9:43ca:34f5:359:2ac8:4b5d', 'Mozilla/5.0 (Macintosh; Intel Mac OS X 10_15_7) AppleWebKit/537.36 (KHTML, like Gecko) Chrome/147.0.0.0 Safari/537.36', 'Desktop', 'Chrome', 'macOS', '9da1df22b695c4de2e03c4ae97bb2893957123e79c113c6c95977364d4d5f5be', 'Login successful', '2026-05-08 11:38:00'),
(133, 5, '2026-05-08 11:56:51', NULL, 'success', '117.251.37.32', '117.251.37.32', 'Mozilla/5.0 (Macintosh; Intel Mac OS X 10_15_7) AppleWebKit/537.36 (KHTML, like Gecko) Chrome/147.0.0.0 Safari/537.36', 'Desktop', 'Chrome', 'macOS', '606314cfd197da8870f6bf65b4322526e0f9736991eaeaf37da3295f3e0fb774', 'Login successful', '2026-05-08 11:56:51'),
(134, 5, '2026-05-08 12:00:21', NULL, 'success', '117.251.37.32', '117.251.37.32', 'Mozilla/5.0 (Macintosh; Intel Mac OS X 10_15_7) AppleWebKit/537.36 (KHTML, like Gecko) Chrome/147.0.0.0 Safari/537.36', 'Desktop', 'Chrome', 'macOS', 'fa8fd31e5834ceb408d85cecf51f1bd1f925d4fd6aab7676ac0137f65924c470', 'Login successful', '2026-05-08 12:00:21'),
(135, 2, '2026-05-08 12:02:51', NULL, 'success', '117.251.37.32', '117.251.37.32', 'Mozilla/5.0 (Macintosh; Intel Mac OS X 10_15_7) AppleWebKit/537.36 (KHTML, like Gecko) Chrome/147.0.0.0 Safari/537.36', 'Desktop', 'Chrome', 'macOS', 'd65d806dbbeccd3db35bb90902c201a79ba26dca6d3d9fe54e22d2545627cb1c', 'Login successful', '2026-05-08 12:02:51'),
(136, 5, '2026-05-08 12:04:21', NULL, 'success', '117.251.37.32', '117.251.37.32', 'Mozilla/5.0 (Macintosh; Intel Mac OS X 10_15_7) AppleWebKit/537.36 (KHTML, like Gecko) Chrome/147.0.0.0 Safari/537.36', 'Desktop', 'Chrome', 'macOS', '8e6fdc27cf853abb765e41136ba23faf354e6041063d3d21efd50540ca710da9', 'Login successful', '2026-05-08 12:04:21'),
(137, 5, '2026-05-08 12:06:08', NULL, 'success', '117.251.37.32', '117.251.37.32', 'Mozilla/5.0 (Macintosh; Intel Mac OS X 10_15_7) AppleWebKit/537.36 (KHTML, like Gecko) Chrome/147.0.0.0 Safari/537.36', 'Desktop', 'Chrome', 'macOS', 'bbd803322987e81e91c9510a3c6be008815358422cdb31e50c9098bdb75f3d57', 'Login successful', '2026-05-08 12:06:08'),
(138, 2, '2026-05-08 12:06:27', NULL, 'failed', '2001:4490:4ea9:dcfe:608c:7fc5:805f:7b7b', '2001:4490:4ea9:dcfe:608c:7fc5:805f:7b7b', 'Mozilla/5.0 (Windows NT 10.0; Win64; x64) AppleWebKit/537.36 (KHTML, like Gecko) Chrome/147.0.0.0 Safari/537.36', 'Desktop', 'Chrome', 'Windows', NULL, 'Incorrect password', '2026-05-08 12:06:27'),
(139, 4, '2026-05-08 12:06:41', NULL, 'success', '2001:4490:4ea9:dcfe:608c:7fc5:805f:7b7b', '2001:4490:4ea9:dcfe:608c:7fc5:805f:7b7b', 'Mozilla/5.0 (Windows NT 10.0; Win64; x64) AppleWebKit/537.36 (KHTML, like Gecko) Chrome/147.0.0.0 Safari/537.36', 'Desktop', 'Chrome', 'Windows', 'bbf35cd51e72e0825841eaff973bdfd40b12cd7524c9682034db610a0ee3bb60', 'Login successful', '2026-05-08 12:06:41'),
(140, 5, '2026-05-08 12:06:53', NULL, 'success', '117.251.37.32', '117.251.37.32', 'Mozilla/5.0 (Macintosh; Intel Mac OS X 10_15_7) AppleWebKit/537.36 (KHTML, like Gecko) Chrome/147.0.0.0 Safari/537.36', 'Desktop', 'Chrome', 'macOS', '8a9555cbc2f5fe0d2714d11347f51fb0226bed1998f78250731da1554d12040c', 'Login successful', '2026-05-08 12:06:53'),
(141, 5, '2026-05-08 12:45:49', NULL, 'success', '117.251.37.32', '117.251.37.32', 'Mozilla/5.0 (Macintosh; Intel Mac OS X 10_15_7) AppleWebKit/537.36 (KHTML, like Gecko) Chrome/147.0.0.0 Safari/537.36', 'Desktop', 'Chrome', 'macOS', '33fb703d17758999cf722a783d130393ab2dcfa981d923238b10835692c6c247', 'Login successful', '2026-05-08 12:45:49'),
(142, 5, '2026-05-08 12:46:57', NULL, 'success', '117.251.37.32', '117.251.37.32', 'Mozilla/5.0 (Macintosh; Intel Mac OS X 10_15_7) AppleWebKit/537.36 (KHTML, like Gecko) Chrome/147.0.0.0 Safari/537.36', 'Desktop', 'Chrome', 'macOS', '67850598191f060101b10623746f1053c904494a909f900c9c7c945052e537ca', 'Login successful', '2026-05-08 12:46:57'),
(143, 4, '2026-05-09 04:32:19', NULL, 'success', '2001:4490:4ea9:15bb:79cf:aaf3:71fd:d5f7', '2001:4490:4ea9:15bb:79cf:aaf3:71fd:d5f7', 'Mozilla/5.0 (Windows NT 10.0; Win64; x64) AppleWebKit/537.36 (KHTML, like Gecko) Chrome/141.0.0.0 Safari/537.36', 'Desktop', 'Chrome', 'Windows', '6acba4f2c2414cfcd6d2ff76b9dc1e996dc56d3d7eee1ded8a9d0f601c71fc88', 'Login successful', '2026-05-09 04:32:19'),
(144, 5, '2026-05-09 05:02:53', NULL, 'success', '2001:4490:4ea9:15bb:4948:1989:a31c:4d80', '2001:4490:4ea9:15bb:4948:1989:a31c:4d80', 'Mozilla/5.0 (Macintosh; Intel Mac OS X 10_15_7) AppleWebKit/537.36 (KHTML, like Gecko) Chrome/147.0.0.0 Safari/537.36', 'Desktop', 'Chrome', 'macOS', '7b5d04026b4cdcfd9818cb4de5987f6ae8b13139ea525bc6ce5d21d287282c83', 'Login successful', '2026-05-09 05:02:53'),
(145, 5, '2026-05-09 05:10:43', NULL, 'success', '2001:4490:4ea9:15bb:4948:1989:a31c:4d80', '2001:4490:4ea9:15bb:4948:1989:a31c:4d80', 'Mozilla/5.0 (Macintosh; Intel Mac OS X 10_15_7) AppleWebKit/537.36 (KHTML, like Gecko) Chrome/147.0.0.0 Safari/537.36', 'Desktop', 'Chrome', 'macOS', 'de10935f49ddfce98f483272ff4ec650c9544242c2aea025e2ece3079e284e14', 'Login successful', '2026-05-09 05:10:43'),
(146, 5, '2026-05-09 05:11:10', NULL, 'success', '2001:4490:4ea9:15bb:4948:1989:a31c:4d80', '2001:4490:4ea9:15bb:4948:1989:a31c:4d80', 'Mozilla/5.0 (Macintosh; Intel Mac OS X 10_15_7) AppleWebKit/537.36 (KHTML, like Gecko) Chrome/147.0.0.0 Safari/537.36', 'Desktop', 'Chrome', 'macOS', '4794c9c7b4c5e258fff1425996e19601de33db2be5509a368a83809d68c35f04', 'Login successful', '2026-05-09 05:11:10'),
(147, 5, '2026-05-09 05:11:23', NULL, 'success', '2001:4490:4ea9:15bb:4948:1989:a31c:4d80', '2001:4490:4ea9:15bb:4948:1989:a31c:4d80', 'Mozilla/5.0 (Macintosh; Intel Mac OS X 10_15_7) AppleWebKit/537.36 (KHTML, like Gecko) Chrome/147.0.0.0 Safari/537.36', 'Desktop', 'Chrome', 'macOS', '2772466906995798c9868f871582180c2fc1772102b05a58aec48397765a4d38', 'Login successful', '2026-05-09 05:11:23'),
(148, 5, '2026-05-09 05:15:29', NULL, 'success', '2001:4490:4ea9:15bb:4948:1989:a31c:4d80', '2001:4490:4ea9:15bb:4948:1989:a31c:4d80', 'Mozilla/5.0 (Macintosh; Intel Mac OS X 10_15_7) AppleWebKit/537.36 (KHTML, like Gecko) Chrome/147.0.0.0 Safari/537.36', 'Desktop', 'Chrome', 'macOS', 'a5026e4511809a0a873b930c5db957485c9fc394fa73c3f90ab52862a0dd1e46', 'Login successful', '2026-05-09 05:15:29'),
(149, 5, '2026-05-09 05:21:39', NULL, 'success', '2001:4490:4ea9:15bb:4948:1989:a31c:4d80', '2001:4490:4ea9:15bb:4948:1989:a31c:4d80', 'Mozilla/5.0 (Macintosh; Intel Mac OS X 10_15_7) AppleWebKit/537.36 (KHTML, like Gecko) Chrome/147.0.0.0 Safari/537.36', 'Desktop', 'Chrome', 'macOS', '980caf3e9c41762ee97cb62293b972d137e9857f8e8b5b3c67d9464da6169567', 'Login successful', '2026-05-09 05:21:39'),
(150, 5, '2026-05-09 05:25:09', NULL, 'success', '2001:4490:4ea9:15bb:4948:1989:a31c:4d80', '2001:4490:4ea9:15bb:4948:1989:a31c:4d80', 'Mozilla/5.0 (Macintosh; Intel Mac OS X 10_15_7) AppleWebKit/537.36 (KHTML, like Gecko) Chrome/147.0.0.0 Safari/537.36', 'Desktop', 'Chrome', 'macOS', 'b1ba462d8a7f1382115f2c32db36ae628b101b295081366547b8f175876a5e24', 'Login successful', '2026-05-09 05:25:09'),
(151, 5, '2026-05-09 05:25:37', NULL, 'success', '2001:4490:4ea9:15bb:4948:1989:a31c:4d80', '2001:4490:4ea9:15bb:4948:1989:a31c:4d80', 'Mozilla/5.0 (Macintosh; Intel Mac OS X 10_15_7) AppleWebKit/537.36 (KHTML, like Gecko) Chrome/147.0.0.0 Safari/537.36', 'Desktop', 'Chrome', 'macOS', '48c9726a9d3a753b4128568528cc415bcb40c1743ef8503aa36088af934cf525', 'Login successful', '2026-05-09 05:25:37'),
(152, 5, '2026-05-09 05:26:57', NULL, 'success', '2001:4490:4ea9:15bb:4948:1989:a31c:4d80', '2001:4490:4ea9:15bb:4948:1989:a31c:4d80', 'Mozilla/5.0 (Macintosh; Intel Mac OS X 10_15_7) AppleWebKit/537.36 (KHTML, like Gecko) Chrome/147.0.0.0 Safari/537.36', 'Desktop', 'Chrome', 'macOS', '5dfd94be89317ed7bfb687adaec479f9c56986f21c61342cdd940980af9fe2fb', 'Login successful', '2026-05-09 05:26:57'),
(153, 5, '2026-05-09 05:32:41', NULL, 'success', '2001:4490:4ea9:15bb:4948:1989:a31c:4d80', '2001:4490:4ea9:15bb:4948:1989:a31c:4d80', 'Mozilla/5.0 (Macintosh; Intel Mac OS X 10_15_7) AppleWebKit/537.36 (KHTML, like Gecko) Chrome/147.0.0.0 Safari/537.36', 'Desktop', 'Chrome', 'macOS', '1a46f7b0d568c0c38a42533a6056a782ebd547552b46064d60e361b6f3d57e5c', 'Login successful', '2026-05-09 05:32:41'),
(154, 5, '2026-05-09 05:37:18', NULL, 'success', '2001:4490:4ea9:15bb:4948:1989:a31c:4d80', '2001:4490:4ea9:15bb:4948:1989:a31c:4d80', 'Mozilla/5.0 (Macintosh; Intel Mac OS X 10_15_7) AppleWebKit/537.36 (KHTML, like Gecko) Chrome/147.0.0.0 Safari/537.36', 'Desktop', 'Chrome', 'macOS', 'bbb9c4bc04336b7cb22d3dede7039aeabb71dce84c90e691ec0aad102d91295d', 'Login successful', '2026-05-09 05:37:18'),
(155, 5, '2026-05-09 05:38:26', NULL, 'success', '2001:4490:4ea9:15bb:4948:1989:a31c:4d80', '2001:4490:4ea9:15bb:4948:1989:a31c:4d80', 'Mozilla/5.0 (Macintosh; Intel Mac OS X 10_15_7) AppleWebKit/537.36 (KHTML, like Gecko) Chrome/147.0.0.0 Safari/537.36', 'Desktop', 'Chrome', 'macOS', 'b6ba1042f0018c94b975e35dad4d582285b2df1e8130dc065539afc1b589c81d', 'Login successful', '2026-05-09 05:38:26'),
(156, 2, '2026-05-09 05:38:43', NULL, 'failed', '2001:4490:4ea9:15bb:4948:1989:a31c:4d80', '2001:4490:4ea9:15bb:4948:1989:a31c:4d80', 'Mozilla/5.0 (Macintosh; Intel Mac OS X 10_15_7) AppleWebKit/537.36 (KHTML, like Gecko) Chrome/147.0.0.0 Safari/537.36', 'Desktop', 'Chrome', 'macOS', NULL, 'Incorrect password', '2026-05-09 05:38:43'),
(157, 2, '2026-05-09 05:38:54', NULL, 'failed', '2001:4490:4ea9:15bb:4948:1989:a31c:4d80', '2001:4490:4ea9:15bb:4948:1989:a31c:4d80', 'Mozilla/5.0 (Macintosh; Intel Mac OS X 10_15_7) AppleWebKit/537.36 (KHTML, like Gecko) Chrome/147.0.0.0 Safari/537.36', 'Desktop', 'Chrome', 'macOS', NULL, 'Incorrect password', '2026-05-09 05:38:54'),
(158, 2, '2026-05-09 05:39:02', NULL, 'success', '2001:4490:4ea9:15bb:4948:1989:a31c:4d80', '2001:4490:4ea9:15bb:4948:1989:a31c:4d80', 'Mozilla/5.0 (Macintosh; Intel Mac OS X 10_15_7) AppleWebKit/537.36 (KHTML, like Gecko) Chrome/147.0.0.0 Safari/537.36', 'Desktop', 'Chrome', 'macOS', '484ffd884ead0a7c3ec16384b5e62da89aacbe8cafde18d55c6d3988728a9efc', 'Login successful', '2026-05-09 05:39:02'),
(159, 5, '2026-05-09 05:39:50', NULL, 'success', '2001:4490:4ea9:15bb:4948:1989:a31c:4d80', '2001:4490:4ea9:15bb:4948:1989:a31c:4d80', 'Mozilla/5.0 (Macintosh; Intel Mac OS X 10_15_7) AppleWebKit/537.36 (KHTML, like Gecko) Chrome/147.0.0.0 Safari/537.36', 'Desktop', 'Chrome', 'macOS', '1588e20c8455f0bea1a6c7c6135e742eac00759ff6c93198faab63d654ddf1b0', 'Login successful', '2026-05-09 05:39:50'),
(160, 5, '2026-05-09 05:43:36', NULL, 'success', '2001:4490:4ea9:15bb:4948:1989:a31c:4d80', '2001:4490:4ea9:15bb:4948:1989:a31c:4d80', 'Mozilla/5.0 (Macintosh; Intel Mac OS X 10_15_7) AppleWebKit/537.36 (KHTML, like Gecko) Chrome/147.0.0.0 Safari/537.36', 'Desktop', 'Chrome', 'macOS', '19c767b14e11f9e6a1902a1a00d53276ac1082b652a91d1ff556a2bf25da1b32', 'Login successful', '2026-05-09 05:43:36'),
(161, 5, '2026-05-09 05:44:43', NULL, 'success', '2001:4490:4ea9:15bb:4948:1989:a31c:4d80', '2001:4490:4ea9:15bb:4948:1989:a31c:4d80', 'Mozilla/5.0 (Macintosh; Intel Mac OS X 10_15_7) AppleWebKit/537.36 (KHTML, like Gecko) Chrome/147.0.0.0 Safari/537.36', 'Desktop', 'Chrome', 'macOS', 'e20e96d918673dace2e972867f6d2395766ce8bad1dfade38835303b530d984c', 'Login successful', '2026-05-09 05:44:43'),
(162, 2, '2026-05-09 05:45:37', NULL, 'success', '2001:4490:4ea9:15bb:4948:1989:a31c:4d80', '2001:4490:4ea9:15bb:4948:1989:a31c:4d80', 'Mozilla/5.0 (Macintosh; Intel Mac OS X 10_15_7) AppleWebKit/537.36 (KHTML, like Gecko) Chrome/147.0.0.0 Safari/537.36', 'Desktop', 'Chrome', 'macOS', 'f736a7af4cd5b0e3f46e5a7c5b014c36713ddf2966e295fef4442cbe2af596a6', 'Login successful', '2026-05-09 05:45:37'),
(163, 2, '2026-05-09 06:04:02', NULL, 'failed', '2001:4490:4ea9:15bb:b1da:1e7:59c3:3848', '2001:4490:4ea9:15bb:b1da:1e7:59c3:3848', 'Mozilla/5.0 (Macintosh; Intel Mac OS X 10_15_7) AppleWebKit/537.36 (KHTML, like Gecko) Chrome/147.0.0.0 Safari/537.36', 'Desktop', 'Chrome', 'macOS', NULL, 'Incorrect password', '2026-05-09 06:04:02');;

INSERT INTO `login_history` (`id`, `user_id`, `login_at`, `logout_at`, `login_status`, `ip_address`, `host_name`, `user_agent`, `device_type`, `browser`, `os`, `session_token`, `remarks`, `created_at`) VALUES
(164, 2, '2026-05-09 06:04:47', NULL, 'success', '2001:4490:4ea9:15bb:b1da:1e7:59c3:3848', '2001:4490:4ea9:15bb:b1da:1e7:59c3:3848', 'Mozilla/5.0 (Macintosh; Intel Mac OS X 10_15_7) AppleWebKit/537.36 (KHTML, like Gecko) Chrome/147.0.0.0 Safari/537.36', 'Desktop', 'Chrome', 'macOS', 'a420e2c0b89c5c2fb87a4a3d5d3c61e5a3d4257db2213853edd4b99da6485ab3', 'Login successful', '2026-05-09 06:04:47'),
(165, 2, '2026-05-09 06:31:11', NULL, 'success', '2001:4490:4ea9:15bb:b1da:1e7:59c3:3848', '2001:4490:4ea9:15bb:b1da:1e7:59c3:3848', 'Mozilla/5.0 (Macintosh; Intel Mac OS X 10_15_7) AppleWebKit/537.36 (KHTML, like Gecko) Chrome/147.0.0.0 Safari/537.36', 'Desktop', 'Chrome', 'macOS', '78dd1b8ef4085690074081ac7440fd0758ebd8c1a84fdcb1555010466948f263', 'Login successful', '2026-05-09 06:31:11'),
(166, 5, '2026-05-09 06:31:56', NULL, 'success', '2001:4490:4ea9:15bb:b1da:1e7:59c3:3848', '2001:4490:4ea9:15bb:b1da:1e7:59c3:3848', 'Mozilla/5.0 (Macintosh; Intel Mac OS X 10_15_7) AppleWebKit/537.36 (KHTML, like Gecko) Chrome/147.0.0.0 Safari/537.36', 'Desktop', 'Chrome', 'macOS', 'b676179eafc0e10c600f980e9d9956ea4eb1ba7d417596552366724d45757a8c', 'Login successful', '2026-05-09 06:31:56'),
(167, 2, '2026-05-09 06:32:26', NULL, 'success', '2001:4490:4ea9:15bb:b1da:1e7:59c3:3848', '2001:4490:4ea9:15bb:b1da:1e7:59c3:3848', 'Mozilla/5.0 (Macintosh; Intel Mac OS X 10_15_7) AppleWebKit/537.36 (KHTML, like Gecko) Chrome/147.0.0.0 Safari/537.36', 'Desktop', 'Chrome', 'macOS', 'ca03e099a1635dad5cce7deb7566ea073aab0718671ca3c7447fce640c92198d', 'Login successful', '2026-05-09 06:32:26'),
(168, 2, '2026-05-09 06:36:44', NULL, 'success', '2001:4490:4ea9:15bb:b1da:1e7:59c3:3848', '2001:4490:4ea9:15bb:b1da:1e7:59c3:3848', 'Mozilla/5.0 (Macintosh; Intel Mac OS X 10_15_7) AppleWebKit/537.36 (KHTML, like Gecko) Chrome/147.0.0.0 Safari/537.36', 'Desktop', 'Chrome', 'macOS', '71355981d2b75417be7be9fe794f629b7e67a212699ff629f7349202df4a961d', 'Login successful', '2026-05-09 06:36:44'),
(169, 5, '2026-05-09 06:48:48', NULL, 'success', '2001:4490:4ea9:15bb:b1da:1e7:59c3:3848', '2001:4490:4ea9:15bb:b1da:1e7:59c3:3848', 'Mozilla/5.0 (Macintosh; Intel Mac OS X 10_15_7) AppleWebKit/537.36 (KHTML, like Gecko) Chrome/147.0.0.0 Safari/537.36', 'Desktop', 'Chrome', 'macOS', '20d5d2c5fbfe26de58ca5cac2c83ccaabc0514e5bafe143bdaf514aec4684fa4', 'Login successful', '2026-05-09 06:48:48'),
(170, 2, '2026-05-09 06:49:07', NULL, 'success', '2001:4490:4ea9:15bb:b1da:1e7:59c3:3848', '2001:4490:4ea9:15bb:b1da:1e7:59c3:3848', 'Mozilla/5.0 (Macintosh; Intel Mac OS X 10_15_7) AppleWebKit/537.36 (KHTML, like Gecko) Chrome/147.0.0.0 Safari/537.36', 'Desktop', 'Chrome', 'macOS', 'f9d5b2677af3e92d91a377f1c5d4fde4ab2540e9906184e0e7bb14ad7d133117', 'Login successful', '2026-05-09 06:49:07'),
(171, 2, '2026-05-09 06:50:25', NULL, 'success', '2001:4490:4ea9:15bb:b1da:1e7:59c3:3848', '2001:4490:4ea9:15bb:b1da:1e7:59c3:3848', 'Mozilla/5.0 (Macintosh; Intel Mac OS X 10_15_7) AppleWebKit/537.36 (KHTML, like Gecko) Chrome/147.0.0.0 Safari/537.36', 'Desktop', 'Chrome', 'macOS', 'fdcdd235a72d21d4a45d13f495fc7f24e7b59a1206311c39cf5d2240020cf513', 'Login successful', '2026-05-09 06:50:25'),
(172, 2, '2026-05-09 06:54:01', NULL, 'success', '2001:4490:4ea9:15bb:b1da:1e7:59c3:3848', '2001:4490:4ea9:15bb:b1da:1e7:59c3:3848', 'Mozilla/5.0 (Macintosh; Intel Mac OS X 10_15_7) AppleWebKit/537.36 (KHTML, like Gecko) Chrome/147.0.0.0 Safari/537.36', 'Desktop', 'Chrome', 'macOS', '83fa151fb2f2959f6c1a8578abfa11edd6a5a52c0702e8c9a5394ed0335786df', 'Login successful', '2026-05-09 06:54:01'),
(173, 5, '2026-05-09 07:09:28', NULL, 'success', '2001:4490:4ea9:15bb:b1da:1e7:59c3:3848', '2001:4490:4ea9:15bb:b1da:1e7:59c3:3848', 'Mozilla/5.0 (Macintosh; Intel Mac OS X 10_15_7) AppleWebKit/537.36 (KHTML, like Gecko) Chrome/147.0.0.0 Safari/537.36', 'Desktop', 'Chrome', 'macOS', '1cb63c4b5117355c67afc7d36e650cdb244b27a4dc3dbd63295af43d24aa567c', 'Login successful', '2026-05-09 07:09:28'),
(174, 5, '2026-05-09 07:11:11', NULL, 'success', '2001:4490:4ea9:15bb:b1da:1e7:59c3:3848', '2001:4490:4ea9:15bb:b1da:1e7:59c3:3848', 'Mozilla/5.0 (Macintosh; Intel Mac OS X 10_15_7) AppleWebKit/537.36 (KHTML, like Gecko) Chrome/147.0.0.0 Safari/537.36', 'Desktop', 'Chrome', 'macOS', '475edfd040c08e8f876080d692f58e57b8e2ee77d31757f26994f61834f790ad', 'Login successful', '2026-05-09 07:11:11'),
(175, 2, '2026-05-09 07:20:22', NULL, 'success', '2001:4490:4ea9:15bb:b1da:1e7:59c3:3848', '2001:4490:4ea9:15bb:b1da:1e7:59c3:3848', 'Mozilla/5.0 (Macintosh; Intel Mac OS X 10_15_7) AppleWebKit/537.36 (KHTML, like Gecko) Chrome/147.0.0.0 Safari/537.36', 'Desktop', 'Chrome', 'macOS', '918c2b433233b4793709ee4285db089b5cc7176eb8c4d9e5ffbdaaa058adc004', 'Login successful', '2026-05-09 07:20:22'),
(176, 6, '2026-05-09 07:23:04', NULL, 'success', '2001:4490:4ea9:15bb:b1da:1e7:59c3:3848', '2001:4490:4ea9:15bb:b1da:1e7:59c3:3848', 'Mozilla/5.0 (Macintosh; Intel Mac OS X 10_15_7) AppleWebKit/537.36 (KHTML, like Gecko) Chrome/147.0.0.0 Safari/537.36', 'Desktop', 'Chrome', 'macOS', '7efd1788a3d4dfc1f181dd06ccdb9c27154d0549e6e15a30009fc682aab14642', 'Login successful', '2026-05-09 07:23:04'),
(177, 2, '2026-05-09 08:34:51', NULL, 'success', '2001:4490:4ea9:15bb:b1da:1e7:59c3:3848', '2001:4490:4ea9:15bb:b1da:1e7:59c3:3848', 'Mozilla/5.0 (Macintosh; Intel Mac OS X 10_15_7) AppleWebKit/537.36 (KHTML, like Gecko) Chrome/147.0.0.0 Safari/537.36', 'Desktop', 'Chrome', 'macOS', '17502481b388396fe7d66da06602ab3cdee0af416b3ebc0d6aa4539922242c8e', 'Login successful', '2026-05-09 08:34:51'),
(178, 2, '2026-05-09 08:38:05', NULL, 'success', '2001:4490:4ea9:15bb:b1da:1e7:59c3:3848', '2001:4490:4ea9:15bb:b1da:1e7:59c3:3848', 'Mozilla/5.0 (Macintosh; Intel Mac OS X 10_15_7) AppleWebKit/537.36 (KHTML, like Gecko) Chrome/147.0.0.0 Safari/537.36', 'Desktop', 'Chrome', 'macOS', '7495c3d20a01251f06e5e9dcfae58dec750f1fefd726f73f0b07728b7bcab82d', 'Login successful', '2026-05-09 08:38:05'),
(179, 2, '2026-05-09 08:43:07', NULL, 'failed', '2001:4490:4ea9:15bb:b1da:1e7:59c3:3848', '2001:4490:4ea9:15bb:b1da:1e7:59c3:3848', 'Mozilla/5.0 (Macintosh; Intel Mac OS X 10_15_7) AppleWebKit/537.36 (KHTML, like Gecko) Chrome/147.0.0.0 Safari/537.36', 'Desktop', 'Chrome', 'macOS', NULL, 'Incorrect password', '2026-05-09 08:43:07'),
(180, 2, '2026-05-09 08:43:19', NULL, 'success', '2001:4490:4ea9:15bb:b1da:1e7:59c3:3848', '2001:4490:4ea9:15bb:b1da:1e7:59c3:3848', 'Mozilla/5.0 (Macintosh; Intel Mac OS X 10_15_7) AppleWebKit/537.36 (KHTML, like Gecko) Chrome/147.0.0.0 Safari/537.36', 'Desktop', 'Chrome', 'macOS', 'd10828eb7078c03e6345734328e423b21692670f722eac3ab5bc03e304cbdd90', 'Login successful', '2026-05-09 08:43:19'),
(181, 2, '2026-05-09 08:43:55', NULL, 'success', '2001:4490:4ea9:15bb:b1da:1e7:59c3:3848', '2001:4490:4ea9:15bb:b1da:1e7:59c3:3848', 'Mozilla/5.0 (Macintosh; Intel Mac OS X 10_15_7) AppleWebKit/537.36 (KHTML, like Gecko) Chrome/147.0.0.0 Safari/537.36', 'Desktop', 'Chrome', 'macOS', 'e9c8d8a76f3923a7afc9900997a7543a83faa957c5b245d970ea14aaea9f1657', 'Login successful', '2026-05-09 08:43:55'),
(182, 2, '2026-05-09 08:46:15', NULL, 'success', '2001:4490:4ea9:15bb:b1da:1e7:59c3:3848', '2001:4490:4ea9:15bb:b1da:1e7:59c3:3848', 'Mozilla/5.0 (Macintosh; Intel Mac OS X 10_15_7) AppleWebKit/537.36 (KHTML, like Gecko) Chrome/147.0.0.0 Safari/537.36', 'Desktop', 'Chrome', 'macOS', 'ca011052ae82377686b34c45ace082ea0affdfee47033f98ce09af60161fae8e', 'Login successful', '2026-05-09 08:46:15'),
(183, 6, '2026-05-09 08:49:03', NULL, 'success', '2001:4490:4ea9:15bb:c44e:314b:e6b4:80ce', '2001:4490:4ea9:15bb:c44e:314b:e6b4:80ce', 'Mozilla/5.0 (Windows NT 10.0; Win64; x64) AppleWebKit/537.36 (KHTML, like Gecko) Chrome/147.0.0.0 Safari/537.36', 'Desktop', 'Chrome', 'Windows', '575d7ffe6acc24ea9f04c34188aa78cb204eef7d5715bcc9a16a31b2cd789e88', 'Login successful', '2026-05-09 08:49:03'),
(184, 6, '2026-05-09 09:09:11', NULL, 'success', '2001:4490:4ea9:15bb:c44e:314b:e6b4:80ce', '2001:4490:4ea9:15bb:c44e:314b:e6b4:80ce', 'Mozilla/5.0 (Windows NT 10.0; Win64; x64) AppleWebKit/537.36 (KHTML, like Gecko) Chrome/147.0.0.0 Safari/537.36', 'Desktop', 'Chrome', 'Windows', '91884af873070952246445342c7180d2efb0b915a4c19ce53c4c3fe221bd8085', 'Login successful', '2026-05-09 09:09:11'),
(185, 2, '2026-05-09 09:18:24', NULL, 'success', '2001:4490:4ea9:15bb:b1da:1e7:59c3:3848', '2001:4490:4ea9:15bb:b1da:1e7:59c3:3848', 'Mozilla/5.0 (Macintosh; Intel Mac OS X 10_15_7) AppleWebKit/537.36 (KHTML, like Gecko) Chrome/147.0.0.0 Safari/537.36', 'Desktop', 'Chrome', 'macOS', 'ca4309bdcf4c2e9e46284d06ecdab7a64a3a05b4f23aba78db1c19e0c0da13db', 'Login successful', '2026-05-09 09:18:24'),
(186, 2, '2026-05-09 09:29:53', NULL, 'success', '2001:4490:4ea9:15bb:b1da:1e7:59c3:3848', '2001:4490:4ea9:15bb:b1da:1e7:59c3:3848', 'Mozilla/5.0 (Macintosh; Intel Mac OS X 10_15_7) AppleWebKit/537.36 (KHTML, like Gecko) Chrome/147.0.0.0 Safari/537.36', 'Desktop', 'Chrome', 'macOS', 'd364ad360a1f7491a574ffaf39761e1b9ba0f6de1d208438166de560c0dd2686', 'Login successful', '2026-05-09 09:29:53'),
(187, 2, '2026-05-09 09:40:39', NULL, 'success', '2001:4490:4ea9:15bb:b1da:1e7:59c3:3848', '2001:4490:4ea9:15bb:b1da:1e7:59c3:3848', 'Mozilla/5.0 (Macintosh; Intel Mac OS X 10_15_7) AppleWebKit/537.36 (KHTML, like Gecko) Chrome/147.0.0.0 Safari/537.36', 'Desktop', 'Chrome', 'macOS', '73402a332068c99ac61a1c017a6d14c21ca0b74eee823871927b334a4e014ff6', 'Login successful', '2026-05-09 09:40:39'),
(188, 2, '2026-05-09 09:59:03', NULL, 'failed', '2001:4490:4ea9:15bb:b1da:1e7:59c3:3848', '2001:4490:4ea9:15bb:b1da:1e7:59c3:3848', 'Mozilla/5.0 (Macintosh; Intel Mac OS X 10_15_7) AppleWebKit/537.36 (KHTML, like Gecko) Chrome/147.0.0.0 Safari/537.36', 'Desktop', 'Chrome', 'macOS', NULL, 'Incorrect password', '2026-05-09 09:59:03'),
(189, 2, '2026-05-09 10:17:58', NULL, 'success', '2001:4490:4ea9:15bb:b1da:1e7:59c3:3848', '2001:4490:4ea9:15bb:b1da:1e7:59c3:3848', 'Mozilla/5.0 (Macintosh; Intel Mac OS X 10_15_7) AppleWebKit/537.36 (KHTML, like Gecko) Chrome/147.0.0.0 Safari/537.36', 'Desktop', 'Chrome', 'macOS', 'ecb03f6990025071c4279ac2851f4c3630a67266019012af60163550e48bc317', 'Login successful', '2026-05-09 10:17:58'),
(190, 2, '2026-05-09 10:28:12', NULL, 'success', '2001:4490:4ea9:15bb:b1da:1e7:59c3:3848', '2001:4490:4ea9:15bb:b1da:1e7:59c3:3848', 'Mozilla/5.0 (Macintosh; Intel Mac OS X 10_15_7) AppleWebKit/537.36 (KHTML, like Gecko) Chrome/147.0.0.0 Safari/537.36', 'Desktop', 'Chrome', 'macOS', 'cb7509e36b8ea94635e0cedd0a0616a236eff02b842270f9b3e855c55a5daeda', 'Login successful', '2026-05-09 10:28:12'),
(191, 2, '2026-05-09 10:32:29', NULL, 'success', '2001:4490:4ea9:15bb:b1da:1e7:59c3:3848', '2001:4490:4ea9:15bb:b1da:1e7:59c3:3848', 'Mozilla/5.0 (Macintosh; Intel Mac OS X 10_15_7) AppleWebKit/537.36 (KHTML, like Gecko) Chrome/147.0.0.0 Safari/537.36', 'Desktop', 'Chrome', 'macOS', '1bbff8295b00dd2f029417b2de171a268d5574cb1d8783556365e45638161651', 'Login successful', '2026-05-09 10:32:29'),
(192, 2, '2026-05-09 11:59:22', NULL, 'success', '2409:40f4:14a:64a3:b15e:688a:1bba:12b4', '2409:40f4:14a:64a3:b15e:688a:1bba:12b4', 'Mozilla/5.0 (Macintosh; Intel Mac OS X 10_15_7) AppleWebKit/537.36 (KHTML, like Gecko) Chrome/147.0.0.0 Safari/537.36', 'Desktop', 'Chrome', 'macOS', '82f3bb42e4a4ab940b7245a5465b893871b8e2145069545227426938e2cd3ea4', 'Login successful', '2026-05-09 11:59:22'),
(193, 2, '2026-05-09 12:14:06', NULL, 'success', '2409:40f4:14a:64a3:b15e:688a:1bba:12b4', '2409:40f4:14a:64a3:b15e:688a:1bba:12b4', 'Mozilla/5.0 (Macintosh; Intel Mac OS X 10_15_7) AppleWebKit/537.36 (KHTML, like Gecko) Chrome/147.0.0.0 Safari/537.36', 'Desktop', 'Chrome', 'macOS', 'a7ad8f7420139d33d0333e9dc515568eddc4d839743aae961df09df41ba96fbb', 'Login successful', '2026-05-09 12:14:06'),
(194, 2, '2026-05-09 12:23:02', NULL, 'success', '2409:40f4:14a:64a3:b15e:688a:1bba:12b4', '2409:40f4:14a:64a3:b15e:688a:1bba:12b4', 'Mozilla/5.0 (Macintosh; Intel Mac OS X 10_15_7) AppleWebKit/537.36 (KHTML, like Gecko) Chrome/147.0.0.0 Safari/537.36', 'Desktop', 'Chrome', 'macOS', '2ed33f580870d0d45465baaf28485cebe526e54aee5a24c09c5d0413be8f2d09', 'Login successful', '2026-05-09 12:23:02'),
(195, 2, '2026-05-09 12:31:34', NULL, 'success', '2409:40f4:14a:64a3:b15e:688a:1bba:12b4', '2409:40f4:14a:64a3:b15e:688a:1bba:12b4', 'Mozilla/5.0 (Macintosh; Intel Mac OS X 10_15_7) AppleWebKit/537.36 (KHTML, like Gecko) Chrome/147.0.0.0 Safari/537.36', 'Desktop', 'Chrome', 'macOS', '77ecefc0ecb8c0d8c1712a4d6c7bb3af4dda094a98f2ae07e71eaccf40a10d01', 'Login successful', '2026-05-09 12:31:34'),
(196, 2, '2026-05-09 12:39:44', NULL, 'success', '2409:40f4:14a:64a3:b15e:688a:1bba:12b4', '2409:40f4:14a:64a3:b15e:688a:1bba:12b4', 'Mozilla/5.0 (Macintosh; Intel Mac OS X 10_15_7) AppleWebKit/537.36 (KHTML, like Gecko) Chrome/147.0.0.0 Safari/537.36', 'Desktop', 'Chrome', 'macOS', '36eaf95e5531a33cf5affcf9fe27c3f56019e547f5a3085bfde444770e34dffd', 'Login successful', '2026-05-09 12:39:44'),
(197, 2, '2026-05-09 12:46:40', NULL, 'success', '2409:40f4:14a:64a3:b15e:688a:1bba:12b4', '2409:40f4:14a:64a3:b15e:688a:1bba:12b4', 'Mozilla/5.0 (Macintosh; Intel Mac OS X 10_15_7) AppleWebKit/537.36 (KHTML, like Gecko) Chrome/147.0.0.0 Safari/537.36', 'Desktop', 'Chrome', 'macOS', '4e4820015e1688d1a7483ac985737ea9596f591c6b503da728dddc0482e6ad7a', 'Login successful', '2026-05-09 12:46:40'),
(198, 2, '2026-05-09 12:50:00', NULL, 'success', '2409:40f4:14a:64a3:b15e:688a:1bba:12b4', '2409:40f4:14a:64a3:b15e:688a:1bba:12b4', 'Mozilla/5.0 (Macintosh; Intel Mac OS X 10_15_7) AppleWebKit/537.36 (KHTML, like Gecko) Chrome/147.0.0.0 Safari/537.36', 'Desktop', 'Chrome', 'macOS', '422ad44a1f704906d68351c6bf712b1cf3fc955c8c887557bab3c80359d2df81', 'Login successful', '2026-05-09 12:50:00'),
(199, 2, '2026-05-09 12:50:53', NULL, 'success', '2409:40f4:14a:64a3:b15e:688a:1bba:12b4', '2409:40f4:14a:64a3:b15e:688a:1bba:12b4', 'Mozilla/5.0 (Macintosh; Intel Mac OS X 10_15_7) AppleWebKit/537.36 (KHTML, like Gecko) Chrome/147.0.0.0 Safari/537.36', 'Desktop', 'Chrome', 'macOS', '4f5845b30f406bb970a95395e12c2c0bc399f156c82eba757170710c57990efc', 'Login successful', '2026-05-09 12:50:53'),
(200, 2, '2026-05-09 12:51:39', NULL, 'success', '2409:40f4:14a:64a3:b15e:688a:1bba:12b4', '2409:40f4:14a:64a3:b15e:688a:1bba:12b4', 'Mozilla/5.0 (Macintosh; Intel Mac OS X 10_15_7) AppleWebKit/537.36 (KHTML, like Gecko) Chrome/147.0.0.0 Safari/537.36', 'Desktop', 'Chrome', 'macOS', '23746599493d6c0414ed3aff27a82117ad5487a9ce45966472d9bf5b32f95210', 'Login successful', '2026-05-09 12:51:39'),
(201, 2, '2026-05-11 04:36:26', NULL, 'success', '2409:40f4:14a:64a3:b056:590a:cbfa:c364', '2409:40f4:14a:64a3:b056:590a:cbfa:c364', 'Mozilla/5.0 (Macintosh; Intel Mac OS X 10_15_7) AppleWebKit/537.36 (KHTML, like Gecko) Chrome/147.0.0.0 Safari/537.36', 'Desktop', 'Chrome', 'macOS', '2e4f52227e53d887d4f799fdf781754086e12c5fc8859e9d0f3307ed63f7cf47', 'Login successful', '2026-05-11 04:36:26'),
(202, 4, '2026-05-11 04:44:42', NULL, 'success', '2001:4490:4ea9:6af1:a4c5:a01c:96b7:c7dd', '2001:4490:4ea9:6af1:a4c5:a01c:96b7:c7dd', 'Mozilla/5.0 (Windows NT 10.0; Win64; x64) AppleWebKit/537.36 (KHTML, like Gecko) Chrome/141.0.0.0 Safari/537.36', 'Desktop', 'Chrome', 'Windows', '5c20b3a5474aa52574b8c3b9a8aa6d4259c4c73fa9dc1b4334778258cc2e77e9', 'Login successful', '2026-05-11 04:44:42'),
(203, 2, '2026-05-11 04:46:11', NULL, 'success', '2409:40f4:14a:64a3:b056:590a:cbfa:c364', '2409:40f4:14a:64a3:b056:590a:cbfa:c364', 'Mozilla/5.0 (Macintosh; Intel Mac OS X 10_15_7) AppleWebKit/537.36 (KHTML, like Gecko) Chrome/147.0.0.0 Safari/537.36', 'Desktop', 'Chrome', 'macOS', 'c35df017d05be60af1163f55807f49ae5613604fe51e0e425071c23b293b89bc', 'Login successful', '2026-05-11 04:46:11'),
(204, 2, '2026-05-11 04:47:16', NULL, 'success', '2409:40f4:14a:64a3:b056:590a:cbfa:c364', '2409:40f4:14a:64a3:b056:590a:cbfa:c364', 'Mozilla/5.0 (Macintosh; Intel Mac OS X 10_15_7) AppleWebKit/537.36 (KHTML, like Gecko) Chrome/147.0.0.0 Safari/537.36', 'Desktop', 'Chrome', 'macOS', '1f06d51ebe3c671bbfcb4b8f2c19f7c700a03c5c80953fc9a90c604b2e011a54', 'Login successful', '2026-05-11 04:47:16'),
(205, 2, '2026-05-11 04:50:29', NULL, 'success', '2409:40f4:14a:64a3:b056:590a:cbfa:c364', '2409:40f4:14a:64a3:b056:590a:cbfa:c364', 'Mozilla/5.0 (Macintosh; Intel Mac OS X 10_15_7) AppleWebKit/537.36 (KHTML, like Gecko) Chrome/147.0.0.0 Safari/537.36', 'Desktop', 'Chrome', 'macOS', 'ec83ec268ebcec2cc5f2ca4c7fbd2185bdb4dea444a5448f210f548c38bb1616', 'Login successful', '2026-05-11 04:50:29'),
(206, 2, '2026-05-11 05:08:46', NULL, 'success', '2409:40f4:14a:64a3:b056:590a:cbfa:c364', '2409:40f4:14a:64a3:b056:590a:cbfa:c364', 'Mozilla/5.0 (Macintosh; Intel Mac OS X 10_15_7) AppleWebKit/537.36 (KHTML, like Gecko) Chrome/147.0.0.0 Safari/537.36', 'Desktop', 'Chrome', 'macOS', 'b9cb4c9bebc99e898c0dc8892f1b18737d338d5a09498efc1cf64849eb1aa16d', 'Login successful', '2026-05-11 05:08:46'),
(207, 2, '2026-05-11 05:13:11', NULL, 'success', '117.251.47.37', '117.251.47.37', 'Mozilla/5.0 (Macintosh; Intel Mac OS X 10_15_7) AppleWebKit/537.36 (KHTML, like Gecko) Chrome/147.0.0.0 Safari/537.36', 'Desktop', 'Chrome', 'macOS', '067a42cd553d3db60af34af9295c26a3c495a75cb659848badf8f60512b5cb68', 'Login successful', '2026-05-11 05:13:11'),
(208, 2, '2026-05-11 05:31:01', NULL, 'success', '2409:40f4:14a:64a3:b056:590a:cbfa:c364', '2409:40f4:14a:64a3:b056:590a:cbfa:c364', 'Mozilla/5.0 (Macintosh; Intel Mac OS X 10_15_7) AppleWebKit/537.36 (KHTML, like Gecko) Chrome/147.0.0.0 Safari/537.36', 'Desktop', 'Chrome', 'macOS', 'bbdfaee91f426084d593d266b4435fe0bdfd642b560205ae3defb854d4c8132a', 'Login successful', '2026-05-11 05:31:01'),
(209, 2, '2026-05-11 05:35:54', NULL, 'success', '2409:40f4:14a:64a3:b056:590a:cbfa:c364', '2409:40f4:14a:64a3:b056:590a:cbfa:c364', 'Mozilla/5.0 (Macintosh; Intel Mac OS X 10_15_7) AppleWebKit/537.36 (KHTML, like Gecko) Chrome/147.0.0.0 Safari/537.36', 'Desktop', 'Chrome', 'macOS', 'cde8a1d4b476c352d9b4474527c49b1b74a5f93147e5af97ebe1eaeabfd632d9', 'Login successful', '2026-05-11 05:35:54'),
(210, 2, '2026-05-11 05:56:37', NULL, 'success', '2409:40f4:14a:64a3:b056:590a:cbfa:c364', '2409:40f4:14a:64a3:b056:590a:cbfa:c364', 'Mozilla/5.0 (Macintosh; Intel Mac OS X 10_15_7) AppleWebKit/537.36 (KHTML, like Gecko) Chrome/147.0.0.0 Safari/537.36', 'Desktop', 'Chrome', 'macOS', '3dbb732cc6cda1788d5688220151f7317603a699b93f72f12921432d24fa5239', 'Login successful', '2026-05-11 05:56:37'),
(211, 2, '2026-05-11 06:15:00', NULL, 'success', '157.51.120.191', '157.51.120.191', 'Mozilla/5.0 (Macintosh; Intel Mac OS X 10_15_7) AppleWebKit/537.36 (KHTML, like Gecko) Chrome/147.0.0.0 Safari/537.36', 'Desktop', 'Chrome', 'macOS', 'b7443b8cb898507ddf8f1468025ec1ad8b86a6643824236967a54ba5a0b94329', 'Login successful', '2026-05-11 06:15:00'),
(212, 2, '2026-05-11 06:24:49', NULL, 'success', '2409:40f4:14a:64a3:b056:590a:cbfa:c364', '2409:40f4:14a:64a3:b056:590a:cbfa:c364', 'Mozilla/5.0 (Macintosh; Intel Mac OS X 10_15_7) AppleWebKit/537.36 (KHTML, like Gecko) Chrome/147.0.0.0 Safari/537.36', 'Desktop', 'Chrome', 'macOS', 'fe84f4f7a9564b9f1d13225810aa2fd12b412f54187d61e411a1534f9ef1cb3a', 'Login successful', '2026-05-11 06:24:49'),
(213, 2, '2026-05-11 06:34:26', NULL, 'success', '2409:40f4:14a:64a3:b056:590a:cbfa:c364', '2409:40f4:14a:64a3:b056:590a:cbfa:c364', 'Mozilla/5.0 (Macintosh; Intel Mac OS X 10_15_7) AppleWebKit/537.36 (KHTML, like Gecko) Chrome/147.0.0.0 Safari/537.36', 'Desktop', 'Chrome', 'macOS', 'b8e37378e85fbce7565d31180af5fcb27a3db0a46a5333621888eb7740e2bcfd', 'Login successful', '2026-05-11 06:34:26'),
(214, 2, '2026-05-11 06:35:20', NULL, 'success', '2409:40f4:14a:64a3:b056:590a:cbfa:c364', '2409:40f4:14a:64a3:b056:590a:cbfa:c364', 'Mozilla/5.0 (Macintosh; Intel Mac OS X 10_15_7) AppleWebKit/537.36 (KHTML, like Gecko) Chrome/147.0.0.0 Safari/537.36', 'Desktop', 'Chrome', 'macOS', 'cc97836ccc6c72760c3b79faa18f77c082e2453cbcdf344692e050cf629c88ce', 'Login successful', '2026-05-11 06:35:20'),
(215, 6, '2026-05-11 07:21:39', NULL, 'success', '2001:4490:4ea9:6af1:adc5:2cb8:5ed8:4776', '2001:4490:4ea9:6af1:adc5:2cb8:5ed8:4776', 'Mozilla/5.0 (Windows NT 10.0; Win64; x64) AppleWebKit/537.36 (KHTML, like Gecko) Chrome/147.0.0.0 Safari/537.36', 'Desktop', 'Chrome', 'Windows', '5a4b0840a184643d1fb28e7dc2caaa1660ed5e3ee755a99b24a9832595feefe5', 'Login successful', '2026-05-11 07:21:39'),
(216, 6, '2026-05-11 07:22:21', NULL, 'success', '2001:4490:4ea9:6af1:adc5:2cb8:5ed8:4776', '2001:4490:4ea9:6af1:adc5:2cb8:5ed8:4776', 'Mozilla/5.0 (Windows NT 10.0; Win64; x64) AppleWebKit/537.36 (KHTML, like Gecko) Chrome/147.0.0.0 Safari/537.36', 'Desktop', 'Chrome', 'Windows', 'febdaf71b5e04afa59af57267696b4ceb6d24d411b76fca5056fc62417f2ee30', 'Login successful', '2026-05-11 07:22:21'),
(217, 6, '2026-05-11 07:23:01', NULL, 'success', '2001:4490:4ea9:6af1:adc5:2cb8:5ed8:4776', '2001:4490:4ea9:6af1:adc5:2cb8:5ed8:4776', 'Mozilla/5.0 (Windows NT 10.0; Win64; x64) AppleWebKit/537.36 (KHTML, like Gecko) Chrome/148.0.0.0 Safari/537.36 Edg/148.0.0.0', 'Desktop', 'Edge', 'Windows', '50d79fa9292799ae0ecc000bce20967e86b95f025811a266321d3a14f7289a58', 'Login successful', '2026-05-11 07:23:01'),
(218, 6, '2026-05-11 08:33:53', NULL, 'success', '2001:4490:4ea9:6af1:adc5:2cb8:5ed8:4776', '2001:4490:4ea9:6af1:adc5:2cb8:5ed8:4776', 'Mozilla/5.0 (Windows NT 10.0; Win64; x64) AppleWebKit/537.36 (KHTML, like Gecko) Chrome/147.0.0.0 Safari/537.36', 'Desktop', 'Chrome', 'Windows', 'ba33394f63bd4b5496fe2bbf954f4c51b95be8c97c86666b4ab4bc330db982d2', 'Login successful', '2026-05-11 08:33:53'),
(219, 6, '2026-05-11 08:49:50', NULL, 'success', '2001:4490:4ea9:6af1:adc5:2cb8:5ed8:4776', '2001:4490:4ea9:6af1:adc5:2cb8:5ed8:4776', 'Mozilla/5.0 (Windows NT 10.0; Win64; x64) AppleWebKit/537.36 (KHTML, like Gecko) Chrome/147.0.0.0 Safari/537.36', 'Desktop', 'Chrome', 'Windows', '40ba90eae4c65d8da67ad257acd3c584b60bd817683f2a7463f8af77f76d4785', 'Login successful', '2026-05-11 08:49:50'),
(220, 6, '2026-05-11 08:58:36', NULL, 'success', '2001:4490:4ea9:6af1:adc5:2cb8:5ed8:4776', '2001:4490:4ea9:6af1:adc5:2cb8:5ed8:4776', 'Mozilla/5.0 (Windows NT 10.0; Win64; x64) AppleWebKit/537.36 (KHTML, like Gecko) Chrome/147.0.0.0 Safari/537.36', 'Desktop', 'Chrome', 'Windows', '5d41f8fbd477b1f8ce576d6c125906d6d6e615dfaea6df7babde1b326435bc3e', 'Login successful', '2026-05-11 08:58:36'),
(221, 2, '2026-05-11 09:05:32', NULL, 'success', '2409:40f4:14a:64a3:b056:590a:cbfa:c364', '2409:40f4:14a:64a3:b056:590a:cbfa:c364', 'Mozilla/5.0 (Macintosh; Intel Mac OS X 10_15_7) AppleWebKit/537.36 (KHTML, like Gecko) Chrome/147.0.0.0 Safari/537.36', 'Desktop', 'Chrome', 'macOS', '9c5ac1dfa1798818ec88271b5a99511ce6bb0a6f6cb4e16a4bc6704f14b2d8be', 'Login successful', '2026-05-11 09:05:32'),
(222, 2, '2026-05-11 09:07:16', NULL, 'success', '2409:40f4:14a:64a3:b056:590a:cbfa:c364', '2409:40f4:14a:64a3:b056:590a:cbfa:c364', 'Mozilla/5.0 (Macintosh; Intel Mac OS X 10_15_7) AppleWebKit/537.36 (KHTML, like Gecko) Chrome/147.0.0.0 Safari/537.36', 'Desktop', 'Chrome', 'macOS', '21a484a8671b59624cb1ae1cadfef2e9f63121d41fe8d363aaad32c6a6f21b93', 'Login successful', '2026-05-11 09:07:16'),
(223, 2, '2026-05-11 09:46:07', NULL, 'success', '2409:40f4:14a:64a3:b056:590a:cbfa:c364', '2409:40f4:14a:64a3:b056:590a:cbfa:c364', 'Mozilla/5.0 (Macintosh; Intel Mac OS X 10_15_7) AppleWebKit/537.36 (KHTML, like Gecko) Chrome/147.0.0.0 Safari/537.36', 'Desktop', 'Chrome', 'macOS', '9764842e604b3b7509c6b07b978c2729d2e588e37acece8751e34ba470a3f81d', 'Login successful', '2026-05-11 09:46:07'),
(224, 2, '2026-05-11 10:01:05', NULL, 'success', '2409:40f4:14a:64a3:b056:590a:cbfa:c364', '2409:40f4:14a:64a3:b056:590a:cbfa:c364', 'Mozilla/5.0 (Macintosh; Intel Mac OS X 10_15_7) AppleWebKit/537.36 (KHTML, like Gecko) Chrome/147.0.0.0 Safari/537.36', 'Desktop', 'Chrome', 'macOS', 'af60cd54da9d822955263ed8a8f3b9f3999bf897a4688be058a46b68cff5b537', 'Login successful', '2026-05-11 10:01:05'),
(225, 6, '2026-05-11 10:27:53', NULL, 'success', '2001:4490:4ea9:6af1:adc5:2cb8:5ed8:4776', '2001:4490:4ea9:6af1:adc5:2cb8:5ed8:4776', 'Mozilla/5.0 (Windows NT 10.0; Win64; x64) AppleWebKit/537.36 (KHTML, like Gecko) Chrome/147.0.0.0 Safari/537.36', 'Desktop', 'Chrome', 'Windows', '159739b23ace19b3a58320c0f183e5b91b920a4e733331f0e72a1bd04d3b2477', 'Login successful', '2026-05-11 10:27:53'),
(226, 2, '2026-05-11 10:29:37', NULL, 'success', '2409:40f4:14a:64a3:b056:590a:cbfa:c364', '2409:40f4:14a:64a3:b056:590a:cbfa:c364', 'Mozilla/5.0 (Macintosh; Intel Mac OS X 10_15_7) AppleWebKit/537.36 (KHTML, like Gecko) Chrome/147.0.0.0 Safari/537.36', 'Desktop', 'Chrome', 'macOS', '95c1b3a8d7ee1e58a4b92e1f4a901499b0b84fceb5be4891616f8c7badae23d5', 'Login successful', '2026-05-11 10:29:37'),
(227, 6, '2026-05-11 10:34:53', NULL, 'success', '2001:4490:4ea9:6af1:adc5:2cb8:5ed8:4776', '2001:4490:4ea9:6af1:adc5:2cb8:5ed8:4776', 'Mozilla/5.0 (Windows NT 10.0; Win64; x64) AppleWebKit/537.36 (KHTML, like Gecko) Chrome/147.0.0.0 Safari/537.36', 'Desktop', 'Chrome', 'Windows', 'df7e78aaed61cd49acb29022c10d3f1b074b1b3212e463e1672809f8433a8364', 'Login successful', '2026-05-11 10:34:53'),
(228, 6, '2026-05-11 10:48:54', NULL, 'success', '2001:4490:4ea9:6af1:adc5:2cb8:5ed8:4776', '2001:4490:4ea9:6af1:adc5:2cb8:5ed8:4776', 'Mozilla/5.0 (Windows NT 10.0; Win64; x64) AppleWebKit/537.36 (KHTML, like Gecko) Chrome/147.0.0.0 Safari/537.36', 'Desktop', 'Chrome', 'Windows', '566d782e672ab5618b0f46632d31c102f46bdcc222f8905e74b9dcde32eab56b', 'Login successful', '2026-05-11 10:48:54'),
(229, 2, '2026-05-11 10:50:27', NULL, 'success', '117.251.47.37', '117.251.47.37', 'Mozilla/5.0 (Macintosh; Intel Mac OS X 10_15_7) AppleWebKit/537.36 (KHTML, like Gecko) Chrome/147.0.0.0 Safari/537.36', 'Desktop', 'Chrome', 'macOS', 'e27ab4fd0daf009d38914592cc5aeb189bfb0a1c80fb2e034055165918a8cd58', 'Login successful', '2026-05-11 10:50:27'),
(230, 6, '2026-05-11 11:12:38', NULL, 'success', '2001:4490:4ea9:6af1:adc5:2cb8:5ed8:4776', '2001:4490:4ea9:6af1:adc5:2cb8:5ed8:4776', 'Mozilla/5.0 (Windows NT 10.0; Win64; x64) AppleWebKit/537.36 (KHTML, like Gecko) Chrome/147.0.0.0 Safari/537.36', 'Desktop', 'Chrome', 'Windows', '9d9cf875291fe374839519f08279533cb21b6b894d082570395af0ffa6602c8f', 'Login successful', '2026-05-11 11:12:38'),
(231, 2, '2026-05-11 11:28:45', NULL, 'success', '2409:40f4:14a:64a3:b056:590a:cbfa:c364', '2409:40f4:14a:64a3:b056:590a:cbfa:c364', 'Mozilla/5.0 (Macintosh; Intel Mac OS X 10_15_7) AppleWebKit/537.36 (KHTML, like Gecko) Chrome/147.0.0.0 Safari/537.36', 'Desktop', 'Chrome', 'macOS', 'e58e78821e8355ec8fccee08e6588d37db68a5869428482495a2584e7b665e74', 'Login successful', '2026-05-11 11:28:45'),
(232, 2, '2026-05-11 11:30:33', NULL, 'success', '2409:40f4:14a:64a3:b056:590a:cbfa:c364', '2409:40f4:14a:64a3:b056:590a:cbfa:c364', 'Mozilla/5.0 (Macintosh; Intel Mac OS X 10_15_7) AppleWebKit/537.36 (KHTML, like Gecko) Chrome/147.0.0.0 Safari/537.36', 'Desktop', 'Chrome', 'macOS', '2c8eec9397c77e97108005b39122f3b1123c327aa68eae5acfb22f1be4e9b8cc', 'Login successful', '2026-05-11 11:30:33'),
(233, 6, '2026-05-11 12:17:28', NULL, 'success', '2001:4490:4ea9:6af1:e4ac:d985:8d71:3119', '2001:4490:4ea9:6af1:e4ac:d985:8d71:3119', 'Mozilla/5.0 (Windows NT 10.0; Win64; x64) AppleWebKit/537.36 (KHTML, like Gecko) Chrome/147.0.0.0 Safari/537.36', 'Desktop', 'Chrome', 'Windows', 'fdd19e634f9b85bafbcf1546ed9c927a6b7805010208c3cc79fc5df578d93ca4', 'Login successful', '2026-05-11 12:17:28'),
(234, 2, '2026-05-12 04:32:16', NULL, 'success', '2409:40f4:14a:64a3:947b:8040:171e:4306', '2409:40f4:14a:64a3:947b:8040:171e:4306', 'Mozilla/5.0 (Macintosh; Intel Mac OS X 10_15_7) AppleWebKit/537.36 (KHTML, like Gecko) Chrome/147.0.0.0 Safari/537.36', 'Desktop', 'Chrome', 'macOS', '7550303b734bfd38ea7450f251211b8b438ae0ce1d744c1fd6cd7cd3636e8b79', 'Login successful', '2026-05-12 04:32:16'),
(235, 2, '2026-05-12 04:38:17', NULL, 'success', '2409:40f4:14a:64a3:947b:8040:171e:4306', '2409:40f4:14a:64a3:947b:8040:171e:4306', 'Mozilla/5.0 (Macintosh; Intel Mac OS X 10_15_7) AppleWebKit/537.36 (KHTML, like Gecko) Chrome/148.0.0.0 Safari/537.36', 'Desktop', 'Chrome', 'macOS', '4d04f8df9a1a537dad6c06bf39629bc89626509daeb075112ac51250a8bc093f', 'Login successful', '2026-05-12 04:38:17'),
(236, 4, '2026-05-12 04:40:43', NULL, 'success', '2409:40f4:14a:64a3:5808:a67d:585f:e68a', '2409:40f4:14a:64a3:5808:a67d:585f:e68a', 'Mozilla/5.0 (Windows NT 10.0; Win64; x64) AppleWebKit/537.36 (KHTML, like Gecko) Chrome/141.0.0.0 Safari/537.36', 'Desktop', 'Chrome', 'Windows', '5a055f47e345de194d1a3e9c70cfbd29e2b569aef06eeb99b095efd50ee9e05a', 'Login successful', '2026-05-12 04:40:43'),
(237, 2, '2026-05-12 04:42:55', NULL, 'success', '2409:40f4:14a:64a3:947b:8040:171e:4306', '2409:40f4:14a:64a3:947b:8040:171e:4306', 'Mozilla/5.0 (Macintosh; Intel Mac OS X 10_15_7) AppleWebKit/537.36 (KHTML, like Gecko) Chrome/148.0.0.0 Safari/537.36', 'Desktop', 'Chrome', 'macOS', 'bd9c5f02f91756e3763654d95758ef01d728eaaf8e2b6e22d4ebca6a32176f5b', 'Login successful', '2026-05-12 04:42:55'),
(238, 2, '2026-05-12 04:48:21', NULL, 'success', '2409:40f4:14a:64a3:947b:8040:171e:4306', '2409:40f4:14a:64a3:947b:8040:171e:4306', 'Mozilla/5.0 (Macintosh; Intel Mac OS X 10_15_7) AppleWebKit/537.36 (KHTML, like Gecko) Chrome/148.0.0.0 Safari/537.36', 'Desktop', 'Chrome', 'macOS', '170174dba4b8ca3b37027a38ffea00559312641f254b23def2f59dd4baa4a3a2', 'Login successful', '2026-05-12 04:48:21'),
(239, 2, '2026-05-12 04:52:55', NULL, 'success', '2409:40f4:14a:64a3:947b:8040:171e:4306', '2409:40f4:14a:64a3:947b:8040:171e:4306', 'Mozilla/5.0 (Macintosh; Intel Mac OS X 10_15_7) AppleWebKit/537.36 (KHTML, like Gecko) Chrome/148.0.0.0 Safari/537.36', 'Desktop', 'Chrome', 'macOS', '6e90b200395b58511bbbba9fc37db50b6ee776f843ce02bc0c28373beac74fef', 'Login successful', '2026-05-12 04:52:55'),
(240, 2, '2026-05-12 04:54:36', NULL, 'success', '2409:40f4:14a:64a3:947b:8040:171e:4306', '2409:40f4:14a:64a3:947b:8040:171e:4306', 'Mozilla/5.0 (Macintosh; Intel Mac OS X 10_15_7) AppleWebKit/537.36 (KHTML, like Gecko) Chrome/148.0.0.0 Safari/537.36', 'Desktop', 'Chrome', 'macOS', '05541c58c43d5f80c930d6f3c56035ba5d573246a59bf27e057d54aa7990812d', 'Login successful', '2026-05-12 04:54:36'),
(241, 5, '2026-05-12 05:45:51', NULL, 'success', '2409:40f4:14a:64a3:947b:8040:171e:4306', '2409:40f4:14a:64a3:947b:8040:171e:4306', 'Mozilla/5.0 (Macintosh; Intel Mac OS X 10_15_7) AppleWebKit/537.36 (KHTML, like Gecko) Chrome/148.0.0.0 Safari/537.36', 'Desktop', 'Chrome', 'macOS', 'c453077dacace3214dd6279afdefa8c3572bc958162b41f29d02d8bdc54551c1', 'Login successful', '2026-05-12 05:45:51'),
(242, 2, '2026-05-12 05:47:02', NULL, 'success', '2409:40f4:14a:64a3:947b:8040:171e:4306', '2409:40f4:14a:64a3:947b:8040:171e:4306', 'Mozilla/5.0 (Macintosh; Intel Mac OS X 10_15_7) AppleWebKit/537.36 (KHTML, like Gecko) Chrome/148.0.0.0 Safari/537.36', 'Desktop', 'Chrome', 'macOS', '1accfee44dab2edaac5560559782f2d77aad76a817ee2fd4fea419ce8bcd9195', 'Login successful', '2026-05-12 05:47:02'),
(243, 2, '2026-05-12 05:50:30', NULL, 'success', '2409:40f4:14a:64a3:947b:8040:171e:4306', '2409:40f4:14a:64a3:947b:8040:171e:4306', 'Mozilla/5.0 (Macintosh; Intel Mac OS X 10_15_7) AppleWebKit/537.36 (KHTML, like Gecko) Chrome/148.0.0.0 Safari/537.36', 'Desktop', 'Chrome', 'macOS', '370235d9636bf733d53c84d38d27f5d3aa8e815e21efaae714e5b14cad43059e', 'Login successful', '2026-05-12 05:50:30'),
(244, 5, '2026-05-12 05:52:19', NULL, 'success', '2409:40f4:14a:64a3:947b:8040:171e:4306', '2409:40f4:14a:64a3:947b:8040:171e:4306', 'Mozilla/5.0 (Macintosh; Intel Mac OS X 10_15_7) AppleWebKit/537.36 (KHTML, like Gecko) Chrome/148.0.0.0 Safari/537.36', 'Desktop', 'Chrome', 'macOS', '2f54b1a7d6070415567b325030521fbcd768620d32c8434b91d9399030e9eaf2', 'Login successful', '2026-05-12 05:52:19'),
(245, 2, '2026-05-12 05:55:34', NULL, 'success', '2409:40f4:14a:64a3:947b:8040:171e:4306', '2409:40f4:14a:64a3:947b:8040:171e:4306', 'Mozilla/5.0 (Macintosh; Intel Mac OS X 10_15_7) AppleWebKit/537.36 (KHTML, like Gecko) Chrome/148.0.0.0 Safari/537.36', 'Desktop', 'Chrome', 'macOS', 'e8b68a1e4889d2100d7cda9721676367111232949adc03ff41221d11969a2a08', 'Login successful', '2026-05-12 05:55:34'),
(246, 2, '2026-05-12 06:02:45', NULL, 'success', '2409:40f4:14a:64a3:947b:8040:171e:4306', '2409:40f4:14a:64a3:947b:8040:171e:4306', 'Mozilla/5.0 (Macintosh; Intel Mac OS X 10_15_7) AppleWebKit/537.36 (KHTML, like Gecko) Chrome/148.0.0.0 Safari/537.36', 'Desktop', 'Chrome', 'macOS', 'd02b085cd1090849e201965012124388d54f1929dd1f78524f4cf6ce600088d7', 'Login successful', '2026-05-12 06:02:45'),
(247, 2, '2026-05-12 08:19:40', NULL, 'success', '2409:40f4:14a:64a3:947b:8040:171e:4306', '2409:40f4:14a:64a3:947b:8040:171e:4306', 'Mozilla/5.0 (Macintosh; Intel Mac OS X 10_15_7) AppleWebKit/537.36 (KHTML, like Gecko) Chrome/148.0.0.0 Safari/537.36', 'Desktop', 'Chrome', 'macOS', '9a82a64c4972c359741c5c98f270bb1c40f7edb5e412d988bb5c31153816f307', 'Login successful', '2026-05-12 08:19:40'),
(248, 5, '2026-05-12 08:20:50', NULL, 'success', '2409:40f4:14a:64a3:947b:8040:171e:4306', '2409:40f4:14a:64a3:947b:8040:171e:4306', 'Mozilla/5.0 (Macintosh; Intel Mac OS X 10_15_7) AppleWebKit/537.36 (KHTML, like Gecko) Chrome/148.0.0.0 Safari/537.36', 'Desktop', 'Chrome', 'macOS', '87b72ebb18dd83686464abbe18abc54c1a3e603c8ce369bbfcab1debe4d9e659', 'Login successful', '2026-05-12 08:20:50'),
(249, 5, '2026-05-12 08:25:27', NULL, 'success', '2409:40f4:14a:64a3:947b:8040:171e:4306', '2409:40f4:14a:64a3:947b:8040:171e:4306', 'Mozilla/5.0 (Macintosh; Intel Mac OS X 10_15_7) AppleWebKit/537.36 (KHTML, like Gecko) Chrome/148.0.0.0 Safari/537.36', 'Desktop', 'Chrome', 'macOS', '8b3ca3fb152201bbd5644ccb9ef2e0fd8658655df246d8d242c7d3297c4050be', 'Login successful', '2026-05-12 08:25:27'),
(250, 5, '2026-05-12 08:31:06', NULL, 'success', '2409:40f4:14a:64a3:947b:8040:171e:4306', '2409:40f4:14a:64a3:947b:8040:171e:4306', 'Mozilla/5.0 (Macintosh; Intel Mac OS X 10_15_7) AppleWebKit/537.36 (KHTML, like Gecko) Chrome/148.0.0.0 Safari/537.36', 'Desktop', 'Chrome', 'macOS', '40a3ee69ce4a02d12c2321c38ce918bdbee548a9f2fbe5bff71a65c3f487ffe0', 'Login successful', '2026-05-12 08:31:06'),
(251, 5, '2026-05-12 08:35:36', NULL, 'success', '2409:40f4:14a:64a3:947b:8040:171e:4306', '2409:40f4:14a:64a3:947b:8040:171e:4306', 'Mozilla/5.0 (Macintosh; Intel Mac OS X 10_15_7) AppleWebKit/537.36 (KHTML, like Gecko) Chrome/148.0.0.0 Safari/537.36', 'Desktop', 'Chrome', 'macOS', '46360b92017e985f0a9de200f8eaf82a380783c984c250e572634eaf585c9556', 'Login successful', '2026-05-12 08:35:36'),
(252, 2, '2026-05-12 08:36:43', NULL, 'success', '2409:40f4:14a:64a3:947b:8040:171e:4306', '2409:40f4:14a:64a3:947b:8040:171e:4306', 'Mozilla/5.0 (Macintosh; Intel Mac OS X 10_15_7) AppleWebKit/537.36 (KHTML, like Gecko) Chrome/148.0.0.0 Safari/537.36', 'Desktop', 'Chrome', 'macOS', 'fd70018645783b10635e7edbf8cc638ad3c0d387801221c02c6e2d99f32b4d29', 'Login successful', '2026-05-12 08:36:43'),
(253, 6, '2026-05-12 08:41:20', NULL, 'success', '2001:4490:4ea9:4cc7:1db6:1a0b:ad6f:53b4', '2001:4490:4ea9:4cc7:1db6:1a0b:ad6f:53b4', 'Mozilla/5.0 (Windows NT 10.0; Win64; x64) AppleWebKit/537.36 (KHTML, like Gecko) Chrome/147.0.0.0 Safari/537.36', 'Desktop', 'Chrome', 'Windows', '61dbf2ed84dc3c309d632b4ffc6ec4fa65e4bcaca969c7be6ddbcbf4d9d6e816', 'Login successful', '2026-05-12 08:41:20'),
(254, 4, '2026-05-12 09:52:03', NULL, 'success', '2001:4490:4ea9:4cc7:10e1:be51:68f6:c8b2', '2001:4490:4ea9:4cc7:10e1:be51:68f6:c8b2', 'Mozilla/5.0 (Windows NT 10.0; Win64; x64) AppleWebKit/537.36 (KHTML, like Gecko) Chrome/141.0.0.0 Safari/537.36', 'Desktop', 'Chrome', 'Windows', '513d4adea039d7acbd07f3c84553e89daebfb2201ae49e06966e7912879e45e3', 'Login successful', '2026-05-12 09:52:03'),
(255, 2, '2026-05-12 09:59:30', NULL, 'success', '2001:4490:4ea9:4cc7:6d9f:991a:69c0:5c0b', '2001:4490:4ea9:4cc7:6d9f:991a:69c0:5c0b', 'Mozilla/5.0 (Macintosh; Intel Mac OS X 10_15_7) AppleWebKit/537.36 (KHTML, like Gecko) Chrome/148.0.0.0 Safari/537.36', 'Desktop', 'Chrome', 'macOS', '933308b9c7cda025edbfecd35d880a240e6d623ef2f27c96d91979e55acabdd4', 'Login successful', '2026-05-12 09:59:30'),
(256, 2, '2026-05-12 10:36:28', NULL, 'success', '2001:4490:4ea9:4cc7:6d9f:991a:69c0:5c0b', '2001:4490:4ea9:4cc7:6d9f:991a:69c0:5c0b', 'Mozilla/5.0 (Macintosh; Intel Mac OS X 10_15_7) AppleWebKit/537.36 (KHTML, like Gecko) Chrome/148.0.0.0 Safari/537.36', 'Desktop', 'Chrome', 'macOS', '86ea24fd2920f3a0f752cabad9164570f5d0738bb8751eb80705763101d0324b', 'Login successful', '2026-05-12 10:36:28'),
(257, 2, '2026-05-12 10:39:38', NULL, 'success', '2001:4490:4ea9:4cc7:6d9f:991a:69c0:5c0b', '2001:4490:4ea9:4cc7:6d9f:991a:69c0:5c0b', 'Mozilla/5.0 (Macintosh; Intel Mac OS X 10_15_7) AppleWebKit/537.36 (KHTML, like Gecko) Chrome/148.0.0.0 Safari/537.36', 'Desktop', 'Chrome', 'macOS', '27ac13a5204b4610c875cb8608d5a6534b4de1fa80ff83e244760e8939b485bb', 'Login successful', '2026-05-12 10:39:38'),
(258, 2, '2026-05-12 11:56:52', NULL, 'success', '2001:4490:4ea9:4cc7:6d9f:991a:69c0:5c0b', '2001:4490:4ea9:4cc7:6d9f:991a:69c0:5c0b', 'Mozilla/5.0 (Macintosh; Intel Mac OS X 10_15_7) AppleWebKit/537.36 (KHTML, like Gecko) Chrome/148.0.0.0 Safari/537.36', 'Desktop', 'Chrome', 'macOS', '87b525849c4b4483e97b62782e78793a57af99f2de7f479e0050ee7a2c34ac4f', 'Login successful', '2026-05-12 11:56:52'),
(259, 2, '2026-05-12 12:12:37', NULL, 'success', '2001:4490:4ea9:4cc7:6d9f:991a:69c0:5c0b', '2001:4490:4ea9:4cc7:6d9f:991a:69c0:5c0b', 'Mozilla/5.0 (Macintosh; Intel Mac OS X 10_15_7) AppleWebKit/537.36 (KHTML, like Gecko) Chrome/148.0.0.0 Safari/537.36', 'Desktop', 'Chrome', 'macOS', '5b5071098118d888c1c339d8de7a199555efc519e2407746c9db06de18c7521b', 'Login successful', '2026-05-12 12:12:37'),
(260, 2, '2026-05-12 12:14:39', NULL, 'success', '2001:4490:4ea9:4cc7:6d9f:991a:69c0:5c0b', '2001:4490:4ea9:4cc7:6d9f:991a:69c0:5c0b', 'Mozilla/5.0 (Macintosh; Intel Mac OS X 10_15_7) AppleWebKit/537.36 (KHTML, like Gecko) Chrome/148.0.0.0 Safari/537.36', 'Desktop', 'Chrome', 'macOS', 'f9b0c491420caa6a837cc31f6d823aa5753a94732392accb9100311d5c643a88', 'Login successful', '2026-05-12 12:14:39'),
(261, 2, '2026-05-13 04:34:27', NULL, 'success', '2001:4490:4ea9:edfb:7c5e:131f:f502:4399', '2001:4490:4ea9:edfb:7c5e:131f:f502:4399', 'Mozilla/5.0 (Macintosh; Intel Mac OS X 10_15_7) AppleWebKit/537.36 (KHTML, like Gecko) Chrome/148.0.0.0 Safari/537.36', 'Desktop', 'Chrome', 'macOS', '1869a36881b57f3f44e445a6e3d502a29456fb8f85f08aacbd29b4493bb50a76', 'Login successful', '2026-05-13 04:34:27'),
(262, 4, '2026-05-13 04:41:43', NULL, 'success', '2001:4490:4ea9:edfb:9994:706d:462b:83f9', '2001:4490:4ea9:edfb:9994:706d:462b:83f9', 'Mozilla/5.0 (Windows NT 10.0; Win64; x64) AppleWebKit/537.36 (KHTML, like Gecko) Chrome/141.0.0.0 Safari/537.36', 'Desktop', 'Chrome', 'Windows', '9e906423e80ac3df67beab18c70877093d23229488641354c69fa1e088c180a5', 'Login successful', '2026-05-13 04:41:43'),
(263, 2, '2026-05-13 05:13:37', NULL, 'success', '117.192.98.193', '117.192.98.193', 'Mozilla/5.0 (Macintosh; Intel Mac OS X 10_15_7) AppleWebKit/537.36 (KHTML, like Gecko) Chrome/147.0.0.0 Safari/537.36', 'Desktop', 'Chrome', 'macOS', 'e59f3b1953f6617cfabe7cef87b0358a83086777c27cb99edeb59365739027c2', 'Login successful', '2026-05-13 05:13:37'),
(264, 2, '2026-05-13 05:33:32', NULL, 'success', '2001:4490:4ea9:edfb:7c5e:131f:f502:4399', '2001:4490:4ea9:edfb:7c5e:131f:f502:4399', 'Mozilla/5.0 (Macintosh; Intel Mac OS X 10_15_7) AppleWebKit/537.36 (KHTML, like Gecko) Chrome/148.0.0.0 Safari/537.36', 'Desktop', 'Chrome', 'macOS', 'f844ecbea4ea1c1b0db418105ad948f47f3cb869340d4b89eed978f1c289da3a', 'Login successful', '2026-05-13 05:33:32'),
(265, 2, '2026-05-13 05:47:01', NULL, 'success', '2001:4490:4ea9:edfb:7c5e:131f:f502:4399', '2001:4490:4ea9:edfb:7c5e:131f:f502:4399', 'Mozilla/5.0 (Macintosh; Intel Mac OS X 10_15_7) AppleWebKit/537.36 (KHTML, like Gecko) Chrome/148.0.0.0 Safari/537.36', 'Desktop', 'Chrome', 'macOS', 'feaa07aade12aa6b66c775e88693b89a93dc7d46fc424c5f502897626dd147a2', 'Login successful', '2026-05-13 05:47:01'),
(266, 2, '2026-05-13 06:24:27', NULL, 'success', '2001:4490:4ea9:edfb:7c5e:131f:f502:4399', '2001:4490:4ea9:edfb:7c5e:131f:f502:4399', 'Mozilla/5.0 (Macintosh; Intel Mac OS X 10_15_7) AppleWebKit/537.36 (KHTML, like Gecko) Chrome/148.0.0.0 Safari/537.36', 'Desktop', 'Chrome', 'macOS', 'eb522b5a3288ef684c5b9181809be3370ab12563d8615453fc4c3c37df175fa6', 'Login successful', '2026-05-13 06:24:27'),
(267, 2, '2026-05-13 06:33:07', NULL, 'failed', '2001:4490:4ea9:edfb:7c5e:131f:f502:4399', '2001:4490:4ea9:edfb:7c5e:131f:f502:4399', 'Mozilla/5.0 (Macintosh; Intel Mac OS X 10_15_7) AppleWebKit/537.36 (KHTML, like Gecko) Chrome/148.0.0.0 Safari/537.36', 'Desktop', 'Chrome', 'macOS', NULL, 'Incorrect password', '2026-05-13 06:33:07'),
(268, 2, '2026-05-13 06:33:16', NULL, 'success', '2001:4490:4ea9:edfb:7c5e:131f:f502:4399', '2001:4490:4ea9:edfb:7c5e:131f:f502:4399', 'Mozilla/5.0 (Macintosh; Intel Mac OS X 10_15_7) AppleWebKit/537.36 (KHTML, like Gecko) Chrome/148.0.0.0 Safari/537.36', 'Desktop', 'Chrome', 'macOS', '4c831ec80ad6972afa9ac9eafa92375e49255d0962aadc3bdb337abf16c0a980', 'Login successful', '2026-05-13 06:33:16'),
(269, 2, '2026-05-13 06:45:05', NULL, 'success', '2001:4490:4ea9:edfb:7c5e:131f:f502:4399', '2001:4490:4ea9:edfb:7c5e:131f:f502:4399', 'Mozilla/5.0 (Macintosh; Intel Mac OS X 10_15_7) AppleWebKit/537.36 (KHTML, like Gecko) Chrome/148.0.0.0 Safari/537.36', 'Desktop', 'Chrome', 'macOS', '1ba7a45e714be5547a2a973f9c9da964ab76b208ce8b7667915bcaa7a27735c8', 'Login successful', '2026-05-13 06:45:05'),
(270, 2, '2026-05-13 07:28:10', NULL, 'success', '2001:4490:4ea9:edfb:7c5e:131f:f502:4399', '2001:4490:4ea9:edfb:7c5e:131f:f502:4399', 'Mozilla/5.0 (Macintosh; Intel Mac OS X 10_15_7) AppleWebKit/537.36 (KHTML, like Gecko) Chrome/148.0.0.0 Safari/537.36', 'Desktop', 'Chrome', 'macOS', '7cd2ed40fd361ec569c5dd9231ff140b5c395f39b1782e429f726022b80a3a19', 'Login successful', '2026-05-13 07:28:10'),
(271, 2, '2026-05-13 07:50:48', NULL, 'success', '2001:4490:4ea9:edfb:7c5e:131f:f502:4399', '2001:4490:4ea9:edfb:7c5e:131f:f502:4399', 'Mozilla/5.0 (Macintosh; Intel Mac OS X 10_15_7) AppleWebKit/537.36 (KHTML, like Gecko) Chrome/148.0.0.0 Safari/537.36', 'Desktop', 'Chrome', 'macOS', 'd1511ee94879fed440140fe077e83c184d2301b3654afc611c606fd2f9cc6a7f', 'Login successful', '2026-05-13 07:50:48'),
(272, 2, '2026-05-13 07:57:10', NULL, 'success', '2001:4490:4ea9:edfb:7c5e:131f:f502:4399', '2001:4490:4ea9:edfb:7c5e:131f:f502:4399', 'Mozilla/5.0 (Macintosh; Intel Mac OS X 10_15_7) AppleWebKit/537.36 (KHTML, like Gecko) Chrome/148.0.0.0 Safari/537.36', 'Desktop', 'Chrome', 'macOS', 'e3feef4baeef26a7712f217e84b6e5b6820443fa9c0deeb18ad3bd312d109504', 'Login successful', '2026-05-13 07:57:10'),
(273, 2, '2026-05-13 08:01:29', NULL, 'success', '2001:4490:4ea9:edfb:7c5e:131f:f502:4399', '2001:4490:4ea9:edfb:7c5e:131f:f502:4399', 'Mozilla/5.0 (Macintosh; Intel Mac OS X 10_15_7) AppleWebKit/537.36 (KHTML, like Gecko) Chrome/148.0.0.0 Safari/537.36', 'Desktop', 'Chrome', 'macOS', '5f141ce2b1759beb19002863034598021d701ef60ad8fa6387655240905b6603', 'Login successful', '2026-05-13 08:01:29'),
(274, 2, '2026-05-13 08:54:21', NULL, 'success', '2001:4490:4ea9:edfb:7c5e:131f:f502:4399', '2001:4490:4ea9:edfb:7c5e:131f:f502:4399', 'Mozilla/5.0 (Macintosh; Intel Mac OS X 10_15_7) AppleWebKit/537.36 (KHTML, like Gecko) Chrome/148.0.0.0 Safari/537.36', 'Desktop', 'Chrome', 'macOS', '5ff9ba5cab880b2c9855900384fa765bf6f91411129435c26ad0b56c61e0a5ce', 'Login successful', '2026-05-13 08:54:21'),
(275, 2, '2026-05-13 09:02:30', NULL, 'success', '2001:4490:4ea9:edfb:7c5e:131f:f502:4399', '2001:4490:4ea9:edfb:7c5e:131f:f502:4399', 'Mozilla/5.0 (Macintosh; Intel Mac OS X 10_15_7) AppleWebKit/537.36 (KHTML, like Gecko) Chrome/148.0.0.0 Safari/537.36', 'Desktop', 'Chrome', 'macOS', '4fbf25da7e2d86fe59656211454a2703761ff7145671d20bd12d77cb4b93a9a4', 'Login successful', '2026-05-13 09:02:30'),
(276, 4, '2026-05-14 05:09:19', NULL, 'success', '2001:4490:4ea9:b591:91f:8056:25d0:be2d', '2001:4490:4ea9:b591:91f:8056:25d0:be2d', 'Mozilla/5.0 (Windows NT 10.0; Win64; x64) AppleWebKit/537.36 (KHTML, like Gecko) Chrome/141.0.0.0 Safari/537.36', 'Desktop', 'Chrome', 'Windows', '14038e5a0aeeda82c67f5b4e2f6e00560a14afe43787db17eaf2fcdd31d397bc', 'Login successful', '2026-05-14 05:09:19'),
(277, 2, '2026-05-14 07:24:08', NULL, 'success', '2001:4490:4ea9:b591:5881:8e43:c461:cdb3', '2001:4490:4ea9:b591:5881:8e43:c461:cdb3', 'Mozilla/5.0 (Macintosh; Intel Mac OS X 10_15_7) AppleWebKit/537.36 (KHTML, like Gecko) Chrome/148.0.0.0 Safari/537.36', 'Desktop', 'Chrome', 'macOS', 'e800f33df07fd02bb8eb30512c37d5431e02ce1b81e6b63bfcaead62cb9d91d8', 'Login successful', '2026-05-14 07:24:08'),
(278, 2, '2026-05-14 11:24:25', NULL, 'failed', '2001:4490:4ea9:b591:b55c:f4e:775a:839c', '2001:4490:4ea9:b591:b55c:f4e:775a:839c', 'Mozilla/5.0 (Windows NT 10.0; Win64; x64) AppleWebKit/537.36 (KHTML, like Gecko) Chrome/148.0.0.0 Safari/537.36', 'Desktop', 'Chrome', 'Windows', NULL, 'Incorrect password', '2026-05-14 11:24:25'),
(279, 2, '2026-05-14 11:24:43', NULL, 'failed', '2001:4490:4ea9:b591:b55c:f4e:775a:839c', '2001:4490:4ea9:b591:b55c:f4e:775a:839c', 'Mozilla/5.0 (Windows NT 10.0; Win64; x64) AppleWebKit/537.36 (KHTML, like Gecko) Chrome/148.0.0.0 Safari/537.36', 'Desktop', 'Chrome', 'Windows', NULL, 'Incorrect password', '2026-05-14 11:24:43'),
(280, 2, '2026-05-14 11:26:38', NULL, 'success', '2001:4490:4ea9:b591:b55c:f4e:775a:839c', '2001:4490:4ea9:b591:b55c:f4e:775a:839c', 'Mozilla/5.0 (Windows NT 10.0; Win64; x64) AppleWebKit/537.36 (KHTML, like Gecko) Chrome/148.0.0.0 Safari/537.36', 'Desktop', 'Chrome', 'Windows', '34780dbcf3663390b77627792eae3f9014f64de22a557041d5f8c6e6b641f9cf', 'Login successful', '2026-05-14 11:26:38'),
(281, 4, '2026-05-15 04:34:08', NULL, 'success', '2001:4490:4ea9:7d8f:28a9:b9d:e7d2:6e2d', '2001:4490:4ea9:7d8f:28a9:b9d:e7d2:6e2d', 'Mozilla/5.0 (Windows NT 10.0; Win64; x64) AppleWebKit/537.36 (KHTML, like Gecko) Chrome/141.0.0.0 Safari/537.36', 'Desktop', 'Chrome', 'Windows', '0d594af42a3ca448fd23969946d810e80159b3d952c9e6e14fc5c227caea15e9', 'Login successful', '2026-05-15 04:34:08'),
(282, 4, '2026-05-15 07:31:51', NULL, 'success', '2001:4490:4ea9:7d8f:28a9:b9d:e7d2:6e2d', '2001:4490:4ea9:7d8f:28a9:b9d:e7d2:6e2d', 'Mozilla/5.0 (Windows NT 10.0; Win64; x64) AppleWebKit/537.36 (KHTML, like Gecko) Chrome/141.0.0.0 Safari/537.36', 'Desktop', 'Chrome', 'Windows', '516e8b1cf1bd1cb69b36ac155ad78c0fff944926614774013d44b0a64cf1d214', 'Login successful', '2026-05-15 07:31:51'),
(283, 2, '2026-05-15 08:20:24', NULL, 'success', '2001:4490:4ea9:7d8f:2085:62e1:b947:d336', '2001:4490:4ea9:7d8f:2085:62e1:b947:d336', 'Mozilla/5.0 (Macintosh; Intel Mac OS X 10_15_7) AppleWebKit/537.36 (KHTML, like Gecko) Chrome/148.0.0.0 Safari/537.36', 'Desktop', 'Chrome', 'macOS', '65d81e88d94e81958093f5c7fe2dad41c1d570f1bcbc3cad15759be16387202a', 'Login successful', '2026-05-15 08:20:24'),
(284, 2, '2026-05-15 08:32:13', NULL, 'success', '2001:4490:4ea9:7d8f:2085:62e1:b947:d336', '2001:4490:4ea9:7d8f:2085:62e1:b947:d336', 'Mozilla/5.0 (Macintosh; Intel Mac OS X 10_15_7) AppleWebKit/537.36 (KHTML, like Gecko) Chrome/148.0.0.0 Safari/537.36', 'Desktop', 'Chrome', 'macOS', '767dd895692090822e6fa54e9c07d11584ace6db70caf40b5d3097407ebe9425', 'Login successful', '2026-05-15 08:32:13'),
(285, 2, '2026-05-15 08:35:16', NULL, 'success', '2001:4490:4ea9:7d8f:2085:62e1:b947:d336', '2001:4490:4ea9:7d8f:2085:62e1:b947:d336', 'Mozilla/5.0 (Macintosh; Intel Mac OS X 10_15_7) AppleWebKit/537.36 (KHTML, like Gecko) Chrome/148.0.0.0 Safari/537.36', 'Desktop', 'Chrome', 'macOS', 'fb2462cdceebcf0a70bf7659db6c3a6b298ae6c3d885d4619005a1e2b3a9b7cb', 'Login successful', '2026-05-15 08:35:16'),
(286, 2, '2026-05-15 08:46:20', NULL, 'success', '2001:4490:4ea9:7d8f:2085:62e1:b947:d336', '2001:4490:4ea9:7d8f:2085:62e1:b947:d336', 'Mozilla/5.0 (Macintosh; Intel Mac OS X 10_15_7) AppleWebKit/537.36 (KHTML, like Gecko) Chrome/148.0.0.0 Safari/537.36', 'Desktop', 'Chrome', 'macOS', 'b9c4efce964d911686044365941bc214153aef82229204f908c55652a1ce17c8', 'Login successful', '2026-05-15 08:46:20'),
(287, 2, '2026-05-15 09:17:55', NULL, 'success', '2001:4490:4ea9:7d8f:2085:62e1:b947:d336', '2001:4490:4ea9:7d8f:2085:62e1:b947:d336', 'Mozilla/5.0 (Macintosh; Intel Mac OS X 10_15_7) AppleWebKit/537.36 (KHTML, like Gecko) Chrome/148.0.0.0 Safari/537.36', 'Desktop', 'Chrome', 'macOS', '2abcf13e35bb6431950dce61bcd67c91d2c1a38e787b937a1a84de583305e74e', 'Login successful', '2026-05-15 09:17:55'),
(288, 2, '2026-05-15 10:46:54', NULL, 'success', '2001:4490:4ea9:7d8f:2085:62e1:b947:d336', '2001:4490:4ea9:7d8f:2085:62e1:b947:d336', 'Mozilla/5.0 (Macintosh; Intel Mac OS X 10_15_7) AppleWebKit/537.36 (KHTML, like Gecko) Chrome/148.0.0.0 Safari/537.36', 'Desktop', 'Chrome', 'macOS', 'a759db673e109be8da3fc791ea2908dddd3cf53fb8b9e0eb4525200c709fe2d6', 'Login successful', '2026-05-15 10:46:54'),
(289, 2, '2026-05-15 10:48:37', NULL, 'success', '2001:4490:4ea9:7d8f:2085:62e1:b947:d336', '2001:4490:4ea9:7d8f:2085:62e1:b947:d336', 'Mozilla/5.0 (Macintosh; Intel Mac OS X 10_15_7) AppleWebKit/537.36 (KHTML, like Gecko) Chrome/148.0.0.0 Safari/537.36', 'Desktop', 'Chrome', 'macOS', 'd5dfd69814acf01549ac7b63b0aeab999105b4177c83da44983f82c6157f59a1', 'Login successful', '2026-05-15 10:48:37'),
(290, 2, '2026-05-15 10:57:40', NULL, 'success', '2001:4490:4ea9:7d8f:2085:62e1:b947:d336', '2001:4490:4ea9:7d8f:2085:62e1:b947:d336', 'Mozilla/5.0 (Macintosh; Intel Mac OS X 10_15_7) AppleWebKit/537.36 (KHTML, like Gecko) Chrome/148.0.0.0 Safari/537.36', 'Desktop', 'Chrome', 'macOS', '013236442874975bf5925ddb752d673ebd517dbc0c17bf831e72d04c741e8363', 'Login successful', '2026-05-15 10:57:40');;

INSERT INTO `login_history` (`id`, `user_id`, `login_at`, `logout_at`, `login_status`, `ip_address`, `host_name`, `user_agent`, `device_type`, `browser`, `os`, `session_token`, `remarks`, `created_at`) VALUES
(291, 2, '2026-05-15 12:53:26', NULL, 'success', '2001:4490:4ea9:7d8f:2085:62e1:b947:d336', '2001:4490:4ea9:7d8f:2085:62e1:b947:d336', 'Mozilla/5.0 (Macintosh; Intel Mac OS X 10_15_7) AppleWebKit/537.36 (KHTML, like Gecko) Chrome/148.0.0.0 Safari/537.36', 'Desktop', 'Chrome', 'macOS', '0cc4ff747fb42f118af0b7757846e8d113da0094231cb4a4a0dd8d478f9b614d', 'Login successful', '2026-05-15 12:53:26'),
(292, 2, '2026-05-15 12:58:07', NULL, 'success', '2001:4490:4ea9:7d8f:2085:62e1:b947:d336', '2001:4490:4ea9:7d8f:2085:62e1:b947:d336', 'Mozilla/5.0 (Macintosh; Intel Mac OS X 10_15_7) AppleWebKit/537.36 (KHTML, like Gecko) Chrome/148.0.0.0 Safari/537.36', 'Desktop', 'Chrome', 'macOS', '7fe49460cef8148794a986ca2fa41805d3a658cd9e34ae1a917dcc0cd323c025', 'Login successful', '2026-05-15 12:58:07'),
(293, 2, '2026-05-16 04:39:05', NULL, 'success', '2001:4490:4ea9:27a0:58d9:60ec:56c0:e147', '2001:4490:4ea9:27a0:58d9:60ec:56c0:e147', 'Mozilla/5.0 (Macintosh; Intel Mac OS X 10_15_7) AppleWebKit/537.36 (KHTML, like Gecko) Chrome/148.0.0.0 Safari/537.36', 'Desktop', 'Chrome', 'macOS', '1036d835f068db5d064ca5abfe6213a08628f9d098987846dcd90a6d20819ba2', 'Login successful', '2026-05-16 04:39:05'),
(294, 4, '2026-05-16 04:40:00', NULL, 'success', '2001:4490:4ea9:27a0:708f:a111:8cd1:45ed', '2001:4490:4ea9:27a0:708f:a111:8cd1:45ed', 'Mozilla/5.0 (Windows NT 10.0; Win64; x64) AppleWebKit/537.36 (KHTML, like Gecko) Chrome/141.0.0.0 Safari/537.36', 'Desktop', 'Chrome', 'Windows', '9c40e13d0c2356ccb2204d1907fe24876550253b9f83fec149bd6c47421f2bd5', 'Login successful', '2026-05-16 04:40:00'),
(295, 2, '2026-05-16 04:46:20', NULL, 'success', '2001:4490:4ea9:27a0:58d9:60ec:56c0:e147', '2001:4490:4ea9:27a0:58d9:60ec:56c0:e147', 'Mozilla/5.0 (Macintosh; Intel Mac OS X 10_15_7) AppleWebKit/537.36 (KHTML, like Gecko) Chrome/148.0.0.0 Safari/537.36', 'Desktop', 'Chrome', 'macOS', '1a64944df2b6297d9e2df59f01e72ce617da3560a52329f86b00820d39336f32', 'Login successful', '2026-05-16 04:46:20'),
(296, 2, '2026-05-16 04:54:39', NULL, 'success', '2001:4490:4ea9:27a0:58d9:60ec:56c0:e147', '2001:4490:4ea9:27a0:58d9:60ec:56c0:e147', 'Mozilla/5.0 (Macintosh; Intel Mac OS X 10_15_7) AppleWebKit/537.36 (KHTML, like Gecko) Chrome/148.0.0.0 Safari/537.36', 'Desktop', 'Chrome', 'macOS', 'f97c30e436e88a5540503504145ff550ae6d57292df05df39ea055f6f54c0ac6', 'Login successful', '2026-05-16 04:54:39'),
(297, 2, '2026-05-16 05:33:10', NULL, 'success', '2001:4490:4ea9:27a0:58d9:60ec:56c0:e147', '2001:4490:4ea9:27a0:58d9:60ec:56c0:e147', 'Mozilla/5.0 (Macintosh; Intel Mac OS X 10_15_7) AppleWebKit/537.36 (KHTML, like Gecko) Chrome/148.0.0.0 Safari/537.36', 'Desktop', 'Chrome', 'macOS', '69d80757fec99b8075cc56c68ebaddaa50763ef8ee5070308b5281daec1abd62', 'Login successful', '2026-05-16 05:33:10'),
(298, 2, '2026-05-16 06:11:22', NULL, 'success', '2001:4490:4ea9:27a0:58d9:60ec:56c0:e147', '2001:4490:4ea9:27a0:58d9:60ec:56c0:e147', 'Mozilla/5.0 (Macintosh; Intel Mac OS X 10_15_7) AppleWebKit/537.36 (KHTML, like Gecko) Chrome/148.0.0.0 Safari/537.36', 'Desktop', 'Chrome', 'macOS', 'e7e2b5f707e6f93edffc8aa8145658f7ea48b800f4d55ba795c981696e9af225', 'Login successful', '2026-05-16 06:11:22'),
(299, 2, '2026-05-16 06:20:42', NULL, 'success', '2001:4490:4ea9:27a0:58d9:60ec:56c0:e147', '2001:4490:4ea9:27a0:58d9:60ec:56c0:e147', 'Mozilla/5.0 (Macintosh; Intel Mac OS X 10_15_7) AppleWebKit/537.36 (KHTML, like Gecko) Chrome/148.0.0.0 Safari/537.36', 'Desktop', 'Chrome', 'macOS', '686d392e29232326dc93b8f297e647fc3fc753af0e3132eba979050682556486', 'Login successful', '2026-05-16 06:20:42'),
(300, 2, '2026-05-16 08:21:18', NULL, 'success', '2001:4490:4ea9:27a0:58d9:60ec:56c0:e147', '2001:4490:4ea9:27a0:58d9:60ec:56c0:e147', 'Mozilla/5.0 (Macintosh; Intel Mac OS X 10_15_7) AppleWebKit/537.36 (KHTML, like Gecko) Chrome/148.0.0.0 Safari/537.36', 'Desktop', 'Chrome', 'macOS', 'fbc6782b3b995fe210c1b2ccdbf076e5ea179e82610c21c666af03e17f730792', 'Login successful', '2026-05-16 08:21:18'),
(301, 2, '2026-05-16 08:31:06', NULL, 'success', '2001:4490:4ea9:27a0:58d9:60ec:56c0:e147', '2001:4490:4ea9:27a0:58d9:60ec:56c0:e147', 'Mozilla/5.0 (Macintosh; Intel Mac OS X 10_15_7) AppleWebKit/537.36 (KHTML, like Gecko) Chrome/148.0.0.0 Safari/537.36', 'Desktop', 'Chrome', 'macOS', '9fe3b08bbbfc1801ec6ce42e3527da05416f064c14f43804daa480c5f6adf7b0', 'Login successful', '2026-05-16 08:31:06'),
(302, 2, '2026-05-16 09:27:58', NULL, 'success', '2001:4490:4ea9:27a0:58d9:60ec:56c0:e147', '2001:4490:4ea9:27a0:58d9:60ec:56c0:e147', 'Mozilla/5.0 (Macintosh; Intel Mac OS X 10_15_7) AppleWebKit/537.36 (KHTML, like Gecko) Chrome/148.0.0.0 Safari/537.36', 'Desktop', 'Chrome', 'macOS', 'a5afb1ffc1300a90803674805d38867474810e27979ec32280cc7bb4f3b68432', 'Login successful', '2026-05-16 09:27:58'),
(303, 2, '2026-05-16 09:37:23', NULL, 'success', '2001:4490:4ea9:27a0:8c4d:dadc:12c7:5a2', '2001:4490:4ea9:27a0:8c4d:dadc:12c7:5a2', 'Mozilla/5.0 (Macintosh; Intel Mac OS X 10_15_7) AppleWebKit/537.36 (KHTML, like Gecko) Chrome/148.0.0.0 Safari/537.36', 'Desktop', 'Chrome', 'macOS', '9a0dce528a9afaf9c2507f5a98f4193d2baad4beaa03792b4559c4b1d7b0b003', 'Login successful', '2026-05-16 09:37:23'),
(304, 2, '2026-05-16 09:40:28', NULL, 'success', '2001:4490:4ea9:27a0:58d9:60ec:56c0:e147', '2001:4490:4ea9:27a0:58d9:60ec:56c0:e147', 'Mozilla/5.0 (Macintosh; Intel Mac OS X 10_15_7) AppleWebKit/537.36 (KHTML, like Gecko) Chrome/148.0.0.0 Safari/537.36', 'Desktop', 'Chrome', 'macOS', '55c220712dbd12e56d60524c3a9df817b8d0a98384caebe86b0b1de32af617b4', 'Login successful', '2026-05-16 09:40:28'),
(305, 2, '2026-05-16 09:49:31', NULL, 'success', '2001:4490:4ea9:27a0:8c4d:dadc:12c7:5a2', '2001:4490:4ea9:27a0:8c4d:dadc:12c7:5a2', 'Mozilla/5.0 (Macintosh; Intel Mac OS X 10_15_7) AppleWebKit/537.36 (KHTML, like Gecko) Chrome/148.0.0.0 Safari/537.36', 'Desktop', 'Chrome', 'macOS', 'eb446a359fa98d3933147e76f576d25461cc412b2d821ee39dd8a0203628df4b', 'Login successful', '2026-05-16 09:49:31'),
(306, 2, '2026-05-16 09:54:17', NULL, 'success', '2001:4490:4ea9:27a0:58d9:60ec:56c0:e147', '2001:4490:4ea9:27a0:58d9:60ec:56c0:e147', 'Mozilla/5.0 (Macintosh; Intel Mac OS X 10_15_7) AppleWebKit/537.36 (KHTML, like Gecko) Chrome/148.0.0.0 Safari/537.36', 'Desktop', 'Chrome', 'macOS', '40475d174c4063dee794d63918b91dd8c66c7b3a3f575dd786946933ef1b8606', 'Login successful', '2026-05-16 09:54:17'),
(307, 2, '2026-05-16 10:00:19', NULL, 'success', '2001:4490:4ea9:27a0:58d9:60ec:56c0:e147', '2001:4490:4ea9:27a0:58d9:60ec:56c0:e147', 'Mozilla/5.0 (Macintosh; Intel Mac OS X 10_15_7) AppleWebKit/537.36 (KHTML, like Gecko) Chrome/148.0.0.0 Safari/537.36', 'Desktop', 'Chrome', 'macOS', '530b4009fc344e41651c6ed5abe5ffa7e04bfaeb0c820590e534ceba02d7e903', 'Login successful', '2026-05-16 10:00:19'),
(308, 2, '2026-05-16 10:49:08', NULL, 'success', '2001:4490:4ea9:27a0:58d9:60ec:56c0:e147', '2001:4490:4ea9:27a0:58d9:60ec:56c0:e147', 'Mozilla/5.0 (Macintosh; Intel Mac OS X 10_15_7) AppleWebKit/537.36 (KHTML, like Gecko) Chrome/148.0.0.0 Safari/537.36', 'Desktop', 'Chrome', 'macOS', '613238407703e099465541f87d2199119a8bf246f2a19f214cbc8a49a6cd160a', 'Login successful', '2026-05-16 10:49:08'),
(309, 2, '2026-05-16 10:59:57', NULL, 'failed', '2001:4490:4ea9:27a0:58d9:60ec:56c0:e147', '2001:4490:4ea9:27a0:58d9:60ec:56c0:e147', 'Mozilla/5.0 (Macintosh; Intel Mac OS X 10_15_7) AppleWebKit/537.36 (KHTML, like Gecko) Chrome/148.0.0.0 Safari/537.36', 'Desktop', 'Chrome', 'macOS', NULL, 'Incorrect password', '2026-05-16 10:59:57'),
(310, 2, '2026-05-16 11:00:08', NULL, 'success', '2001:4490:4ea9:27a0:58d9:60ec:56c0:e147', '2001:4490:4ea9:27a0:58d9:60ec:56c0:e147', 'Mozilla/5.0 (Macintosh; Intel Mac OS X 10_15_7) AppleWebKit/537.36 (KHTML, like Gecko) Chrome/148.0.0.0 Safari/537.36', 'Desktop', 'Chrome', 'macOS', '720d81ca2ea51d13abafafa185e14f1bad70d443d3f79a598302b2410474f944', 'Login successful', '2026-05-16 11:00:08'),
(311, 2, '2026-05-16 11:14:03', NULL, 'success', '2001:4490:4ea9:27a0:58d9:60ec:56c0:e147', '2001:4490:4ea9:27a0:58d9:60ec:56c0:e147', 'Mozilla/5.0 (Macintosh; Intel Mac OS X 10_15_7) AppleWebKit/537.36 (KHTML, like Gecko) Chrome/148.0.0.0 Safari/537.36', 'Desktop', 'Chrome', 'macOS', 'baf1fce6d29b82d2405605bbf7d044cbdef2263b14227b700d7538cdd0593a4d', 'Login successful', '2026-05-16 11:14:03'),
(312, 2, '2026-05-16 11:24:46', NULL, 'success', '2001:4490:4ea9:27a0:58d9:60ec:56c0:e147', '2001:4490:4ea9:27a0:58d9:60ec:56c0:e147', 'Mozilla/5.0 (Macintosh; Intel Mac OS X 10_15_7) AppleWebKit/537.36 (KHTML, like Gecko) Chrome/148.0.0.0 Safari/537.36', 'Desktop', 'Chrome', 'macOS', '759d7b984296cf543c0c6fa03aa8060f592b6100caaa86ba8a73e88e33575918', 'Login successful', '2026-05-16 11:24:46'),
(313, 2, '2026-05-16 12:23:23', NULL, 'success', '2001:4490:4ea9:27a0:58d9:60ec:56c0:e147', '2001:4490:4ea9:27a0:58d9:60ec:56c0:e147', 'Mozilla/5.0 (Macintosh; Intel Mac OS X 10_15_7) AppleWebKit/537.36 (KHTML, like Gecko) Chrome/148.0.0.0 Safari/537.36', 'Desktop', 'Chrome', 'macOS', '42940168028f2b2f11f777732b24ea3004e2743e2cda5b26619b6a4b0e8b5ed8', 'Login successful', '2026-05-16 12:23:23'),
(314, 2, '2026-05-16 12:41:41', NULL, 'success', '2001:4490:4ea9:27a0:58d9:60ec:56c0:e147', '2001:4490:4ea9:27a0:58d9:60ec:56c0:e147', 'Mozilla/5.0 (Macintosh; Intel Mac OS X 10_15_7) AppleWebKit/537.36 (KHTML, like Gecko) Chrome/148.0.0.0 Safari/537.36', 'Desktop', 'Chrome', 'macOS', 'f05218f4f762dd97e166286187844f492fda9acb8e6ab3f55330752aebb560d7', 'Login successful', '2026-05-16 12:41:41'),
(315, 2, '2026-05-18 04:33:43', NULL, 'success', '2001:4490:4ea9:9caa:51a9:b72b:b856:e8f1', '2001:4490:4ea9:9caa:51a9:b72b:b856:e8f1', 'Mozilla/5.0 (Macintosh; Intel Mac OS X 10_15_7) AppleWebKit/537.36 (KHTML, like Gecko) Chrome/148.0.0.0 Safari/537.36', 'Desktop', 'Chrome', 'macOS', 'b1051fd0b58dd6f8930ac6b5b6a4d31a0c6da64b145aabd7df403bf6e30069a0', 'Login successful', '2026-05-18 04:33:43'),
(316, 2, '2026-05-18 04:42:24', NULL, 'success', '2001:4490:4ea9:9caa:51a9:b72b:b856:e8f1', '2001:4490:4ea9:9caa:51a9:b72b:b856:e8f1', 'Mozilla/5.0 (Macintosh; Intel Mac OS X 10_15_7) AppleWebKit/537.36 (KHTML, like Gecko) Chrome/148.0.0.0 Safari/537.36', 'Desktop', 'Chrome', 'macOS', '5f206254b3584060217da6befd1e2cc8e25fdd4160fc6e18e9c028047745a189', 'Login successful', '2026-05-18 04:42:24'),
(317, 2, '2026-05-18 04:45:06', NULL, 'success', '2001:4490:4ea9:9caa:e054:8e2a:5216:9367', '2001:4490:4ea9:9caa:e054:8e2a:5216:9367', 'Mozilla/5.0 (Windows NT 10.0; Win64; x64) AppleWebKit/537.36 (KHTML, like Gecko) Chrome/148.0.0.0 Safari/537.36', 'Desktop', 'Chrome', 'Windows', '0f746120b073e14f6e5c891d6173f34545e0e235e78777cc68114c65171bb551', 'Login successful', '2026-05-18 04:45:06'),
(318, 4, '2026-05-18 04:52:19', NULL, 'success', '2001:4490:4ea9:9caa:906c:2d8f:ac3d:7441', '2001:4490:4ea9:9caa:906c:2d8f:ac3d:7441', 'Mozilla/5.0 (Windows NT 10.0; Win64; x64) AppleWebKit/537.36 (KHTML, like Gecko) Chrome/141.0.0.0 Safari/537.36', 'Desktop', 'Chrome', 'Windows', '54770ddcabca85c7c0f439b7028a2591444984d24b6cb7fe1f63cc5b4b44033e', 'Login successful', '2026-05-18 04:52:19'),
(319, 2, '2026-05-18 05:13:24', NULL, 'success', '2001:4490:4ea9:9caa:51a9:b72b:b856:e8f1', '2001:4490:4ea9:9caa:51a9:b72b:b856:e8f1', 'Mozilla/5.0 (Macintosh; Intel Mac OS X 10_15_7) AppleWebKit/537.36 (KHTML, like Gecko) Chrome/148.0.0.0 Safari/537.36', 'Desktop', 'Chrome', 'macOS', '3c0ab6b27130c96ba89e17226ddbcbdb3d4cf2671537f285a8d9a99ff28c7bc5', 'Login successful', '2026-05-18 05:13:24'),
(320, 2, '2026-05-18 05:44:05', NULL, 'success', '2001:4490:4ea9:9caa:51a9:b72b:b856:e8f1', '2001:4490:4ea9:9caa:51a9:b72b:b856:e8f1', 'Mozilla/5.0 (Macintosh; Intel Mac OS X 10_15_7) AppleWebKit/537.36 (KHTML, like Gecko) Chrome/148.0.0.0 Safari/537.36', 'Desktop', 'Chrome', 'macOS', '47e6c2f9af2d5c411544ea0ca8b5429f92ad1cd148dbdcab4b53f685d51428cd', 'Login successful', '2026-05-18 05:44:05'),
(321, 2, '2026-05-18 05:44:58', NULL, 'success', '2001:4490:4ea9:9caa:380d:cb4e:f6c4:b072', '2001:4490:4ea9:9caa:380d:cb4e:f6c4:b072', 'Mozilla/5.0 (Macintosh; Intel Mac OS X 10_15_7) AppleWebKit/537.36 (KHTML, like Gecko) Chrome/148.0.0.0 Safari/537.36', 'Desktop', 'Chrome', 'macOS', '030c4279347618e25f30ebcf79145eb55601c5cfd0582bfe460456914d5e315a', 'Login successful', '2026-05-18 05:44:58'),
(322, 2, '2026-05-18 05:46:24', NULL, 'success', '2001:4490:4ea9:9caa:380d:cb4e:f6c4:b072', '2001:4490:4ea9:9caa:380d:cb4e:f6c4:b072', 'Mozilla/5.0 (Macintosh; Intel Mac OS X 10_15_7) AppleWebKit/537.36 (KHTML, like Gecko) Chrome/148.0.0.0 Safari/537.36', 'Desktop', 'Chrome', 'macOS', 'cdc2532411c52ab465b46d7b10faf2a6bb652599b00ca642d34a9ac802012ef5', 'Login successful', '2026-05-18 05:46:24'),
(323, 2, '2026-05-18 05:50:06', NULL, 'success', '2001:4490:4ea9:9caa:51a9:b72b:b856:e8f1', '2001:4490:4ea9:9caa:51a9:b72b:b856:e8f1', 'Mozilla/5.0 (Macintosh; Intel Mac OS X 10_15_7) AppleWebKit/537.36 (KHTML, like Gecko) Chrome/148.0.0.0 Safari/537.36', 'Desktop', 'Chrome', 'macOS', '9816f3fbe7a3246e64662158cfb053c6eae644d6ec92be62532fe6e019de5d85', 'Login successful', '2026-05-18 05:50:06'),
(324, 2, '2026-05-18 05:57:36', NULL, 'success', '2001:4490:4ea9:9caa:51a9:b72b:b856:e8f1', '2001:4490:4ea9:9caa:51a9:b72b:b856:e8f1', 'Mozilla/5.0 (Macintosh; Intel Mac OS X 10_15_7) AppleWebKit/537.36 (KHTML, like Gecko) Chrome/148.0.0.0 Safari/537.36', 'Desktop', 'Chrome', 'macOS', 'd87028404c0f1a403197bb440e6b7fc4891bba6dff02c1485d65c139b336fb6b', 'Login successful', '2026-05-18 05:57:36'),
(325, 2, '2026-05-18 06:00:01', NULL, 'success', '2001:4490:4ea9:9caa:380d:cb4e:f6c4:b072', '2001:4490:4ea9:9caa:380d:cb4e:f6c4:b072', 'Mozilla/5.0 (Macintosh; Intel Mac OS X 10_15_7) AppleWebKit/537.36 (KHTML, like Gecko) Chrome/148.0.0.0 Safari/537.36', 'Desktop', 'Chrome', 'macOS', '9092b5d374c31db3ea2466e18d93587ccd8d13ce33d6cee8f02e25c57b18190b', 'Login successful', '2026-05-18 06:00:01'),
(326, 2, '2026-05-18 06:32:25', NULL, 'success', '2001:4490:4ea9:9caa:51a9:b72b:b856:e8f1', '2001:4490:4ea9:9caa:51a9:b72b:b856:e8f1', 'Mozilla/5.0 (Macintosh; Intel Mac OS X 10_15_7) AppleWebKit/537.36 (KHTML, like Gecko) Chrome/148.0.0.0 Safari/537.36', 'Desktop', 'Chrome', 'macOS', 'cb4c29b333959421e38fb440f5c3f4ab601c9388cf9c84e5c50058e4d799f5a8', 'Login successful', '2026-05-18 06:32:25'),
(327, 2, '2026-05-18 07:10:00', NULL, 'success', '59.93.245.7', '59.93.245.7', 'Mozilla/5.0 (Macintosh; Intel Mac OS X 10_15_7) AppleWebKit/537.36 (KHTML, like Gecko) Chrome/148.0.0.0 Safari/537.36', 'Desktop', 'Chrome', 'macOS', '9376681e7c3ce5e8af23f3a6b83c30ea2062164cfdfa915e595fe743b0943a7d', 'Login successful', '2026-05-18 07:10:00'),
(328, 2, '2026-05-18 07:12:19', NULL, 'success', '2001:4490:4ea9:9caa:51a9:b72b:b856:e8f1', '2001:4490:4ea9:9caa:51a9:b72b:b856:e8f1', 'Mozilla/5.0 (Macintosh; Intel Mac OS X 10_15_7) AppleWebKit/537.36 (KHTML, like Gecko) Chrome/148.0.0.0 Safari/537.36', 'Desktop', 'Chrome', 'macOS', 'b267000f043b9c662d87bc8fda36c5287873a89de2743e22dd5d3dd7503a0b02', 'Login successful', '2026-05-18 07:12:19'),
(329, 2, '2026-05-18 07:19:55', NULL, 'success', '2001:4490:4ea9:9caa:51a9:b72b:b856:e8f1', '2001:4490:4ea9:9caa:51a9:b72b:b856:e8f1', 'Mozilla/5.0 (Macintosh; Intel Mac OS X 10_15_7) AppleWebKit/537.36 (KHTML, like Gecko) Chrome/148.0.0.0 Safari/537.36', 'Desktop', 'Chrome', 'macOS', '8f572264a52610b226d1de5f2a3cf91d3794c2e23bbf14af5a02ffc6fc1e565f', 'Login successful', '2026-05-18 07:19:55'),
(330, 2, '2026-05-18 08:16:37', NULL, 'success', '2001:4490:4ea9:9caa:51a9:b72b:b856:e8f1', '2001:4490:4ea9:9caa:51a9:b72b:b856:e8f1', 'Mozilla/5.0 (Macintosh; Intel Mac OS X 10_15_7) AppleWebKit/537.36 (KHTML, like Gecko) Chrome/148.0.0.0 Safari/537.36', 'Desktop', 'Chrome', 'macOS', '6e15552c9fd9fa23d8bf00a5946096e42b0b1fc85ee7048af1b0e265b1077c7a', 'Login successful', '2026-05-18 08:16:37'),
(331, 2, '2026-05-18 08:23:44', NULL, 'success', '2001:4490:4ea9:9caa:51a9:b72b:b856:e8f1', '2001:4490:4ea9:9caa:51a9:b72b:b856:e8f1', 'Mozilla/5.0 (Macintosh; Intel Mac OS X 10_15_7) AppleWebKit/537.36 (KHTML, like Gecko) Chrome/148.0.0.0 Safari/537.36', 'Desktop', 'Chrome', 'macOS', '19f162191f1ad4c64f78968db2937b663e99fc0adcba687fe11e21c1af714cfa', 'Login successful', '2026-05-18 08:23:44'),
(332, 2, '2026-05-18 08:52:23', NULL, 'success', '2001:4490:4ea9:9caa:51a9:b72b:b856:e8f1', '2001:4490:4ea9:9caa:51a9:b72b:b856:e8f1', 'Mozilla/5.0 (Macintosh; Intel Mac OS X 10_15_7) AppleWebKit/537.36 (KHTML, like Gecko) Chrome/148.0.0.0 Safari/537.36', 'Desktop', 'Chrome', 'macOS', '292dac339353d12adab829b8b694e79ba91fb1a149c30f5cd85b20f1cd5402fe', 'Login successful', '2026-05-18 08:52:23'),
(333, 2, '2026-05-18 09:08:00', NULL, 'success', '2001:4490:4ea9:9caa:51a9:b72b:b856:e8f1', '2001:4490:4ea9:9caa:51a9:b72b:b856:e8f1', 'Mozilla/5.0 (Macintosh; Intel Mac OS X 10_15_7) AppleWebKit/537.36 (KHTML, like Gecko) Chrome/148.0.0.0 Safari/537.36', 'Desktop', 'Chrome', 'macOS', '98e8cc6ae535fef9aa923158bf5e8dac9e40fd36c4a2a2860393b35c7498af57', 'Login successful', '2026-05-18 09:08:00'),
(334, 2, '2026-05-18 09:13:14', NULL, 'success', '2001:4490:4ea9:9caa:51a9:b72b:b856:e8f1', '2001:4490:4ea9:9caa:51a9:b72b:b856:e8f1', 'Mozilla/5.0 (Macintosh; Intel Mac OS X 10_15_7) AppleWebKit/537.36 (KHTML, like Gecko) Chrome/148.0.0.0 Safari/537.36', 'Desktop', 'Chrome', 'macOS', 'c8ce19f5b755a20835b8bb2a2106aa457f1bacb52dbecde38f37c38e040f96e4', 'Login successful', '2026-05-18 09:13:14'),
(335, 2, '2026-05-18 09:23:46', NULL, 'success', '2001:4490:4ea9:9caa:51a9:b72b:b856:e8f1', '2001:4490:4ea9:9caa:51a9:b72b:b856:e8f1', 'Mozilla/5.0 (Macintosh; Intel Mac OS X 10_15_7) AppleWebKit/537.36 (KHTML, like Gecko) Chrome/148.0.0.0 Safari/537.36', 'Desktop', 'Chrome', 'macOS', '59077fd127a8ee8a8fbd39772b89e7f719b805252a43b4758181e93c82ec1d7d', 'Login successful', '2026-05-18 09:23:46'),
(336, 2, '2026-05-18 10:02:22', NULL, 'success', '2001:4490:4ea9:9caa:51a9:b72b:b856:e8f1', '2001:4490:4ea9:9caa:51a9:b72b:b856:e8f1', 'Mozilla/5.0 (Macintosh; Intel Mac OS X 10_15_7) AppleWebKit/537.36 (KHTML, like Gecko) Chrome/148.0.0.0 Safari/537.36', 'Desktop', 'Chrome', 'macOS', 'ed84856aa0059eca7c5a62897fdc14806b98d17e28f5bb3c1c5f82db0bac1406', 'Login successful', '2026-05-18 10:02:22'),
(337, 2, '2026-05-18 10:33:28', NULL, 'success', '2001:4490:4ea9:9caa:51a9:b72b:b856:e8f1', '2001:4490:4ea9:9caa:51a9:b72b:b856:e8f1', 'Mozilla/5.0 (Macintosh; Intel Mac OS X 10_15_7) AppleWebKit/537.36 (KHTML, like Gecko) Chrome/148.0.0.0 Safari/537.36', 'Desktop', 'Chrome', 'macOS', '1dc56030c682e8555da8ca7ace9809a7d5691092e2325fe22ea7d5f1bd9b2f0e', 'Login successful', '2026-05-18 10:33:28'),
(338, 2, '2026-05-19 01:36:58', NULL, 'success', '2001:4490:4ea9:34e:45d:45db:3ad2:1671', '2001:4490:4ea9:34e:45d:45db:3ad2:1671', 'Mozilla/5.0 (Macintosh; Intel Mac OS X 10_15_7) AppleWebKit/537.36 (KHTML, like Gecko) Chrome/148.0.0.0 Safari/537.36', 'Desktop', 'Chrome', 'macOS', 'b233005c5c051404a5904721af63a361260d91c78e5a6fe3e5168901bf3d9ab8', 'Login successful', '2026-05-19 01:36:58'),
(339, 2, '2026-05-19 01:43:37', NULL, 'success', '2001:4490:4ea9:34e:45d:45db:3ad2:1671', '2001:4490:4ea9:34e:45d:45db:3ad2:1671', 'Mozilla/5.0 (Macintosh; Intel Mac OS X 10_15_7) AppleWebKit/537.36 (KHTML, like Gecko) Chrome/148.0.0.0 Safari/537.36', 'Desktop', 'Chrome', 'macOS', 'e5870f14e622b3cd4441825972cecebeeb2c28e1b4a2730572b6890d46761228', 'Login successful', '2026-05-19 01:43:37'),
(340, 2, '2026-05-19 02:15:06', NULL, 'success', '2001:4490:4ea9:34e:45d:45db:3ad2:1671', '2001:4490:4ea9:34e:45d:45db:3ad2:1671', 'Mozilla/5.0 (Macintosh; Intel Mac OS X 10_15_7) AppleWebKit/537.36 (KHTML, like Gecko) Chrome/148.0.0.0 Safari/537.36', 'Desktop', 'Chrome', 'macOS', 'c7a5d8e575bca975676a8897547d244b21c463da5137223caa16434a67039e9f', 'Login successful', '2026-05-19 02:15:06'),
(341, 2, '2026-05-19 03:18:43', NULL, 'failed', '2001:4490:4ea9:34e:45d:45db:3ad2:1671', '2001:4490:4ea9:34e:45d:45db:3ad2:1671', 'Mozilla/5.0 (Macintosh; Intel Mac OS X 10_15_7) AppleWebKit/537.36 (KHTML, like Gecko) Chrome/148.0.0.0 Safari/537.36', 'Desktop', 'Chrome', 'macOS', NULL, 'Incorrect password', '2026-05-19 03:18:43'),
(342, 2, '2026-05-19 03:18:54', NULL, 'success', '2001:4490:4ea9:34e:45d:45db:3ad2:1671', '2001:4490:4ea9:34e:45d:45db:3ad2:1671', 'Mozilla/5.0 (Macintosh; Intel Mac OS X 10_15_7) AppleWebKit/537.36 (KHTML, like Gecko) Chrome/148.0.0.0 Safari/537.36', 'Desktop', 'Chrome', 'macOS', '232da0cb506d275341aec2185196175a2bbf4d23e2a104943b7309f2476993c5', 'Login successful', '2026-05-19 03:18:54'),
(343, 4, '2026-05-19 04:57:07', NULL, 'success', '2001:4490:4ea9:72dd:c499:525d:e827:5b97', '2001:4490:4ea9:72dd:c499:525d:e827:5b97', 'Mozilla/5.0 (Windows NT 10.0; Win64; x64) AppleWebKit/537.36 (KHTML, like Gecko) Chrome/141.0.0.0 Safari/537.36', 'Desktop', 'Chrome', 'Windows', '0c5cc7e768e5257896df15d496cf3b5da809cc4c93fc42151dba27b43600ff94', 'Login successful', '2026-05-19 04:57:07'),
(344, 2, '2026-05-19 04:58:03', NULL, 'success', '2001:4490:4ea9:72dd:101b:6c16:d8a6:8fb4', '2001:4490:4ea9:72dd:101b:6c16:d8a6:8fb4', 'Mozilla/5.0 (Macintosh; Intel Mac OS X 10_15_7) AppleWebKit/537.36 (KHTML, like Gecko) Chrome/148.0.0.0 Safari/537.36', 'Desktop', 'Chrome', 'macOS', 'bf3d5e109f1029fd4f1ea26aa79e4a95281f2a2129ebb99403a64c7979ff5896', 'Login successful', '2026-05-19 04:58:03'),
(345, 2, '2026-05-19 05:02:54', NULL, 'success', '2001:4490:4ea9:72dd:c499:525d:e827:5b97', '2001:4490:4ea9:72dd:c499:525d:e827:5b97', 'Mozilla/5.0 (Windows NT 10.0; Win64; x64) AppleWebKit/537.36 (KHTML, like Gecko) Chrome/141.0.0.0 Safari/537.36', 'Desktop', 'Chrome', 'Windows', 'd03e5f72c299daae2121d18c41d87d43ff2a6dbfde73ba0793409ee9033473e3', 'Login successful', '2026-05-19 05:02:54'),
(346, 2, '2026-05-19 17:42:14', NULL, 'success', '2001:4490:4ea9:d76b:b500:493c:3431:f676', '2001:4490:4ea9:d76b:b500:493c:3431:f676', 'Mozilla/5.0 (Macintosh; Intel Mac OS X 10_15_7) AppleWebKit/537.36 (KHTML, like Gecko) Chrome/148.0.0.0 Safari/537.36', 'Desktop', 'Chrome', 'macOS', 'f0e3ba02da5ba50f027eeb65536d14d2485609a7d3084f6ea15eb133fc90c0d6', 'Login successful', '2026-05-19 17:42:14'),
(347, 2, '2026-05-19 17:48:25', NULL, 'success', '2001:4490:4ea9:d76b:b500:493c:3431:f676', '2001:4490:4ea9:d76b:b500:493c:3431:f676', 'Mozilla/5.0 (Macintosh; Intel Mac OS X 10_15_7) AppleWebKit/537.36 (KHTML, like Gecko) Chrome/148.0.0.0 Safari/537.36', 'Desktop', 'Chrome', 'macOS', '6846410107111f7c5ea3e3321cc4cdc1badb63270ed266774b8f3d1b62634d6a', 'Login successful', '2026-05-19 17:48:25'),
(348, 4, '2026-05-20 04:31:27', NULL, 'success', '2001:4490:4ea9:8a97:80be:59fd:a480:59bb', '2001:4490:4ea9:8a97:80be:59fd:a480:59bb', 'Mozilla/5.0 (Windows NT 10.0; Win64; x64) AppleWebKit/537.36 (KHTML, like Gecko) Chrome/141.0.0.0 Safari/537.36', 'Desktop', 'Chrome', 'Windows', 'ef103f86d515822fbf65e4a5d6461f373880c946c3aa7b7d6c84accf93cac69f', 'Login successful', '2026-05-20 04:31:27'),
(349, 2, '2026-05-20 06:55:03', NULL, 'success', '2001:4490:4ea9:8a97:210a:16c6:ddf0:4834', '2001:4490:4ea9:8a97:210a:16c6:ddf0:4834', 'Mozilla/5.0 (Macintosh; Intel Mac OS X 10_15_7) AppleWebKit/537.36 (KHTML, like Gecko) Chrome/148.0.0.0 Safari/537.36', 'Desktop', 'Chrome', 'macOS', 'fb73cc15c0300cf25e8bfe53f2281c7b8c50945d4af346d65ab138bb8645a9b3', 'Login successful', '2026-05-20 06:55:03'),
(350, 2, '2026-05-20 08:57:16', NULL, 'success', '2001:4490:4ea9:8a97:210a:16c6:ddf0:4834', '2001:4490:4ea9:8a97:210a:16c6:ddf0:4834', 'Mozilla/5.0 (Macintosh; Intel Mac OS X 10_15_7) AppleWebKit/537.36 (KHTML, like Gecko) Chrome/148.0.0.0 Safari/537.36', 'Desktop', 'Chrome', 'macOS', '6c3f6c8758b7183e352c3d688cb8fbde7664f8f6dc496511c7c39d1b918d4cf3', 'Login successful', '2026-05-20 08:57:16'),
(351, 2, '2026-05-20 09:21:32', NULL, 'success', '2001:4490:4ea9:8a97:210a:16c6:ddf0:4834', '2001:4490:4ea9:8a97:210a:16c6:ddf0:4834', 'Mozilla/5.0 (Macintosh; Intel Mac OS X 10_15_7) AppleWebKit/537.36 (KHTML, like Gecko) Chrome/148.0.0.0 Safari/537.36', 'Desktop', 'Chrome', 'macOS', '4f19ab74785fbc84f4747b40652ef25da737f465e396574ec79fe9e12691218a', 'Login successful', '2026-05-20 09:21:32'),
(352, 2, '2026-05-20 10:55:34', NULL, 'success', '2001:4490:4ea9:8a97:d9f3:86af:953f:959a', '2001:4490:4ea9:8a97:d9f3:86af:953f:959a', 'Mozilla/5.0 (Macintosh; Intel Mac OS X 10_15_7) AppleWebKit/537.36 (KHTML, like Gecko) Chrome/148.0.0.0 Safari/537.36', 'Desktop', 'Chrome', 'macOS', 'eb8f15888b588f1501096b5400c25977cd988421f86b00cadba71381e8bc1513', 'Login successful', '2026-05-20 10:55:34'),
(353, 2, '2026-05-20 11:00:04', NULL, 'success', '2001:4490:4ea9:8a97:d9f3:86af:953f:959a', '2001:4490:4ea9:8a97:d9f3:86af:953f:959a', 'Mozilla/5.0 (Macintosh; Intel Mac OS X 10_15_7) AppleWebKit/537.36 (KHTML, like Gecko) Chrome/148.0.0.0 Safari/537.36', 'Desktop', 'Chrome', 'macOS', '5ed38ccd25b6241dc7a6e3b8fd63c7d295846aee21cc04802065ff684afff7a7', 'Login successful', '2026-05-20 11:00:05'),
(354, 2, '2026-05-20 12:56:16', NULL, 'success', '2001:4490:4ea9:8a97:d9f3:86af:953f:959a', '2001:4490:4ea9:8a97:d9f3:86af:953f:959a', 'Mozilla/5.0 (Macintosh; Intel Mac OS X 10_15_7) AppleWebKit/537.36 (KHTML, like Gecko) Chrome/148.0.0.0 Safari/537.36', 'Desktop', 'Chrome', 'macOS', 'f0671b455a34683296a63aeb98dc3db431f7a44299d0301237ff5f2c4e1efbb5', 'Login successful', '2026-05-20 12:56:16'),
(355, 4, '2026-05-21 04:29:38', NULL, 'success', '2001:4490:4ea9:9975:cca7:a11f:d12b:ab91', '2001:4490:4ea9:9975:cca7:a11f:d12b:ab91', 'Mozilla/5.0 (Windows NT 10.0; Win64; x64) AppleWebKit/537.36 (KHTML, like Gecko) Chrome/141.0.0.0 Safari/537.36', 'Desktop', 'Chrome', 'Windows', '1762d4924c3bf128ce5981541d68a541bc9171a7dab53e633d4d217ebe394b9c', 'Login successful', '2026-05-21 04:29:38'),
(356, 2, '2026-05-21 04:53:31', NULL, 'success', '2001:4490:4ea9:9975:4159:6254:81a5:b3eb', '2001:4490:4ea9:9975:4159:6254:81a5:b3eb', 'Mozilla/5.0 (Macintosh; Intel Mac OS X 10_15_7) AppleWebKit/537.36 (KHTML, like Gecko) Chrome/148.0.0.0 Safari/537.36', 'Desktop', 'Chrome', 'macOS', '7581a3c79ced112660d6565e9fab0c09bc0c747330b0fbea3adf100f29fc1f36', 'Login successful', '2026-05-21 04:53:31'),
(357, 2, '2026-05-21 10:29:50', NULL, 'success', '2001:4490:4ea9:9975:887:170b:78cc:33cd', '2001:4490:4ea9:9975:887:170b:78cc:33cd', 'Mozilla/5.0 (Macintosh; Intel Mac OS X 10_15_7) AppleWebKit/537.36 (KHTML, like Gecko) Chrome/148.0.0.0 Safari/537.36', 'Desktop', 'Chrome', 'macOS', '421fd1ccba8ade93aaeb1de2099c4078f271316713121345043b44b535e7a444', 'Login successful', '2026-05-21 10:29:50'),
(358, 2, '2026-05-22 04:51:08', NULL, 'success', '2001:4490:4ea9:d51b:d1ad:e966:181e:607f', '2001:4490:4ea9:d51b:d1ad:e966:181e:607f', 'Mozilla/5.0 (Macintosh; Intel Mac OS X 10_15_7) AppleWebKit/537.36 (KHTML, like Gecko) Chrome/148.0.0.0 Safari/537.36', 'Desktop', 'Chrome', 'macOS', 'a6682facfeef77e9985b1154c3909e7e623de8381e5f6f46302474d569e0eae4', 'Login successful', '2026-05-22 04:51:08'),
(359, 2, '2026-05-22 05:11:02', NULL, 'success', '2409:40f4:14a:64a3:7c5c:e860:3859:3982', '2409:40f4:14a:64a3:7c5c:e860:3859:3982', 'Mozilla/5.0 (Macintosh; Intel Mac OS X 10_15_7) AppleWebKit/537.36 (KHTML, like Gecko) Chrome/148.0.0.0 Safari/537.36', 'Desktop', 'Chrome', 'macOS', '4a2441fb157754db36b52b9c1824cc93cc8476aec663913d0b9549efd9907a7d', 'Login successful', '2026-05-22 05:11:02'),
(360, 2, '2026-05-22 05:39:16', NULL, 'success', '2409:40f4:14a:64a3:7c5c:e860:3859:3982', '2409:40f4:14a:64a3:7c5c:e860:3859:3982', 'Mozilla/5.0 (Macintosh; Intel Mac OS X 10_15_7) AppleWebKit/537.36 (KHTML, like Gecko) Chrome/148.0.0.0 Safari/537.36', 'Desktop', 'Chrome', 'macOS', '98c68f8c791c076e5dfcddfea19eb0a22c3c1b508235bb67e6cde35c5529e303', 'Login successful', '2026-05-22 05:39:16'),
(361, 2, '2026-05-22 05:48:23', NULL, 'success', '2409:40f4:14a:64a3:7c5c:e860:3859:3982', '2409:40f4:14a:64a3:7c5c:e860:3859:3982', 'Mozilla/5.0 (Macintosh; Intel Mac OS X 10_15_7) AppleWebKit/537.36 (KHTML, like Gecko) Chrome/148.0.0.0 Safari/537.36', 'Desktop', 'Chrome', 'macOS', '0a63d61a44c827b47059c42bff6d9569b4fa4594608e75945fef154c21a594ca', 'Login successful', '2026-05-22 05:48:23'),
(362, 2, '2026-05-22 05:58:52', NULL, 'success', '2409:40f4:14a:64a3:7c5c:e860:3859:3982', '2409:40f4:14a:64a3:7c5c:e860:3859:3982', 'Mozilla/5.0 (Macintosh; Intel Mac OS X 10_15_7) AppleWebKit/537.36 (KHTML, like Gecko) Chrome/148.0.0.0 Safari/537.36', 'Desktop', 'Chrome', 'macOS', '899aad1c726f19dd7248a8adc718b38f5baf8ea3304137662fca9dee282ac829', 'Login successful', '2026-05-22 05:58:52'),
(363, 2, '2026-05-22 06:28:55', NULL, 'success', '2409:40f4:14a:64a3:7c5c:e860:3859:3982', '2409:40f4:14a:64a3:7c5c:e860:3859:3982', 'Mozilla/5.0 (Macintosh; Intel Mac OS X 10_15_7) AppleWebKit/537.36 (KHTML, like Gecko) Chrome/148.0.0.0 Safari/537.36', 'Desktop', 'Chrome', 'macOS', 'c608d4f2c52d23124b538975ed1cd344eee96681c8e3066ce2642b63e2f3e275', 'Login successful', '2026-05-22 06:28:55'),
(364, 2, '2026-05-22 06:46:52', NULL, 'success', '2409:40f4:14a:64a3:7c5c:e860:3859:3982', '2409:40f4:14a:64a3:7c5c:e860:3859:3982', 'Mozilla/5.0 (Macintosh; Intel Mac OS X 10_15_7) AppleWebKit/537.36 (KHTML, like Gecko) Chrome/148.0.0.0 Safari/537.36', 'Desktop', 'Chrome', 'macOS', '1cac0d0ff997eca4a3529da723bbf5dc539ad76e7c14ad5d056053b4eb23ec74', 'Login successful', '2026-05-22 06:46:52'),
(365, 2, '2026-05-22 06:53:54', NULL, 'success', '2409:40f4:14a:64a3:7c5c:e860:3859:3982', '2409:40f4:14a:64a3:7c5c:e860:3859:3982', 'Mozilla/5.0 (Macintosh; Intel Mac OS X 10_15_7) AppleWebKit/537.36 (KHTML, like Gecko) Chrome/148.0.0.0 Safari/537.36', 'Desktop', 'Chrome', 'macOS', '9560cbc9552f4b0c96953ccd85fc0c9371080ffef5b3633f7f9b73dc44bb47af', 'Login successful', '2026-05-22 06:53:54'),
(366, 2, '2026-05-22 06:58:05', NULL, 'success', '2409:40f4:14a:64a3:7c5c:e860:3859:3982', '2409:40f4:14a:64a3:7c5c:e860:3859:3982', 'Mozilla/5.0 (Macintosh; Intel Mac OS X 10_15_7) AppleWebKit/537.36 (KHTML, like Gecko) Chrome/148.0.0.0 Safari/537.36', 'Desktop', 'Chrome', 'macOS', 'd0744dc32d30fd8cfa020b553f5030ac2206211e3120c2d5feeda41940036e6b', 'Login successful', '2026-05-22 06:58:05'),
(367, 2, '2026-05-22 07:01:26', NULL, 'success', '2409:40f4:14a:64a3:7c5c:e860:3859:3982', '2409:40f4:14a:64a3:7c5c:e860:3859:3982', 'Mozilla/5.0 (Macintosh; Intel Mac OS X 10_15_7) AppleWebKit/537.36 (KHTML, like Gecko) Chrome/148.0.0.0 Safari/537.36', 'Desktop', 'Chrome', 'macOS', 'd83108d39426f993bb16bd61bde065829ec564689211ceb4af3f8636e2fbd79b', 'Login successful', '2026-05-22 07:01:26'),
(368, 2, '2026-05-22 07:04:52', NULL, 'success', '2409:40f4:14a:64a3:7c5c:e860:3859:3982', '2409:40f4:14a:64a3:7c5c:e860:3859:3982', 'Mozilla/5.0 (Macintosh; Intel Mac OS X 10_15_7) AppleWebKit/537.36 (KHTML, like Gecko) Chrome/148.0.0.0 Safari/537.36', 'Desktop', 'Chrome', 'macOS', '20bbf463dfde8411742e2ec246d2b568c191c3afa851783a492d3ef7284139ef', 'Login successful', '2026-05-22 07:04:52'),
(369, 2, '2026-05-22 07:20:10', NULL, 'success', '2409:40f4:14a:64a3:7c5c:e860:3859:3982', '2409:40f4:14a:64a3:7c5c:e860:3859:3982', 'Mozilla/5.0 (Macintosh; Intel Mac OS X 10_15_7) AppleWebKit/537.36 (KHTML, like Gecko) Chrome/148.0.0.0 Safari/537.36', 'Desktop', 'Chrome', 'macOS', '20150ceb9b0976d22a68a7480876a5a92a782012226f44e7243cad6e678c3b1c', 'Login successful', '2026-05-22 07:20:10'),
(370, 2, '2026-05-22 07:26:36', NULL, 'success', '2409:40f4:14a:64a3:7c5c:e860:3859:3982', '2409:40f4:14a:64a3:7c5c:e860:3859:3982', 'Mozilla/5.0 (Macintosh; Intel Mac OS X 10_15_7) AppleWebKit/537.36 (KHTML, like Gecko) Chrome/148.0.0.0 Safari/537.36', 'Desktop', 'Chrome', 'macOS', '65f57b74859453612470899aace6ab7e05d65cd0d2c25499a11056f515077aa3', 'Login successful', '2026-05-22 07:26:36'),
(371, 4, '2026-05-22 07:41:21', NULL, 'failed', '2001:4490:4ea9:d51b:606a:2558:8553:f85a', '2001:4490:4ea9:d51b:606a:2558:8553:f85a', 'Mozilla/5.0 (Windows NT 10.0; Win64; x64) AppleWebKit/537.36 (KHTML, like Gecko) Chrome/141.0.0.0 Safari/537.36', 'Desktop', 'Chrome', 'Windows', NULL, 'Incorrect password', '2026-05-22 07:41:21'),
(372, 4, '2026-05-22 07:42:10', NULL, 'success', '2001:4490:4ea9:d51b:606a:2558:8553:f85a', '2001:4490:4ea9:d51b:606a:2558:8553:f85a', 'Mozilla/5.0 (Windows NT 10.0; Win64; x64) AppleWebKit/537.36 (KHTML, like Gecko) Chrome/141.0.0.0 Safari/537.36', 'Desktop', 'Chrome', 'Windows', 'ba39bd589c7b5678112fb84b9f9707282c9f892ad8c9d73664b355c652f5e390', 'Login successful', '2026-05-22 07:42:10'),
(373, 2, '2026-05-22 09:06:26', NULL, 'success', '2409:40f4:14a:64a3:7c5c:e860:3859:3982', '2409:40f4:14a:64a3:7c5c:e860:3859:3982', 'Mozilla/5.0 (Macintosh; Intel Mac OS X 10_15_7) AppleWebKit/537.36 (KHTML, like Gecko) Chrome/148.0.0.0 Safari/537.36', 'Desktop', 'Chrome', 'macOS', '2f9f814b41d8f3c575716afc42267bc63032f66b230592c10dec554924a77b49', 'Login successful', '2026-05-22 09:06:26'),
(374, 2, '2026-05-22 12:20:42', NULL, 'success', '2001:4490:4ea9:d51b:3d83:d522:77fd:f991', '2001:4490:4ea9:d51b:3d83:d522:77fd:f991', 'Mozilla/5.0 (Macintosh; Intel Mac OS X 10_15_7) AppleWebKit/537.36 (KHTML, like Gecko) Chrome/148.0.0.0 Safari/537.36', 'Desktop', 'Chrome', 'macOS', 'd0f0b7fa0ddd1db01153a5b8be849673713473449eb435e7db82455c2bcda38e', 'Login successful', '2026-05-22 12:20:42'),
(375, 2, '2026-05-22 12:58:03', NULL, 'success', '2001:4490:4ea9:d51b:4477:2456:187e:4a11', '2001:4490:4ea9:d51b:4477:2456:187e:4a11', 'Mozilla/5.0 (Macintosh; Intel Mac OS X 10_15_7) AppleWebKit/537.36 (KHTML, like Gecko) Chrome/148.0.0.0 Safari/537.36', 'Desktop', 'Chrome', 'macOS', 'a9926bbf22ae44685e673a7c9803448bf3726b14d075fe462b63a1d40c7ab67c', 'Login successful', '2026-05-22 12:58:03'),
(376, 2, '2026-05-22 13:04:23', NULL, 'success', '2001:4490:4ea9:d51b:4477:2456:187e:4a11', '2001:4490:4ea9:d51b:4477:2456:187e:4a11', 'Mozilla/5.0 (Macintosh; Intel Mac OS X 10_15_7) AppleWebKit/537.36 (KHTML, like Gecko) Chrome/148.0.0.0 Safari/537.36', 'Desktop', 'Chrome', 'macOS', '6870b718bc58066451443404e98bcacc334ed3af8130db69b30309559c7ebb70', 'Login successful', '2026-05-22 13:04:23'),
(377, 2, '2026-05-23 04:58:19', NULL, 'success', '2409:40f4:14a:64a3:3893:6b8:11d4:a430', '2409:40f4:14a:64a3:3893:6b8:11d4:a430', 'Mozilla/5.0 (Macintosh; Intel Mac OS X 10_15_7) AppleWebKit/537.36 (KHTML, like Gecko) Chrome/148.0.0.0 Safari/537.36', 'Desktop', 'Chrome', 'macOS', '50d8760f3f66ed153c51ed0df8918624a679b7eb2cb24b9a57c7d3e118a2ea9f', 'Login successful', '2026-05-23 04:58:19'),
(378, 2, '2026-05-23 05:06:45', NULL, 'success', '2409:40f4:14a:64a3:3893:6b8:11d4:a430', '2409:40f4:14a:64a3:3893:6b8:11d4:a430', 'Mozilla/5.0 (Macintosh; Intel Mac OS X 10_15_7) AppleWebKit/537.36 (KHTML, like Gecko) Chrome/148.0.0.0 Safari/537.36', 'Desktop', 'Chrome', 'macOS', '7a76a155c996da272cb6ce2fea866118e8fc1b5c934e17dfcafadc739eb3589e', 'Login successful', '2026-05-23 05:06:45'),
(379, 2, '2026-05-23 06:06:46', NULL, 'success', '2409:40f4:14a:64a3:3893:6b8:11d4:a430', '2409:40f4:14a:64a3:3893:6b8:11d4:a430', 'Mozilla/5.0 (Macintosh; Intel Mac OS X 10_15_7) AppleWebKit/537.36 (KHTML, like Gecko) Chrome/148.0.0.0 Safari/537.36', 'Desktop', 'Chrome', 'macOS', 'ac3205271766a3b583589c974b06d14e0c2b2a7ab38c01b374f6c99fd113f5ff', 'Login successful', '2026-05-23 06:06:46'),
(380, 2, '2026-05-23 06:33:58', NULL, 'success', '2409:40f4:14a:64a3:3893:6b8:11d4:a430', '2409:40f4:14a:64a3:3893:6b8:11d4:a430', 'Mozilla/5.0 (Macintosh; Intel Mac OS X 10_15_7) AppleWebKit/537.36 (KHTML, like Gecko) Chrome/148.0.0.0 Safari/537.36', 'Desktop', 'Chrome', 'macOS', '13b593f766eebe51989452cff0dde4e41cb9245434f4426c08929e4c2b2cb1bd', 'Login successful', '2026-05-23 06:33:58'),
(381, 2, '2026-05-23 07:41:18', NULL, 'success', '2001:4490:4ea9:bdcd:d0f1:1878:9a54:7506', '2001:4490:4ea9:bdcd:d0f1:1878:9a54:7506', 'Mozilla/5.0 (Macintosh; Intel Mac OS X 10_15_7) AppleWebKit/537.36 (KHTML, like Gecko) Chrome/148.0.0.0 Safari/537.36', 'Desktop', 'Chrome', 'macOS', '8f97842f1d12dda6b1b572f38b4578d7a22c29cb648ed532f5a83c1e681205bb', 'Login successful', '2026-05-23 07:41:18'),
(382, 2, '2026-05-23 07:43:08', NULL, 'success', '2001:4490:4ea9:bdcd:d0f1:1878:9a54:7506', '2001:4490:4ea9:bdcd:d0f1:1878:9a54:7506', 'Mozilla/5.0 (Macintosh; Intel Mac OS X 10_15_7) AppleWebKit/537.36 (KHTML, like Gecko) Chrome/148.0.0.0 Safari/537.36', 'Desktop', 'Chrome', 'macOS', 'e3fff23dc32e2c4b201f28509bd8fcd87c6c552e1f32cd14d385cc57b1755d83', 'Login successful', '2026-05-23 07:43:08'),
(383, 2, '2026-05-23 07:49:53', NULL, 'success', '2001:4490:4ea9:bdcd:d0f1:1878:9a54:7506', '2001:4490:4ea9:bdcd:d0f1:1878:9a54:7506', 'Mozilla/5.0 (Macintosh; Intel Mac OS X 10_15_7) AppleWebKit/537.36 (KHTML, like Gecko) Chrome/148.0.0.0 Safari/537.36', 'Desktop', 'Chrome', 'macOS', '106ebcec9228c6aa5b5261e28744feb54d330acb4d3d36354a9192c37ccbc2ff', 'Login successful', '2026-05-23 07:49:53'),
(384, 2, '2026-05-23 07:57:28', NULL, 'success', '2001:4490:4ea9:bdcd:d0f1:1878:9a54:7506', '2001:4490:4ea9:bdcd:d0f1:1878:9a54:7506', 'Mozilla/5.0 (Macintosh; Intel Mac OS X 10_15_7) AppleWebKit/537.36 (KHTML, like Gecko) Chrome/148.0.0.0 Safari/537.36', 'Desktop', 'Chrome', 'macOS', '1ee4a16fef1d9f74f3db8de38237248b11a628def35d8f66352660984440a0d0', 'Login successful', '2026-05-23 07:57:28'),
(385, 2, '2026-05-23 08:04:02', NULL, 'success', '2001:4490:4ea9:bdcd:d0f1:1878:9a54:7506', '2001:4490:4ea9:bdcd:d0f1:1878:9a54:7506', 'Mozilla/5.0 (Macintosh; Intel Mac OS X 10_15_7) AppleWebKit/537.36 (KHTML, like Gecko) Chrome/148.0.0.0 Safari/537.36', 'Desktop', 'Chrome', 'macOS', 'a642e237eac5e942884af06c5d9fde3a32f14a0ca807ac07e1de83f48c6950fe', 'Login successful', '2026-05-23 08:04:02'),
(386, 2, '2026-05-23 09:05:30', NULL, 'success', '2001:4490:4ea9:bdcd:d0f1:1878:9a54:7506', '2001:4490:4ea9:bdcd:d0f1:1878:9a54:7506', 'Mozilla/5.0 (Macintosh; Intel Mac OS X 10_15_7) AppleWebKit/537.36 (KHTML, like Gecko) Chrome/148.0.0.0 Safari/537.36', 'Desktop', 'Chrome', 'macOS', '2ea318dced26798573fdc6d6fee73c454fbaeace1c1d098f4c07b3b5e1fc860a', 'Login successful', '2026-05-23 09:05:30'),
(387, 2, '2026-05-23 09:11:09', NULL, 'success', '2001:4490:4ea9:bdcd:d0f1:1878:9a54:7506', '2001:4490:4ea9:bdcd:d0f1:1878:9a54:7506', 'Mozilla/5.0 (Macintosh; Intel Mac OS X 10_15_7) AppleWebKit/537.36 (KHTML, like Gecko) Chrome/148.0.0.0 Safari/537.36', 'Desktop', 'Chrome', 'macOS', 'f6177c35b0f4a87284e0828222a8f3cbf41e0766a0d1ef1c64bd7f75d8adc989', 'Login successful', '2026-05-23 09:11:09'),
(388, 2, '2026-05-23 09:15:07', NULL, 'success', '2001:4490:4ea9:bdcd:d0f1:1878:9a54:7506', '2001:4490:4ea9:bdcd:d0f1:1878:9a54:7506', 'Mozilla/5.0 (Macintosh; Intel Mac OS X 10_15_7) AppleWebKit/537.36 (KHTML, like Gecko) Chrome/148.0.0.0 Safari/537.36', 'Desktop', 'Chrome', 'macOS', 'f2be2bad7133aebbb2946435d8a364c268f98ccbd17f2c29f0ff6207a362a97d', 'Login successful', '2026-05-23 09:15:07'),
(389, 4, '2026-05-23 09:43:00', NULL, 'success', '2001:4490:4ea9:bdcd:b8:1011:c6f4:9361', '2001:4490:4ea9:bdcd:b8:1011:c6f4:9361', 'Mozilla/5.0 (Windows NT 10.0; Win64; x64) AppleWebKit/537.36 (KHTML, like Gecko) Chrome/141.0.0.0 Safari/537.36', 'Desktop', 'Chrome', 'Windows', 'd0d39c5d57d7e884f2f56272a4d11ca08c72803c612d0d3482f81775a8f44b79', 'Login successful', '2026-05-23 09:43:00'),
(390, 4, '2026-05-25 04:40:23', NULL, 'success', '2001:4490:4ea9:803e:68a6:d984:91e5:a853', '2001:4490:4ea9:803e:68a6:d984:91e5:a853', 'Mozilla/5.0 (Windows NT 10.0; Win64; x64) AppleWebKit/537.36 (KHTML, like Gecko) Chrome/141.0.0.0 Safari/537.36', 'Desktop', 'Chrome', 'Windows', '6b9070fe40a1ace7e25d4931b5100b30f4f32c775fe346f801407e5532a5880c', 'Login successful', '2026-05-25 04:40:23'),
(391, 2, '2026-05-25 04:46:27', NULL, 'success', '2001:4490:4ea9:803e:9834:a572:3c80:8a11', '2001:4490:4ea9:803e:9834:a572:3c80:8a11', 'Mozilla/5.0 (Macintosh; Intel Mac OS X 10_15_7) AppleWebKit/537.36 (KHTML, like Gecko) Chrome/148.0.0.0 Safari/537.36', 'Desktop', 'Chrome', 'macOS', 'da136ec76d35559db78c726d9b8431278b78a4ccf45109d538bd66a06fa3645e', 'Login successful', '2026-05-25 04:46:27'),
(392, 2, '2026-05-25 05:03:21', NULL, 'success', '2001:4490:4ea9:803e:9834:a572:3c80:8a11', '2001:4490:4ea9:803e:9834:a572:3c80:8a11', 'Mozilla/5.0 (Macintosh; Intel Mac OS X 10_15_7) AppleWebKit/537.36 (KHTML, like Gecko) Chrome/148.0.0.0 Safari/537.36', 'Desktop', 'Chrome', 'macOS', '092c84b16444c0e3d9e241085884dc236ee319db26cf5b34b01f866eb199b47a', 'Login successful', '2026-05-25 05:03:21'),
(393, 2, '2026-05-25 05:09:02', NULL, 'success', '2001:4490:4ea9:803e:9834:a572:3c80:8a11', '2001:4490:4ea9:803e:9834:a572:3c80:8a11', 'Mozilla/5.0 (Macintosh; Intel Mac OS X 10_15_7) AppleWebKit/537.36 (KHTML, like Gecko) Chrome/148.0.0.0 Safari/537.36', 'Desktop', 'Chrome', 'macOS', '41e9c422dd27015a4dd91cc7be2147ab8010afe0e8a045e42c36464d0c8eff2c', 'Login successful', '2026-05-25 05:09:02'),
(394, 2, '2026-05-25 05:15:26', NULL, 'success', '2001:4490:4ea9:803e:9834:a572:3c80:8a11', '2001:4490:4ea9:803e:9834:a572:3c80:8a11', 'Mozilla/5.0 (Macintosh; Intel Mac OS X 10_15_7) AppleWebKit/537.36 (KHTML, like Gecko) Chrome/148.0.0.0 Safari/537.36', 'Desktop', 'Chrome', 'macOS', 'cae9af84971a7e2e66af3dcce5f48eebec6ba73405d6dcd620d7878b1cd93658', 'Login successful', '2026-05-25 05:15:26'),
(395, 2, '2026-05-25 05:18:58', NULL, 'success', '2001:4490:4ea9:803e:9834:a572:3c80:8a11', '2001:4490:4ea9:803e:9834:a572:3c80:8a11', 'Mozilla/5.0 (Macintosh; Intel Mac OS X 10_15_7) AppleWebKit/537.36 (KHTML, like Gecko) Chrome/148.0.0.0 Safari/537.36', 'Desktop', 'Chrome', 'macOS', 'fb602c9943e084e452736a5974b14fb5cedcedc548b94fa3d036971016ccb639', 'Login successful', '2026-05-25 05:18:58'),
(396, 2, '2026-05-25 05:22:45', NULL, 'success', '2001:4490:4ea9:803e:9834:a572:3c80:8a11', '2001:4490:4ea9:803e:9834:a572:3c80:8a11', 'Mozilla/5.0 (Macintosh; Intel Mac OS X 10_15_7) AppleWebKit/537.36 (KHTML, like Gecko) Chrome/148.0.0.0 Safari/537.36', 'Desktop', 'Chrome', 'macOS', '4daa9bc70e48693683cf8b07ec33a68cec615e6c77195246de72ab81bfe9ff15', 'Login successful', '2026-05-25 05:22:45'),
(397, 2, '2026-05-25 05:40:52', NULL, 'success', '2001:4490:4ea9:803e:9834:a572:3c80:8a11', '2001:4490:4ea9:803e:9834:a572:3c80:8a11', 'Mozilla/5.0 (Macintosh; Intel Mac OS X 10_15_7) AppleWebKit/537.36 (KHTML, like Gecko) Chrome/148.0.0.0 Safari/537.36', 'Desktop', 'Chrome', 'macOS', '53df9a4410734173b1c1f4b32ca99daade5ff5804e3d8165ca35f78faeec763e', 'Login successful', '2026-05-25 05:40:52'),
(398, 6, '2026-05-25 06:06:54', NULL, 'success', '2001:4490:4ea9:803e:75f3:34ba:1a48:c26f', '2001:4490:4ea9:803e:75f3:34ba:1a48:c26f', 'Mozilla/5.0 (Windows NT 10.0; Win64; x64) AppleWebKit/537.36 (KHTML, like Gecko) Chrome/148.0.0.0 Safari/537.36', 'Desktop', 'Chrome', 'Windows', '0a1875c17766e97553e6b596340a124c9bd28dae9e56fe1775b0bdba766ceb37', 'Login successful', '2026-05-25 06:06:54'),
(399, 2, '2026-05-25 12:14:38', NULL, 'success', '2001:4490:4ea9:803e:458c:34f5:ae32:1ed2', '2001:4490:4ea9:803e:458c:34f5:ae32:1ed2', 'Mozilla/5.0 (Macintosh; Intel Mac OS X 10_15_7) AppleWebKit/537.36 (KHTML, like Gecko) Chrome/148.0.0.0 Safari/537.36', 'Desktop', 'Chrome', 'macOS', '0f6a37bc5048a13ce0d7471e06c4451856bbae44b81a1656eef994936d3f95ab', 'Login successful', '2026-05-25 12:14:38'),
(400, 2, '2026-05-26 04:33:30', NULL, 'success', '2409:40f4:14a:64a3:b92a:cc91:6f82:c65b', '2409:40f4:14a:64a3:b92a:cc91:6f82:c65b', 'Mozilla/5.0 (Macintosh; Intel Mac OS X 10_15_7) AppleWebKit/537.36 (KHTML, like Gecko) Chrome/148.0.0.0 Safari/537.36', 'Desktop', 'Chrome', 'macOS', 'a4d17872f843593973ce794189a21696cf18226b804ab71c9717a98026fda6a7', 'Login successful', '2026-05-26 04:33:30'),
(401, 2, '2026-05-26 07:01:54', NULL, 'success', '2001:4490:4ea9:4d06:b551:3e32:d822:5c46', '2001:4490:4ea9:4d06:b551:3e32:d822:5c46', 'Mozilla/5.0 (Macintosh; Intel Mac OS X 10_15_7) AppleWebKit/537.36 (KHTML, like Gecko) Chrome/148.0.0.0 Safari/537.36', 'Desktop', 'Chrome', 'macOS', 'b7fd536cebb54b6ccaa233553cd8a54ab6e2da359da12a262807f6495caf8544', 'Login successful', '2026-05-26 07:01:54'),
(402, 2, '2026-05-26 07:13:27', NULL, 'success', '2001:4490:4ea9:4d06:c029:286c:589f:ae93', '2001:4490:4ea9:4d06:c029:286c:589f:ae93', 'Mozilla/5.0 (Macintosh; Intel Mac OS X 10_15_7) AppleWebKit/537.36 (KHTML, like Gecko) Chrome/148.0.0.0 Safari/537.36', 'Desktop', 'Chrome', 'macOS', 'd1faa0e791f850314abb010b79c1e07ea61447d10fe9412a517e60f41987c1d6', 'Login successful', '2026-05-26 07:13:27'),
(403, 2, '2026-05-26 08:42:46', NULL, 'success', '2001:4490:4ea9:4d06:c029:286c:589f:ae93', '2001:4490:4ea9:4d06:c029:286c:589f:ae93', 'Mozilla/5.0 (Macintosh; Intel Mac OS X 10_15_7) AppleWebKit/537.36 (KHTML, like Gecko) Chrome/148.0.0.0 Safari/537.36', 'Desktop', 'Chrome', 'macOS', '91dfc2cf04275204beaed2b3b4e89eb1d986abb45b1ef4efa8bd9a825fc837cb', 'Login successful', '2026-05-26 08:42:46'),
(404, 2, '2026-05-26 10:47:10', NULL, 'success', '2001:4490:4ea9:4d06:c029:286c:589f:ae93', '2001:4490:4ea9:4d06:c029:286c:589f:ae93', 'Mozilla/5.0 (Macintosh; Intel Mac OS X 10_15_7) AppleWebKit/537.36 (KHTML, like Gecko) Chrome/148.0.0.0 Safari/537.36', 'Desktop', 'Chrome', 'macOS', 'edd1401e0dadfdfe5a6002a3bed6fb76d1eab46e16cc20479c5783dbd0b37933', 'Login successful', '2026-05-26 10:47:10'),
(405, 2, '2026-05-26 11:29:01', NULL, 'success', '2409:40f4:a9:5d07:44dc:5f99:a7bc:7021', '2409:40f4:a9:5d07:44dc:5f99:a7bc:7021', 'Mozilla/5.0 (Macintosh; Intel Mac OS X 10_15_7) AppleWebKit/537.36 (KHTML, like Gecko) Chrome/148.0.0.0 Safari/537.36', 'Desktop', 'Chrome', 'macOS', '1fdf70ccfc6f06d482c87ca464832b801afda8079d3044c2688c19ea1c94a6c9', 'Login successful', '2026-05-26 11:29:01'),
(406, 2, '2026-05-26 11:46:45', NULL, 'success', '2409:40f4:14a:64a3:83c:1661:d292:4b63', '2409:40f4:14a:64a3:83c:1661:d292:4b63', 'Mozilla/5.0 (Macintosh; Intel Mac OS X 10_15_7) AppleWebKit/537.36 (KHTML, like Gecko) Chrome/148.0.0.0 Safari/537.36', 'Desktop', 'Chrome', 'macOS', 'd572245cf6b0cc40744a8e7315571303a9ca04ef58e8e1758ff9c525bb19f3ef', 'Login successful', '2026-05-26 11:46:45'),
(407, 2, '2026-05-27 04:46:59', NULL, 'success', '2409:40f4:14a:64a3:992:230f:db51:63d1', '2409:40f4:14a:64a3:992:230f:db51:63d1', 'Mozilla/5.0 (Macintosh; Intel Mac OS X 10_15_7) AppleWebKit/537.36 (KHTML, like Gecko) Chrome/148.0.0.0 Safari/537.36', 'Desktop', 'Chrome', 'macOS', 'c158791c1a3437e1f665d3c049b1b0b3aa1fe0933d6fb73282f420303130e0c2', 'Login successful', '2026-05-27 04:46:59'),
(408, 2, '2026-05-27 04:56:10', NULL, 'success', '2409:40f4:14a:64a3:992:230f:db51:63d1', '2409:40f4:14a:64a3:992:230f:db51:63d1', 'Mozilla/5.0 (Macintosh; Intel Mac OS X 10_15_7) AppleWebKit/537.36 (KHTML, like Gecko) Chrome/148.0.0.0 Safari/537.36', 'Desktop', 'Chrome', 'macOS', '53e70251d9f0d50126ef2c82e1dbcec9bd52cc0c7a25b0d8559b69a9b9caf92a', 'Login successful', '2026-05-27 04:56:10'),
(409, 2, '2026-05-27 05:03:32', NULL, 'success', '2409:40f4:14a:64a3:992:230f:db51:63d1', '2409:40f4:14a:64a3:992:230f:db51:63d1', 'Mozilla/5.0 (Macintosh; Intel Mac OS X 10_15_7) AppleWebKit/537.36 (KHTML, like Gecko) Chrome/148.0.0.0 Safari/537.36', 'Desktop', 'Chrome', 'macOS', '2d86c557aa04fc7e97f27b482aa5e2028673b57d8be385b136ca02bd2704b5ab', 'Login successful', '2026-05-27 05:03:32'),
(410, 2, '2026-05-27 05:30:43', NULL, 'success', '2409:40f4:14a:64a3:992:230f:db51:63d1', '2409:40f4:14a:64a3:992:230f:db51:63d1', 'Mozilla/5.0 (Macintosh; Intel Mac OS X 10_15_7) AppleWebKit/537.36 (KHTML, like Gecko) Chrome/148.0.0.0 Safari/537.36', 'Desktop', 'Chrome', 'macOS', '09865823dcf2c9214fa1854c9f87385bde2008ac03f06dbfea4fa48cdadb380c', 'Login successful', '2026-05-27 05:30:43'),
(411, 2, '2026-05-27 06:05:48', NULL, 'success', '2409:40f4:14a:64a3:d470:fc8f:5794:3f36', '2409:40f4:14a:64a3:d470:fc8f:5794:3f36', 'Mozilla/5.0 (Macintosh; Intel Mac OS X 10_15_7) AppleWebKit/537.36 (KHTML, like Gecko) Chrome/148.0.0.0 Safari/537.36', 'Desktop', 'Chrome', 'macOS', '26d579f1bd01a85de6d197381f6530f5d9b60e04d8be813564c39b045eaa9092', 'Login successful', '2026-05-27 06:05:48'),
(412, 4, '2026-05-27 06:44:01', NULL, 'success', '2409:40f4:14a:64a3:3586:6c84:55d6:1b0', '2409:40f4:14a:64a3:3586:6c84:55d6:1b0', 'Mozilla/5.0 (Windows NT 10.0; Win64; x64) AppleWebKit/537.36 (KHTML, like Gecko) Chrome/141.0.0.0 Safari/537.36', 'Desktop', 'Chrome', 'Windows', '2675b173ba992e74b8ce7873f9b71fa938cca67692e9075901489b81f3842d87', 'Login successful', '2026-05-27 06:44:01'),
(413, 2, '2026-05-27 10:50:29', NULL, 'success', '2409:40f4:14a:64a3:c936:160e:6f08:9f3f', '2409:40f4:14a:64a3:c936:160e:6f08:9f3f', 'Mozilla/5.0 (Macintosh; Intel Mac OS X 10_15_7) AppleWebKit/537.36 (KHTML, like Gecko) Chrome/148.0.0.0 Safari/537.36', 'Desktop', 'Chrome', 'macOS', '9aef735759b7cd83ecc6f067ab57ef89d06cfc4826217b66cf7a082dd0e261de', 'Login successful', '2026-05-27 10:50:29'),
(414, 2, '2026-05-27 11:23:38', NULL, 'success', '2409:40f4:14a:64a3:e42d:dfbd:cfef:684c', '2409:40f4:14a:64a3:e42d:dfbd:cfef:684c', 'Mozilla/5.0 (Macintosh; Intel Mac OS X 10_15_7) AppleWebKit/537.36 (KHTML, like Gecko) Chrome/148.0.0.0 Safari/537.36', 'Desktop', 'Chrome', 'macOS', '82a3ca89baac41215d37e4a847726546dbb696f395df5491abfe7ef8aa1e5060', 'Login successful', '2026-05-27 11:23:38'),
(415, 4, '2026-05-28 04:33:38', NULL, 'success', '2409:40f4:14a:64a3:a0f6:37d0:a9b4:e388', '2409:40f4:14a:64a3:a0f6:37d0:a9b4:e388', 'Mozilla/5.0 (Windows NT 10.0; Win64; x64) AppleWebKit/537.36 (KHTML, like Gecko) Chrome/141.0.0.0 Safari/537.36', 'Desktop', 'Chrome', 'Windows', '3dc153e56d9132fc52a14295d157172d4629813feb182a06d553d8bdf95e4332', 'Login successful', '2026-05-28 04:33:38'),
(416, 2, '2026-05-28 04:45:58', NULL, 'success', '2409:40f4:14a:64a3:c936:160e:6f08:9f3f', '2409:40f4:14a:64a3:c936:160e:6f08:9f3f', 'Mozilla/5.0 (Macintosh; Intel Mac OS X 10_15_7) AppleWebKit/537.36 (KHTML, like Gecko) Chrome/148.0.0.0 Safari/537.36', 'Desktop', 'Chrome', 'macOS', 'ddb5cbbbaf8864c8345cf0d05a52866389c206002b06f619d2d31bf73b8d2291', 'Login successful', '2026-05-28 04:45:58');;

INSERT INTO `login_history` (`id`, `user_id`, `login_at`, `logout_at`, `login_status`, `ip_address`, `host_name`, `user_agent`, `device_type`, `browser`, `os`, `session_token`, `remarks`, `created_at`) VALUES
(417, 2, '2026-05-28 05:12:53', NULL, 'success', '2409:40f4:14a:64a3:1dd:e9:f47e:53d5', '2409:40f4:14a:64a3:1dd:e9:f47e:53d5', 'Mozilla/5.0 (Macintosh; Intel Mac OS X 10_15_7) AppleWebKit/537.36 (KHTML, like Gecko) Chrome/148.0.0.0 Safari/537.36', 'Desktop', 'Chrome', 'macOS', '85b007a306a30d566037dd888515e9535f7652d28e66feec3dffcb2fdfcb2ea3', 'Login successful', '2026-05-28 05:12:53'),
(418, 2, '2026-05-28 05:15:25', NULL, 'success', '2409:40f4:14a:64a3:1dd:e9:f47e:53d5', '2409:40f4:14a:64a3:1dd:e9:f47e:53d5', 'Mozilla/5.0 (Macintosh; Intel Mac OS X 10_15_7) AppleWebKit/537.36 (KHTML, like Gecko) Chrome/148.0.0.0 Safari/537.36', 'Desktop', 'Chrome', 'macOS', '1df78f9592754917ff2fa41551eb3b618205d474a5573e224f8c1070ba204b6b', 'Login successful', '2026-05-28 05:15:25'),
(419, 2, '2026-05-28 05:58:30', NULL, 'success', '2409:40f4:14a:64a3:c936:160e:6f08:9f3f', '2409:40f4:14a:64a3:c936:160e:6f08:9f3f', 'Mozilla/5.0 (Macintosh; Intel Mac OS X 10_15_7) AppleWebKit/537.36 (KHTML, like Gecko) Chrome/148.0.0.0 Safari/537.36', 'Desktop', 'Chrome', 'macOS', 'e5b706a1d2cb69c19ebd0f9619c1f0b721b993e51e62445d9ea030a377750ea8', 'Login successful', '2026-05-28 05:58:30'),
(420, 2, '2026-05-28 08:21:23', NULL, 'success', '2409:40f4:14a:64a3:c936:160e:6f08:9f3f', '2409:40f4:14a:64a3:c936:160e:6f08:9f3f', 'Mozilla/5.0 (Macintosh; Intel Mac OS X 10_15_7) AppleWebKit/537.36 (KHTML, like Gecko) Chrome/148.0.0.0 Safari/537.36', 'Desktop', 'Chrome', 'macOS', 'ca664bacea39283100f05e1445e4f31861d7b5066fa69f3cad01975fe9a3110c', 'Login successful', '2026-05-28 08:21:23'),
(421, 2, '2026-05-28 09:46:59', NULL, 'success', '2409:40f4:14a:64a3:1dd:e9:f47e:53d5', '2409:40f4:14a:64a3:1dd:e9:f47e:53d5', 'Mozilla/5.0 (Macintosh; Intel Mac OS X 10_15_7) AppleWebKit/537.36 (KHTML, like Gecko) Chrome/148.0.0.0 Safari/537.36', 'Desktop', 'Chrome', 'macOS', 'ee842981b053305678dc86ad91d0e53c19931db7142ac305db19a5ac4e24c674', 'Login successful', '2026-05-28 09:46:59'),
(422, 2, '2026-05-28 09:56:32', NULL, 'success', '2409:40f4:14a:64a3:1dd:e9:f47e:53d5', '2409:40f4:14a:64a3:1dd:e9:f47e:53d5', 'Mozilla/5.0 (Macintosh; Intel Mac OS X 10_15_7) AppleWebKit/537.36 (KHTML, like Gecko) Chrome/148.0.0.0 Safari/537.36', 'Desktop', 'Chrome', 'macOS', '4963c988d835b8b2f3a1ebba6015ce5ccbcc46ba17819c79adb2aa9cb3a8f83e', 'Login successful', '2026-05-28 09:56:32'),
(423, 2, '2026-05-28 11:18:37', NULL, 'success', '2001:4490:4ea9:abb7:fd03:6184:2a22:7f24', '2001:4490:4ea9:abb7:fd03:6184:2a22:7f24', 'Mozilla/5.0 (Macintosh; Intel Mac OS X 10_15_7) AppleWebKit/537.36 (KHTML, like Gecko) Chrome/148.0.0.0 Safari/537.36', 'Desktop', 'Chrome', 'macOS', '341e629eb20fe46731a896237ed97b9e855f50265ffec2bb7577e7f5109b9f39', 'Login successful', '2026-05-28 11:18:37'),
(424, 2, '2026-05-28 11:51:21', NULL, 'success', '2001:4490:4ea9:abb7:30c9:9fb9:9db8:ea6c', '2001:4490:4ea9:abb7:30c9:9fb9:9db8:ea6c', 'Mozilla/5.0 (Windows NT 10.0; Win64; x64) AppleWebKit/537.36 (KHTML, like Gecko) Chrome/148.0.0.0 Safari/537.36', 'Desktop', 'Chrome', 'Windows', '8fee9de3d170e2f2147eca978451f5debe7a79edd1dd84201acf2fcf7600c0d6', 'Login successful', '2026-05-28 11:51:21'),
(425, 2, '2026-05-28 12:05:18', NULL, 'success', '2001:4490:4ea9:abb7:4d87:f080:b8ee:1b65', '2001:4490:4ea9:abb7:4d87:f080:b8ee:1b65', 'Mozilla/5.0 (Windows NT 10.0; Win64; x64) AppleWebKit/537.36 (KHTML, like Gecko) Chrome/141.0.0.0 Safari/537.36', 'Desktop', 'Chrome', 'Windows', '1a7db9acc34563e5cb30424e073b3a524fdfcc06b4a69bd020df6da9434dde5e', 'Login successful', '2026-05-28 12:05:18'),
(426, 4, '2026-05-29 04:32:32', NULL, 'success', '2001:4490:4ea9:1ab8:c00e:a214:92d9:9b9f', '2001:4490:4ea9:1ab8:c00e:a214:92d9:9b9f', 'Mozilla/5.0 (Windows NT 10.0; Win64; x64) AppleWebKit/537.36 (KHTML, like Gecko) Chrome/141.0.0.0 Safari/537.36', 'Desktop', 'Chrome', 'Windows', 'f9b63f99455041130a4fed391494cab2f9112b0db15b62bee361c7d3ca030650', 'Login successful', '2026-05-29 04:32:32'),
(427, 2, '2026-05-29 04:44:45', NULL, 'failed', '2409:40f4:14a:64a3:cf4:809e:de0f:e208', '2409:40f4:14a:64a3:cf4:809e:de0f:e208', 'Mozilla/5.0 (Macintosh; Intel Mac OS X 10_15_7) AppleWebKit/537.36 (KHTML, like Gecko) Chrome/148.0.0.0 Safari/537.36', 'Desktop', 'Chrome', 'macOS', NULL, 'Incorrect password', '2026-05-29 04:44:45'),
(428, 2, '2026-05-29 04:44:56', NULL, 'success', '2409:40f4:14a:64a3:cf4:809e:de0f:e208', '2409:40f4:14a:64a3:cf4:809e:de0f:e208', 'Mozilla/5.0 (Macintosh; Intel Mac OS X 10_15_7) AppleWebKit/537.36 (KHTML, like Gecko) Chrome/148.0.0.0 Safari/537.36', 'Desktop', 'Chrome', 'macOS', 'e05b92f7dc59bcb06b09fc624f58a383b6b6465cf7f817155e140ae4b05d2d43', 'Login successful', '2026-05-29 04:44:56'),
(429, 2, '2026-05-29 04:45:40', NULL, 'success', '2409:40f4:14a:64a3:682f:765b:d909:84ef', '2409:40f4:14a:64a3:682f:765b:d909:84ef', 'Mozilla/5.0 (Macintosh; Intel Mac OS X 10_15_7) AppleWebKit/537.36 (KHTML, like Gecko) Chrome/148.0.0.0 Safari/537.36', 'Desktop', 'Chrome', 'macOS', '26e2dd651b3e6918b91f054bc3f7f32df00384416c3ddf4a8d3ff4357535879e', 'Login successful', '2026-05-29 04:45:40'),
(430, 2, '2026-05-29 04:57:10', NULL, 'success', '2409:40f4:14a:64a3:682f:765b:d909:84ef', '2409:40f4:14a:64a3:682f:765b:d909:84ef', 'Mozilla/5.0 (Macintosh; Intel Mac OS X 10_15_7) AppleWebKit/537.36 (KHTML, like Gecko) Chrome/148.0.0.0 Safari/537.36', 'Desktop', 'Chrome', 'macOS', '7a9d1e34719ab3197de64f54e2f1e46e979052ddef7526e62158d9538962148e', 'Login successful', '2026-05-29 04:57:10'),
(431, 2, '2026-05-29 05:45:38', NULL, 'success', '2409:40f4:14a:64a3:cf4:809e:de0f:e208', '2409:40f4:14a:64a3:cf4:809e:de0f:e208', 'Mozilla/5.0 (Macintosh; Intel Mac OS X 10_15_7) AppleWebKit/537.36 (KHTML, like Gecko) Chrome/148.0.0.0 Safari/537.36', 'Desktop', 'Chrome', 'macOS', '28e0f0bd2e8b242fa9c21fb9318f97ee9342d7bfde705098a4875fdbdff68dc9', 'Login successful', '2026-05-29 05:45:38'),
(432, 2, '2026-05-29 05:52:51', NULL, 'success', '2409:40f4:14a:64a3:682f:765b:d909:84ef', '2409:40f4:14a:64a3:682f:765b:d909:84ef', 'Mozilla/5.0 (Macintosh; Intel Mac OS X 10_15_7) AppleWebKit/537.36 (KHTML, like Gecko) Chrome/148.0.0.0 Safari/537.36', 'Desktop', 'Chrome', 'macOS', '1bf8e2d931d70659b2a68937fba93938bce717f23816072af9a2effeee8d680f', 'Login successful', '2026-05-29 05:52:51'),
(433, 2, '2026-05-29 10:05:31', NULL, 'success', '2409:40f4:14a:64a3:bd11:55a8:bae9:8f87', '2409:40f4:14a:64a3:bd11:55a8:bae9:8f87', 'Mozilla/5.0 (Macintosh; Intel Mac OS X 10_15_7) AppleWebKit/537.36 (KHTML, like Gecko) Chrome/148.0.0.0 Safari/537.36', 'Desktop', 'Chrome', 'macOS', '7103152e3a42fbb78c1f9f88e67cc6626968bb529df80562831ec3dd73697c7c', 'Login successful', '2026-05-29 10:05:31'),
(434, 2, '2026-05-29 10:45:51', NULL, 'success', '2409:40f4:14a:64a3:bd11:55a8:bae9:8f87', '2409:40f4:14a:64a3:bd11:55a8:bae9:8f87', 'Mozilla/5.0 (Macintosh; Intel Mac OS X 10_15_7) AppleWebKit/537.36 (KHTML, like Gecko) Chrome/148.0.0.0 Safari/537.36', 'Desktop', 'Chrome', 'macOS', 'e9e98db5ac5a67a1f8f78dff1d948cc451060f305080e31808fbf1f83dd71d04', 'Login successful', '2026-05-29 10:45:51'),
(435, 4, '2026-05-30 04:32:52', NULL, 'success', '2001:4490:4ea9:e5ca:9895:b010:8d69:de43', '2001:4490:4ea9:e5ca:9895:b010:8d69:de43', 'Mozilla/5.0 (Windows NT 10.0; Win64; x64) AppleWebKit/537.36 (KHTML, like Gecko) Chrome/141.0.0.0 Safari/537.36', 'Desktop', 'Chrome', 'Windows', 'e961fba759f28f8ba51d744d68d68a9c8191b3da5c5a2655af7c895d444a1e87', 'Login successful', '2026-05-30 04:32:52'),
(436, 2, '2026-05-30 06:08:06', NULL, 'success', '2409:40f4:14a:64a3:f04b:1e3d:5043:2eab', '2409:40f4:14a:64a3:f04b:1e3d:5043:2eab', 'Mozilla/5.0 (Macintosh; Intel Mac OS X 10_15_7) AppleWebKit/537.36 (KHTML, like Gecko) Chrome/148.0.0.0 Safari/537.36', 'Desktop', 'Chrome', 'macOS', '3178343a1e3c870675c8be7374ef11598765748ea14e008b9ee2caa4c5658f04', 'Login successful', '2026-05-30 06:08:06'),
(437, 2, '2026-05-30 06:50:19', NULL, 'success', '2409:40f4:14a:64a3:f04b:1e3d:5043:2eab', '2409:40f4:14a:64a3:f04b:1e3d:5043:2eab', 'Mozilla/5.0 (Macintosh; Intel Mac OS X 10_15_7) AppleWebKit/537.36 (KHTML, like Gecko) Chrome/148.0.0.0 Safari/537.36', 'Desktop', 'Chrome', 'macOS', '9fb7fe3d3a4a604febeca24444dd5da2f0ff23764402e536c8b4e332464541a3', 'Login successful', '2026-05-30 06:50:19'),
(438, 2, '2026-05-30 07:22:59', NULL, 'success', '2409:40f4:14a:64a3:f04b:1e3d:5043:2eab', '2409:40f4:14a:64a3:f04b:1e3d:5043:2eab', 'Mozilla/5.0 (Macintosh; Intel Mac OS X 10_15_7) AppleWebKit/537.36 (KHTML, like Gecko) Chrome/148.0.0.0 Safari/537.36', 'Desktop', 'Chrome', 'macOS', '61c5bbb9dfde9d7b59bb0fd8dc0ae3632e77843fc34a93ff079f41a15340b509', 'Login successful', '2026-05-30 07:22:59'),
(439, 2, '2026-05-30 07:40:41', NULL, 'success', '2409:40f4:14a:64a3:f04b:1e3d:5043:2eab', '2409:40f4:14a:64a3:f04b:1e3d:5043:2eab', 'Mozilla/5.0 (Macintosh; Intel Mac OS X 10_15_7) AppleWebKit/537.36 (KHTML, like Gecko) Chrome/148.0.0.0 Safari/537.36', 'Desktop', 'Chrome', 'macOS', 'c60c4ce16618d53d1bff82f861b2adb80f174b962cbbd2249fc3d8e946c1db7a', 'Login successful', '2026-05-30 07:40:41'),
(440, 2, '2026-05-30 07:44:04', NULL, 'success', '2409:40f4:14a:64a3:f04b:1e3d:5043:2eab', '2409:40f4:14a:64a3:f04b:1e3d:5043:2eab', 'Mozilla/5.0 (Macintosh; Intel Mac OS X 10_15_7) AppleWebKit/537.36 (KHTML, like Gecko) Chrome/148.0.0.0 Safari/537.36', 'Desktop', 'Chrome', 'macOS', 'ccf737a4948dd3d5e74d6c9e9a31b53c64a889e973f813a3add7c745fc36d87c', 'Login successful', '2026-05-30 07:44:04'),
(441, 2, '2026-05-30 08:53:01', NULL, 'success', '2409:40f4:14a:64a3:cf4:809e:de0f:e208', '2409:40f4:14a:64a3:cf4:809e:de0f:e208', 'Mozilla/5.0 (Macintosh; Intel Mac OS X 10_15_7) AppleWebKit/537.36 (KHTML, like Gecko) Chrome/148.0.0.0 Safari/537.36', 'Desktop', 'Chrome', 'macOS', '0d3f27847413134028c71661b10d10a26e4643243eb4b9d5f43091e8ed0fc2fb', 'Login successful', '2026-05-30 08:53:01'),
(442, 2, '2026-05-30 09:03:27', NULL, 'success', '2409:40f4:14a:64a3:f04b:1e3d:5043:2eab', '2409:40f4:14a:64a3:f04b:1e3d:5043:2eab', 'Mozilla/5.0 (Macintosh; Intel Mac OS X 10_15_7) AppleWebKit/537.36 (KHTML, like Gecko) Chrome/148.0.0.0 Safari/537.36', 'Desktop', 'Chrome', 'macOS', '399a59372ae7ffd74465e7d02a9007d9c6f3bdaa9076a3b9273038566c536238', 'Login successful', '2026-05-30 09:03:27'),
(443, 2, '2026-05-30 09:08:03', NULL, 'success', '2409:40f4:14a:64a3:f04b:1e3d:5043:2eab', '2409:40f4:14a:64a3:f04b:1e3d:5043:2eab', 'Mozilla/5.0 (Macintosh; Intel Mac OS X 10_15_7) AppleWebKit/537.36 (KHTML, like Gecko) Chrome/148.0.0.0 Safari/537.36', 'Desktop', 'Chrome', 'macOS', 'e4234eafd1d2a9ada594784bf56e98a3afef5366be2a4431d68fe46a7ecd1d29', 'Login successful', '2026-05-30 09:08:03'),
(444, 2, '2026-05-30 09:38:05', NULL, 'success', '2409:40f4:14a:64a3:f04b:1e3d:5043:2eab', '2409:40f4:14a:64a3:f04b:1e3d:5043:2eab', 'Mozilla/5.0 (Macintosh; Intel Mac OS X 10_15_7) AppleWebKit/537.36 (KHTML, like Gecko) Chrome/148.0.0.0 Safari/537.36', 'Desktop', 'Chrome', 'macOS', '4b93623e3b271339893082229972077a9a2cd295f963f6d4dcb9084e72894a57', 'Login successful', '2026-05-30 09:38:05'),
(445, 2, '2026-05-30 09:44:18', NULL, 'success', '2409:40f4:14a:64a3:f04b:1e3d:5043:2eab', '2409:40f4:14a:64a3:f04b:1e3d:5043:2eab', 'Mozilla/5.0 (Macintosh; Intel Mac OS X 10_15_7) AppleWebKit/537.36 (KHTML, like Gecko) Chrome/148.0.0.0 Safari/537.36', 'Desktop', 'Chrome', 'macOS', 'ed27a2f370397423ec185dbcb226c1baca851a2c09dcac9551b7a2f6b04ad616', 'Login successful', '2026-05-30 09:44:18'),
(446, 4, '2026-05-30 09:53:42', NULL, 'success', '2001:4490:4ea9:e5ca:9895:b010:8d69:de43', '2001:4490:4ea9:e5ca:9895:b010:8d69:de43', 'Mozilla/5.0 (Windows NT 10.0; Win64; x64) AppleWebKit/537.36 (KHTML, like Gecko) Chrome/141.0.0.0 Safari/537.36', 'Desktop', 'Chrome', 'Windows', '71b09994b3ba7f4d8c18376813cb70ae031480b0063d0e8f7e3b0e968c5fa4ca', 'Login successful', '2026-05-30 09:53:42'),
(447, 2, '2026-05-30 10:41:33', NULL, 'success', '2409:40f4:14a:64a3:cf4:809e:de0f:e208', '2409:40f4:14a:64a3:cf4:809e:de0f:e208', 'Mozilla/5.0 (Macintosh; Intel Mac OS X 10_15_7) AppleWebKit/537.36 (KHTML, like Gecko) Chrome/148.0.0.0 Safari/537.36', 'Desktop', 'Chrome', 'macOS', 'f5c370e2b55cdca2da6456f4e3f864b30df616f451266595375058d29de1671a', 'Login successful', '2026-05-30 10:41:33'),
(448, 2, '2026-05-30 11:09:17', NULL, 'success', '2409:40f4:14a:64a3:f04b:1e3d:5043:2eab', '2409:40f4:14a:64a3:f04b:1e3d:5043:2eab', 'Mozilla/5.0 (Macintosh; Intel Mac OS X 10_15_7) AppleWebKit/537.36 (KHTML, like Gecko) Chrome/148.0.0.0 Safari/537.36', 'Desktop', 'Chrome', 'macOS', 'afe5f6db05226bae42b94c158d06317fc60385348f84c14033ffb5ac986289a8', 'Login successful', '2026-05-30 11:09:17'),
(449, 2, '2026-05-30 11:12:24', NULL, 'success', '2409:40f4:14a:64a3:f04b:1e3d:5043:2eab', '2409:40f4:14a:64a3:f04b:1e3d:5043:2eab', 'Mozilla/5.0 (Macintosh; Intel Mac OS X 10_15_7) AppleWebKit/537.36 (KHTML, like Gecko) Chrome/148.0.0.0 Safari/537.36', 'Desktop', 'Chrome', 'macOS', '5c0f2a658ee47e49b111d2314c229155d72a3eca06122ec8086162ef228b45a5', 'Login successful', '2026-05-30 11:12:24'),
(450, 2, '2026-05-30 11:25:41', NULL, 'success', '2409:40f4:14a:64a3:cf4:809e:de0f:e208', '2409:40f4:14a:64a3:cf4:809e:de0f:e208', 'Mozilla/5.0 (Macintosh; Intel Mac OS X 10_15_7) AppleWebKit/537.36 (KHTML, like Gecko) Chrome/148.0.0.0 Safari/537.36', 'Desktop', 'Chrome', 'macOS', '2b029860d5a11eefe5b716c2d6bd3d9b1a3a60bf8d0041e12148f37b114e57a4', 'Login successful', '2026-05-30 11:25:41'),
(451, 2, '2026-05-30 12:01:07', NULL, 'success', '2409:40f4:14a:64a3:f04b:1e3d:5043:2eab', '2409:40f4:14a:64a3:f04b:1e3d:5043:2eab', 'Mozilla/5.0 (Macintosh; Intel Mac OS X 10_15_7) AppleWebKit/537.36 (KHTML, like Gecko) Chrome/148.0.0.0 Safari/537.36', 'Desktop', 'Chrome', 'macOS', 'd12c66534d56d1134082ad7f6eab1807acd0a4f8b7b01c04ac0cc5992ec54b36', 'Login successful', '2026-05-30 12:01:07'),
(452, 2, '2026-05-30 12:13:12', NULL, 'success', '2409:40f4:14a:64a3:cf4:809e:de0f:e208', '2409:40f4:14a:64a3:cf4:809e:de0f:e208', 'Mozilla/5.0 (Macintosh; Intel Mac OS X 10_15_7) AppleWebKit/537.36 (KHTML, like Gecko) Chrome/148.0.0.0 Safari/537.36', 'Desktop', 'Chrome', 'macOS', '07058a81cf4edd84a40e917f0db40f7caacc879ef3be333b12fcbe519a626533', 'Login successful', '2026-05-30 12:13:12'),
(453, 4, '2026-06-01 04:41:47', NULL, 'success', '2001:4490:4ea9:38dc:ed88:f903:ecdb:7525', '2001:4490:4ea9:38dc:ed88:f903:ecdb:7525', 'Mozilla/5.0 (Windows NT 10.0; Win64; x64) AppleWebKit/537.36 (KHTML, like Gecko) Chrome/141.0.0.0 Safari/537.36', 'Desktop', 'Chrome', 'Windows', 'b78b7660668c086901706936ad213a35832fdd03a679c7eec46c770f4d4d2744', 'Login successful', '2026-06-01 04:41:47'),
(454, 2, '2026-06-01 04:41:50', NULL, 'success', '2409:40f4:14a:64a3:b567:ee76:5265:3939', '2409:40f4:14a:64a3:b567:ee76:5265:3939', 'Mozilla/5.0 (Macintosh; Intel Mac OS X 10_15_7) AppleWebKit/537.36 (KHTML, like Gecko) Chrome/148.0.0.0 Safari/537.36', 'Desktop', 'Chrome', 'macOS', 'f4dfcf8b8c3884af63fde6ca24441bc514ba93e426f46e29dace33c36e9cf6e3', 'Login successful', '2026-06-01 04:41:50'),
(455, 2, '2026-06-01 04:51:43', NULL, 'success', '2409:40f4:14a:64a3:1802:d114:cc33:2466', '2409:40f4:14a:64a3:1802:d114:cc33:2466', 'Mozilla/5.0 (Macintosh; Intel Mac OS X 10_15_7) AppleWebKit/537.36 (KHTML, like Gecko) Chrome/148.0.0.0 Safari/537.36', 'Desktop', 'Chrome', 'macOS', '05b07acf3ff041b4c48fbc47d856e288639a0c7f7cf19e770269fa21553d92cf', 'Login successful', '2026-06-01 04:51:43'),
(456, 2, '2026-06-01 05:21:35', NULL, 'success', '2409:40f4:14a:64a3:1802:d114:cc33:2466', '2409:40f4:14a:64a3:1802:d114:cc33:2466', 'Mozilla/5.0 (Macintosh; Intel Mac OS X 10_15_7) AppleWebKit/537.36 (KHTML, like Gecko) Chrome/148.0.0.0 Safari/537.36', 'Desktop', 'Chrome', 'macOS', 'd6a67650459d5e6f750386f0bb526e1e9f4f498cd5f4a9242274f1f0dc76f034', 'Login successful', '2026-06-01 05:21:35'),
(457, 2, '2026-06-01 06:32:46', NULL, 'success', '2409:40f4:14a:64a3:b567:ee76:5265:3939', '2409:40f4:14a:64a3:b567:ee76:5265:3939', 'Mozilla/5.0 (Macintosh; Intel Mac OS X 10_15_7) AppleWebKit/537.36 (KHTML, like Gecko) Chrome/148.0.0.0 Safari/537.36', 'Desktop', 'Chrome', 'macOS', 'bd4c5b684f2df522d4d89b09ccd041aba799bfe587ef2e56861e7fecdbe8b80f', 'Login successful', '2026-06-01 06:32:46'),
(458, 2, '2026-06-01 07:27:22', NULL, 'success', '2001:4490:4ea9:38dc:6439:aa47:e427:3efe', '2001:4490:4ea9:38dc:6439:aa47:e427:3efe', 'Mozilla/5.0 (Macintosh; Intel Mac OS X 10_15_7) AppleWebKit/537.36 (KHTML, like Gecko) Chrome/148.0.0.0 Safari/537.36', 'Desktop', 'Chrome', 'macOS', 'af507fecdbb585588f536f5c89d7b4f6c59dc76b85421ffaaf742114eec89935', 'Login successful', '2026-06-01 07:27:22'),
(459, 2, '2026-06-01 09:02:37', NULL, 'success', '2001:4490:4ea9:38dc:6439:aa47:e427:3efe', '2001:4490:4ea9:38dc:6439:aa47:e427:3efe', 'Mozilla/5.0 (Macintosh; Intel Mac OS X 10_15_7) AppleWebKit/537.36 (KHTML, like Gecko) Chrome/148.0.0.0 Safari/537.36', 'Desktop', 'Chrome', 'macOS', 'e274722f3a7fb04c7268493555a75057d4550ec8e4a6a0ae77797f2d606b5ae7', 'Login successful', '2026-06-01 09:02:37'),
(460, 2, '2026-06-01 09:10:32', NULL, 'success', '2001:4490:4ea9:38dc:6439:aa47:e427:3efe', '2001:4490:4ea9:38dc:6439:aa47:e427:3efe', 'Mozilla/5.0 (Macintosh; Intel Mac OS X 10_15_7) AppleWebKit/537.36 (KHTML, like Gecko) Chrome/148.0.0.0 Safari/537.36', 'Desktop', 'Chrome', 'macOS', '5b89395b0d8ca64e95595039e486a755365fc972fb8c26b9162878b9482619d9', 'Login successful', '2026-06-01 09:10:32'),
(461, 5, '2026-06-01 09:18:55', NULL, 'success', '2409:40f4:14a:64a3:b567:ee76:5265:3939', '2409:40f4:14a:64a3:b567:ee76:5265:3939', 'Mozilla/5.0 (Macintosh; Intel Mac OS X 10_15_7) AppleWebKit/537.36 (KHTML, like Gecko) Chrome/148.0.0.0 Safari/537.36', 'Desktop', 'Chrome', 'macOS', 'e33f94a5e72002e764f1b033ac0bbf7d57a529a4093cbd2b9b630602ec637ef7', 'Login successful', '2026-06-01 09:18:55'),
(462, 5, '2026-06-01 09:23:18', NULL, 'success', '2409:40f4:14a:64a3:b567:ee76:5265:3939', '2409:40f4:14a:64a3:b567:ee76:5265:3939', 'Mozilla/5.0 (Macintosh; Intel Mac OS X 10_15_7) AppleWebKit/537.36 (KHTML, like Gecko) Chrome/148.0.0.0 Safari/537.36', 'Desktop', 'Chrome', 'macOS', '3e444764ba98d7e0e66e43ee01afe058aeedafde2b2899691f22a323f7bc295b', 'Login successful', '2026-06-01 09:23:18'),
(463, 6, '2026-06-01 09:48:53', NULL, 'failed', '2001:4490:4ea9:38dc:6439:aa47:e427:3efe', '2001:4490:4ea9:38dc:6439:aa47:e427:3efe', 'Mozilla/5.0 (Macintosh; Intel Mac OS X 10_15_7) AppleWebKit/537.36 (KHTML, like Gecko) Chrome/148.0.0.0 Safari/537.36', 'Desktop', 'Chrome', 'macOS', NULL, 'Incorrect password', '2026-06-01 09:48:53'),
(464, 6, '2026-06-01 09:49:23', NULL, 'success', '2001:4490:4ea9:38dc:6439:aa47:e427:3efe', '2001:4490:4ea9:38dc:6439:aa47:e427:3efe', 'Mozilla/5.0 (Macintosh; Intel Mac OS X 10_15_7) AppleWebKit/537.36 (KHTML, like Gecko) Chrome/148.0.0.0 Safari/537.36', 'Desktop', 'Chrome', 'macOS', '5406d1861cd6654a577223463f134261c4e0075bf7ff11a290b1abb5ff7cc722', 'Login successful', '2026-06-01 09:49:23'),
(465, 2, '2026-06-01 09:54:38', NULL, 'success', '2001:4490:4ea9:38dc:6439:aa47:e427:3efe', '2001:4490:4ea9:38dc:6439:aa47:e427:3efe', 'Mozilla/5.0 (Macintosh; Intel Mac OS X 10_15_7) AppleWebKit/537.36 (KHTML, like Gecko) Chrome/148.0.0.0 Safari/537.36', 'Desktop', 'Chrome', 'macOS', '5c326b930cb002a72e486791d2f71b465e3b2bac124d13a59067683dea80eaf1', 'Login successful', '2026-06-01 09:54:38'),
(466, 2, '2026-06-01 10:33:42', NULL, 'success', '2409:40f4:14a:64a3:b567:ee76:5265:3939', '2409:40f4:14a:64a3:b567:ee76:5265:3939', 'Mozilla/5.0 (Macintosh; Intel Mac OS X 10_15_7) AppleWebKit/537.36 (KHTML, like Gecko) Chrome/148.0.0.0 Safari/537.36', 'Desktop', 'Chrome', 'macOS', 'bb216f4d6e1fe679af2e5880dafcbac52024911099afa42c54ff3dad20cb3853', 'Login successful', '2026-06-01 10:33:42'),
(467, 2, '2026-06-01 10:55:57', NULL, 'success', '2001:4490:4ea9:38dc:6439:aa47:e427:3efe', '2001:4490:4ea9:38dc:6439:aa47:e427:3efe', 'Mozilla/5.0 (Macintosh; Intel Mac OS X 10_15_7) AppleWebKit/537.36 (KHTML, like Gecko) Chrome/148.0.0.0 Safari/537.36', 'Desktop', 'Chrome', 'macOS', 'd62349d951c78d7b9494c3e722cda34576ee4ac3ce3fcf36b8b7d4d3d6a75f75', 'Login successful', '2026-06-01 10:55:57'),
(468, 2, '2026-06-01 11:13:34', NULL, 'success', '2409:40f4:14d:9d14:f9d0:c1fc:7f62:b7f9', '2409:40f4:14d:9d14:f9d0:c1fc:7f62:b7f9', 'Mozilla/5.0 (Macintosh; Intel Mac OS X 10_15_7) AppleWebKit/537.36 (KHTML, like Gecko) Chrome/148.0.0.0 Safari/537.36', 'Desktop', 'Chrome', 'macOS', '506d35639b4a9e6c06b9e5b2ce4a655f1e4c1fe47c54d3edb15707c0c253039c', 'Login successful', '2026-06-01 11:13:34'),
(469, 2, '2026-06-01 11:54:18', NULL, 'failed', '2001:4490:4ea9:38dc:6439:aa47:e427:3efe', '2001:4490:4ea9:38dc:6439:aa47:e427:3efe', 'Mozilla/5.0 (Macintosh; Intel Mac OS X 10_15_7) AppleWebKit/537.36 (KHTML, like Gecko) Chrome/148.0.0.0 Safari/537.36', 'Desktop', 'Chrome', 'macOS', NULL, 'Incorrect password', '2026-06-01 11:54:18'),
(470, 2, '2026-06-01 11:54:31', NULL, 'success', '2001:4490:4ea9:38dc:6439:aa47:e427:3efe', '2001:4490:4ea9:38dc:6439:aa47:e427:3efe', 'Mozilla/5.0 (Macintosh; Intel Mac OS X 10_15_7) AppleWebKit/537.36 (KHTML, like Gecko) Chrome/148.0.0.0 Safari/537.36', 'Desktop', 'Chrome', 'macOS', '40c950872792faeb7ce911d0cfee5549a38d423c66f4b82a9298b120dedc5cf7', 'Login successful', '2026-06-01 11:54:31'),
(471, 4, '2026-06-02 04:32:55', NULL, 'success', '2001:4490:4ea9:189a:f57f:85aa:1e7a:d316', '2001:4490:4ea9:189a:f57f:85aa:1e7a:d316', 'Mozilla/5.0 (Windows NT 10.0; Win64; x64) AppleWebKit/537.36 (KHTML, like Gecko) Chrome/141.0.0.0 Safari/537.36', 'Desktop', 'Chrome', 'Windows', 'e3486f0382843915f2baf957e43ddd9e7aa7399016e0ed45032ec2aaf9fb7514', 'Login successful', '2026-06-02 04:32:55'),
(472, 2, '2026-06-02 07:02:35', NULL, 'success', '2001:4490:4ea9:189a:c016:b152:2c8d:4621', '2001:4490:4ea9:189a:c016:b152:2c8d:4621', 'Mozilla/5.0 (Macintosh; Intel Mac OS X 10_15_7) AppleWebKit/537.36 (KHTML, like Gecko) Chrome/148.0.0.0 Safari/537.36', 'Desktop', 'Chrome', 'macOS', 'a5a86bd12b24d0f9c438471a0d944c30558286a929f4c2f94e44406c5a638a77', 'Login successful', '2026-06-02 07:02:35'),
(473, 4, '2026-06-02 07:10:55', NULL, 'success', '2001:4490:4ea9:189a:f57f:85aa:1e7a:d316', '2001:4490:4ea9:189a:f57f:85aa:1e7a:d316', 'Mozilla/5.0 (Windows NT 10.0; Win64; x64) AppleWebKit/537.36 (KHTML, like Gecko) Chrome/141.0.0.0 Safari/537.36', 'Desktop', 'Chrome', 'Windows', 'c17573dbb9d0c6a3bf1db22c00073bd3617ef8024cbfd7a52c8fc8e00a1dae6e', 'Login successful', '2026-06-02 07:10:55'),
(474, 4, '2026-06-02 07:11:34', NULL, 'success', '2001:4490:4ea9:189a:f57f:85aa:1e7a:d316', '2001:4490:4ea9:189a:f57f:85aa:1e7a:d316', 'Mozilla/5.0 (Windows NT 10.0; Win64; x64) AppleWebKit/537.36 (KHTML, like Gecko) Chrome/141.0.0.0 Safari/537.36', 'Desktop', 'Chrome', 'Windows', 'fcd293f57cbe12cb4599cd96e1c55a0c7ce7ca816ad28014fde0b4f7d1659d7b', 'Login successful', '2026-06-02 07:11:34'),
(475, 2, '2026-06-02 07:13:35', NULL, 'success', '2001:4490:4ea9:189a:c016:b152:2c8d:4621', '2001:4490:4ea9:189a:c016:b152:2c8d:4621', 'Mozilla/5.0 (Macintosh; Intel Mac OS X 10_15_7) AppleWebKit/537.36 (KHTML, like Gecko) Chrome/148.0.0.0 Safari/537.36', 'Desktop', 'Chrome', 'macOS', '4db259d1d90588fb59c9de779e64a8fd43370c5757a37a31553622f7d5a30933', 'Login successful', '2026-06-02 07:13:35'),
(476, 4, '2026-06-02 07:14:54', NULL, 'success', '2001:4490:4ea9:189a:f57f:85aa:1e7a:d316', '2001:4490:4ea9:189a:f57f:85aa:1e7a:d316', 'Mozilla/5.0 (Windows NT 10.0; Win64; x64) AppleWebKit/537.36 (KHTML, like Gecko) Chrome/141.0.0.0 Safari/537.36', 'Desktop', 'Chrome', 'Windows', '1f1493d744a7e59d5b4dd0b9b895802b5a3e4585915cce7a80baf3e84724feac', 'Login successful', '2026-06-02 07:14:54'),
(477, 4, '2026-06-02 07:15:45', NULL, 'success', '2001:4490:4ea9:189a:f57f:85aa:1e7a:d316', '2001:4490:4ea9:189a:f57f:85aa:1e7a:d316', 'Mozilla/5.0 (Windows NT 10.0; Win64; x64) AppleWebKit/537.36 (KHTML, like Gecko) Chrome/141.0.0.0 Safari/537.36', 'Desktop', 'Chrome', 'Windows', '541b862a3c42a8d761e98df9bdc06f731950c44ab89d0930009cac61663cb53f', 'Login successful', '2026-06-02 07:15:45');;

INSERT INTO `media_files` (`id`, `company_id`, `module`, `document_type`, `document_id`, `purpose`, `original_name`, `stored_name`, `file_extension`, `mime_type`, `file_size`, `file_path`, `is_public`, `uploaded_by`, `created_at`) VALUES
(1, 1, 'print_designer', NULL, NULL, 'logo', 'download__1_.png', 'ad4da16e-3957-4ecf-a703-e8e75d375258.png', 'png', 'image/png', 291143, 'uploads/general/2026/05/ad4da16e-3957-4ecf-a703-e8e75d375258.png', 1, 2, '2026-05-16 08:46:53'),
(2, 1, 'print_designer', NULL, NULL, 'logo', 'download__2_.png', 'cd31630c-2e87-4d7c-93bd-34356770df7b.png', 'png', 'image/png', 353560, 'uploads/general/2026/05/cd31630c-2e87-4d7c-93bd-34356770df7b.png', 1, 2, '2026-05-16 08:49:37'),
(3, 1, 'printing', 'sales_quotation', NULL, 'print_template_image', 'download__1_.png', '2539b1c2-f5e7-4188-b730-da25b461366c.png', 'png', 'image/png', 291143, 'uploads/print-templates/2026/05/2539b1c2-f5e7-4188-b730-da25b461366c.png', 1, 2, '2026-05-16 11:00:45'),
(4, 1, 'printing', 'sales_quotation', NULL, 'print_template_image', 'download__2_.png', '69e2a9b3-21df-46db-85d0-51f894c45306.png', 'png', 'image/png', 353560, 'uploads/print-templates/2026/05/69e2a9b3-21df-46db-85d0-51f894c45306.png', 1, 2, '2026-05-16 11:05:01'),
(5, 1, 'printing', 'sales_quotation', NULL, 'print_template_image', 'download__1_.png', '99b26486-a937-46a9-9fb4-542dfd736d1a.png', 'png', 'image/png', 291143, 'uploads/print-templates/2026/05/99b26486-a937-46a9-9fb4-542dfd736d1a.png', 1, 2, '2026-05-16 11:14:34'),
(6, 1, 'printing', 'sales_quotation', NULL, 'print_template_image', 'download__1_.png', '2cd9c305-0707-4b62-8116-6d7d7aefdbce.png', 'png', 'image/png', 291143, 'uploads/print-templates/2026/05/2cd9c305-0707-4b62-8116-6d7d7aefdbce.png', 1, 2, '2026-05-16 11:14:59'),
(7, 1, 'printing', 'sales_quotation', NULL, 'print_template_image', 'owl_icon.png', '345fb8e0-0372-49c5-a38e-f0c8ffd17244.png', 'png', 'image/png', 48433, 'uploads/print-templates/2026/05/345fb8e0-0372-49c5-a38e-f0c8ffd17244.png', 1, 2, '2026-05-16 11:20:39'),
(8, 1, 'printing', 'sales_quotation', NULL, 'print_template_image', 'download.png', '46e7ccb4-f81d-4815-80fa-6bc017548e99.png', 'png', 'image/png', 192240, 'uploads/print-templates/2026/05/46e7ccb4-f81d-4815-80fa-6bc017548e99.png', 1, 2, '2026-05-16 11:26:51'),
(9, 1, 'printing', 'sales_quotation', NULL, 'print_template_image', 'download.png', '92d0bf0c-120f-49b1-8968-05c4c51f79a8.png', 'png', 'image/png', 192240, 'uploads/print-templates/2026/05/92d0bf0c-120f-49b1-8968-05c4c51f79a8.png', 1, 2, '2026-05-16 11:28:42'),
(10, 1, 'printing', 'sales_quotation', NULL, 'print_template_image', 'owl_icon.png', 'bd031a6e-516e-4c9a-a5f3-c57d8fee0ebe.png', 'png', 'image/png', 48433, 'uploads/print-templates/2026/05/bd031a6e-516e-4c9a-a5f3-c57d8fee0ebe.png', 1, 2, '2026-05-16 11:59:59'),
(11, 1, 'printing', 'sales_quotation', NULL, 'print_template_image', 'logo.png', 'a4ac20a5-deb1-4aa5-8b15-868de98f544a.png', 'png', 'image/png', 85255, 'uploads/print-templates/2026/05/a4ac20a5-deb1-4aa5-8b15-868de98f544a.png', 1, 2, '2026-05-16 12:08:04'),
(12, 1, 'printing', 'sales_quotation', NULL, 'print_template_image', 'logo.png', 'd9b6c3d7-db27-486f-8d4d-cecf5153e43d.png', 'png', 'image/png', 85255, 'uploads/print-templates/2026/05/d9b6c3d7-db27-486f-8d4d-cecf5153e43d.png', 1, 2, '2026-05-16 12:11:01'),
(13, 1, 'printing', 'sales_quotation', NULL, 'print_template_background', 'download__1_.png', '483da324-feb0-4da2-b17c-70f178703d56.png', 'png', 'image/png', 291143, 'uploads/print-templates/2026/05/483da324-feb0-4da2-b17c-70f178703d56.png', 1, 2, '2026-05-18 05:31:00'),
(14, 1, 'printing', 'sales_quotation', NULL, 'print_template_image', 'logo.png', '202db1dc-a43a-4545-9e88-9f0307ebc36b.png', 'png', 'image/png', 85255, 'uploads/print-templates/2026/05/202db1dc-a43a-4545-9e88-9f0307ebc36b.png', 1, 2, '2026-05-18 07:20:30'),
(15, 1, 'printing', 'sales_quotation', NULL, 'print_template_image', 'logo.png', '78b9f613-c327-431e-9214-e47bf742cf27.png', 'png', 'image/png', 85255, 'uploads/print-templates/2026/05/78b9f613-c327-431e-9214-e47bf742cf27.png', 1, 2, '2026-05-18 07:23:06'),
(16, 1, 'printing', 'sales_quotation', NULL, 'print_template_image', 'logo.png', '0daaa774-5a6e-490f-85a0-7a9f04962187.png', 'png', 'image/png', 85255, 'uploads/print-templates/2026/05/0daaa774-5a6e-490f-85a0-7a9f04962187.png', 1, 2, '2026-05-18 07:35:21'),
(17, 1, 'printing', 'sales_quotation', NULL, 'print_template_image', 'logo.png', '001be57a-4299-4605-9c62-25972b1ced35.png', 'png', 'image/png', 85255, 'uploads/print-templates/2026/05/001be57a-4299-4605-9c62-25972b1ced35.png', 1, 2, '2026-05-18 09:44:01');;

INSERT INTO `modules` (`id`, `module_code`, `module_name`, `module_group`, `route_path`, `icon_key`, `description`, `sort_order`, `is_system`, `is_active`, `created_by`, `updated_by`, `created_at`, `updated_at`) VALUES
(1, 'CRM', 'CRM', 'Front Office', '/crm/leads', 'support_agent_outlined', 'Lead, enquiry, and opportunity management', 10, 1, 1, NULL, NULL, '2026-05-05 11:01:42', '2026-05-05 11:01:42'),
(2, 'SALES', 'Sales', 'Operations', '/sales/quotations', 'point_of_sale_outlined', 'Customer quotations, orders, deliveries, invoices, receipts, and returns', 20, 1, 1, NULL, NULL, '2026-05-05 11:01:42', '2026-05-05 11:01:42'),
(3, 'PURCHASE', 'Purchase', 'Operations', '/purchase/requisitions', 'shopping_cart_outlined', 'Purchase requisitions, orders, receipts, invoices, payments, and returns', 30, 1, 1, NULL, NULL, '2026-05-05 11:01:42', '2026-05-05 11:01:42'),
(4, 'INVENTORY', 'Inventory', 'Operations', '/inventory/items', 'inventory_outlined', 'Inventory item masters, tax codes, UOMs, categories, and stock controls', 40, 1, 1, NULL, NULL, '2026-05-05 11:01:42', '2026-05-05 11:01:42'),
(5, 'PLANNING', 'Planning', 'Operations', '/planning/mrp-runs', 'route_outlined', 'Stock reservations, policies, MRP runs, and recommendations', 50, 1, 1, NULL, NULL, '2026-05-05 11:01:42', '2026-05-05 11:01:42'),
(6, 'MANUFACTURING', 'Manufacturing', 'Operations', '/manufacturing/boms', 'factory_outlined', 'BOMs, production orders, material issues, and receipts', 60, 1, 1, NULL, NULL, '2026-05-05 11:01:42', '2026-05-05 11:01:42'),
(7, 'QUALITY', 'Quality', 'Operations', '/quality/qc-plans', 'verified_outlined', 'Quality planning, inspections, actions, and non-conformance tracking', 70, 1, 1, NULL, NULL, '2026-05-05 11:01:42', '2026-05-05 11:01:42'),
(8, 'JOBWORK', 'Jobwork', 'Operations', '/jobwork/orders', 'handyman_outlined', 'Subcontract and jobwork dispatch, receipt, and charge tracking', 80, 1, 1, NULL, NULL, '2026-05-05 11:01:42', '2026-05-05 11:01:42'),
(9, 'SERVICE', 'Service', 'Operations', '/service/contracts', 'miscellaneous_services_outlined', 'After-sales service, warranty claims, tickets, and work orders', 90, 1, 1, NULL, NULL, '2026-05-05 11:01:42', '2026-05-05 11:01:42'),
(10, 'PROJECTS', 'Projects', 'Operations', '/projects', 'folder_special_outlined', 'Project planning, costing, execution, and billing', 100, 1, 1, NULL, NULL, '2026-05-05 11:01:42', '2026-05-05 11:01:42'),
(11, 'MAINTENANCE', 'Maintenance', 'Operations', '/maintenance/plans', 'build_circle_outlined', 'Maintenance plans, requests, work orders, downtime, and AMC', 110, 1, 1, NULL, NULL, '2026-05-05 11:01:42', '2026-05-05 11:01:42'),
(12, 'ASSETS', 'Assets', 'Resources', '/assets/register', 'precision_manufacturing_outlined', 'Asset register, depreciation, transfer, and disposal', 120, 1, 1, NULL, NULL, '2026-05-05 11:01:42', '2026-05-05 11:01:42'),
(13, 'ACCOUNTING', 'Accounting', 'Finance', '/accounting/accounts', 'account_balance_wallet_outlined', 'Accounting masters, vouchers, budgets, and reports', 130, 1, 1, NULL, NULL, '2026-05-05 11:01:42', '2026-05-05 11:01:42'),
(14, 'HR', 'HR', 'People', '/hr/employees', 'badge_outlined', 'Employees, attendance, leave, payroll, and expense claims', 140, 1, 1, NULL, NULL, '2026-05-05 11:01:42', '2026-05-05 11:01:42'),
(15, 'PARTIES', 'Parties', 'Masters', '/parties', 'handshake_outlined', 'Customers, suppliers, contacts, addresses, and commercial terms', 150, 1, 1, NULL, NULL, '2026-05-05 11:01:42', '2026-05-05 11:01:42'),
(16, 'TAX', 'Tax', 'Compliance', '/tax/states', 'receipt_long_outlined', 'States, GST registrations, rules, and document tax lines', 170, 1, 1, NULL, NULL, '2026-05-05 11:01:42', '2026-05-05 11:01:42'),
(17, 'COMMUNICATION', 'Communication', 'System', '/communication/email-settings', 'mail_outline', 'Email settings, templates, rules, and messages', 180, 1, 1, NULL, NULL, '2026-05-05 11:01:42', '2026-05-05 11:01:42'),
(18, 'MEDIA', 'Media', 'System', '/media/files', 'perm_media_outlined', 'Centralized media and file management', 190, 1, 1, NULL, NULL, '2026-05-05 11:01:42', '2026-05-05 11:01:42'),
(19, 'ADMINISTRATION', 'Administration', 'System', '/admin/users', 'admin_panel_settings_outlined', 'Users, roles, permissions, and access control', 900, 1, 1, NULL, NULL, '2026-05-05 11:01:42', '2026-05-05 11:01:42'),
(20, 'SETTINGS', 'Settings', 'System', '/settings/companies', 'settings_outlined', 'Company, branch, warehouse, and organization setup', 910, 1, 1, NULL, NULL, '2026-05-05 11:01:42', '2026-05-05 11:01:42');;

INSERT INTO `parties` (`id`, `party_code`, `party_name`, `display_name`, `party_type_id`, `is_company`, `website`, `pan`, `aadhaar`, `default_currency`, `opening_balance`, `opening_balance_type`, `is_active`, `remarks`, `created_by`, `updated_by`, `created_at`, `updated_at`) VALUES
(1, 'CUS/00001', 'R.K.S Enterprices', 'R.K.S Enterprices', 1, 0, NULL, NULL, NULL, 'INR', 0.00, 'debit', 1, NULL, 3, 3, '2026-05-07 05:09:45', '2026-05-07 05:09:45'),
(2, 'CUS/00002', 'MARLINTEK', 'MARLINTEK', 1, 1, NULL, NULL, NULL, 'INR', 0.00, 'debit', 1, NULL, 4, 4, '2026-05-07 12:14:11', '2026-05-07 12:14:11'),
(3, 'CUS/00003', 'SKYWAYS ELECTRONICS', 'SKYWAYS ELECTRONICS', 1, 1, NULL, NULL, NULL, 'INR', 0.00, 'credit', 1, NULL, 4, 4, '2026-05-07 12:23:50', '2026-05-07 12:23:50'),
(4, 'CUS/00004', 'CLASSIC TRADERS', 'CLASSIC TRADERS', 1, 1, NULL, NULL, NULL, 'INR', 0.00, 'debit', 1, NULL, 4, 4, '2026-05-07 12:30:21', '2026-05-07 12:30:21'),
(5, 'CUS/00005', 'K.K INDUSTRIAL AUTOMATION', 'K.K INDUSTRIAL AUTOMATION', 1, 1, NULL, NULL, NULL, 'INR', 0.00, 'debit', 1, NULL, 4, 4, '2026-05-07 12:42:49', '2026-05-07 12:42:49'),
(6, 'CUS/00006', 'SATHYAM ELECTRONICS', NULL, 1, 1, NULL, NULL, NULL, 'INR', 0.00, 'debit', 1, NULL, 4, 4, '2026-05-07 12:50:36', '2026-05-07 12:50:36'),
(7, 'CUS/0007', 'ANNAI ELECTRONICS', 'ANNAI ELECTRONICS', 1, 1, NULL, NULL, NULL, 'INR', 0.00, 'credit', 1, NULL, 4, 4, '2026-05-08 06:48:55', '2026-05-08 06:48:55'),
(8, 'CUS/0008', 'PTR ELECTRONICS', 'PTR ELECTRONICS', 1, 1, NULL, NULL, NULL, 'INR', 0.00, 'debit', 1, NULL, 4, 4, '2026-05-08 07:09:50', '2026-05-08 07:09:50'),
(9, 'CUS/0009', 'R&C ACOUSTIC ELECTRONICS', 'R&C ACOUSTIC ELECTRONICS', 1, 1, NULL, NULL, NULL, 'INR', 0.00, 'debit', 1, NULL, 4, 4, '2026-05-08 07:17:11', '2026-05-08 07:17:11'),
(10, 'CUS/0010', 'CAUVERY ELECTRONICS', 'CAUVERY ELECTRONICS', 1, 1, NULL, NULL, NULL, 'INR', 0.00, 'debit', 1, NULL, 4, 4, '2026-05-08 07:21:12', '2026-05-08 07:21:12'),
(11, 'CUS/0011', 'RADIO PALACE', 'RADIO PALACE', 1, 1, NULL, NULL, NULL, 'INR', 0.00, 'debit', 1, NULL, 4, 4, '2026-05-08 08:31:07', '2026-05-08 08:31:07'),
(12, 'CUS/0012', 'YERUKONDA SOUND SYSTEM', 'YERUKONDA SOUND SYSTEM', 1, 1, NULL, NULL, NULL, 'INR', 0.00, 'debit', 1, NULL, 4, 4, '2026-05-08 08:35:43', '2026-05-08 08:35:43'),
(13, 'CUS/0013', 'JAYAM ELECTRONICS', 'JAYAM ELECTRONICS', 1, 1, NULL, NULL, NULL, 'INR', 0.00, 'credit', 1, NULL, 4, 4, '2026-05-08 08:41:50', '2026-05-08 08:41:50'),
(14, 'CUS/0014', 'PADMA ELECTRONICS', NULL, 1, 1, NULL, NULL, NULL, 'INR', 0.00, 'credit', 1, NULL, 4, 4, '2026-05-08 08:48:19', '2026-05-08 08:48:19'),
(15, 'CUS/0015', 'GRAACE AUDIO VISSION', NULL, 1, 1, NULL, NULL, NULL, 'INR', 0.00, 'credit', 1, NULL, 4, 4, '2026-05-08 08:56:16', '2026-05-08 08:56:16'),
(16, 'CUS/0016', 'SHANTHI ELECTRONICS', 'SHANTHI ELECTRONICS', 1, 1, NULL, NULL, NULL, 'INR', 0.00, 'credit', 1, NULL, 4, 4, '2026-05-08 09:02:17', '2026-05-08 09:02:17'),
(17, 'CUS/0017', 'SRI SHARADAHA ELECTRONICS', 'SRI SHARADAHA ELECTRONICS', 1, 1, NULL, NULL, NULL, 'INR', 0.00, 'credit', 1, NULL, 4, 4, '2026-05-08 09:06:29', '2026-05-08 09:06:29'),
(18, 'CUS/0018', 'XL ELECTRONICS', 'XL ELECTRONICS', 1, 1, NULL, NULL, NULL, 'INR', 0.00, 'credit', 1, NULL, 4, 4, '2026-05-08 09:11:00', '2026-05-08 09:11:00'),
(19, 'CUS/0019', 'DIGITEK ELECTRONICS', 'DIGITEK ELECTRONICS', 1, 1, NULL, NULL, NULL, 'INR', 0.00, 'credit', 1, NULL, 4, 4, '2026-05-08 09:19:06', '2026-05-08 09:19:06'),
(20, 'CUS/0020', 'K.P BALU ELECTRONIKA', NULL, 1, 1, NULL, NULL, NULL, 'INR', 0.00, 'credit', 1, NULL, 4, 4, '2026-05-08 09:23:39', '2026-05-08 09:23:39'),
(21, 'CUS/0021', 'BHARATH ELECTRONICS', 'BHARATH ELECTRONICS', 1, 1, NULL, NULL, NULL, 'INR', 0.00, 'credit', 1, NULL, 4, 4, '2026-05-08 09:29:23', '2026-05-08 09:29:23'),
(22, 'CUS/0022', 'GANESH TRONICS', NULL, 1, 1, NULL, NULL, NULL, 'INR', 0.00, 'credit', 1, NULL, 4, 4, '2026-05-08 09:33:38', '2026-05-08 09:33:38'),
(23, 'CUS/0023', 'ANANTH ELECTRONICS', 'ANANTH ELECTRONICS', 1, 1, NULL, NULL, NULL, 'INR', 0.00, 'credit', 1, NULL, 4, 4, '2026-05-08 09:43:49', '2026-05-08 09:43:49'),
(24, 'CUS/0024', 'VENKAT', 'VENKAT', 1, 1, NULL, NULL, NULL, 'INR', 0.00, 'credit', 1, NULL, 4, 4, '2026-05-08 10:12:46', '2026-05-08 10:12:46'),
(25, 'CUS/0025', 'TDConnex (chennai)  PVT LIMITED', NULL, 1, 1, NULL, NULL, NULL, 'INR', 0.00, 'credit', 1, NULL, 4, 4, '2026-05-08 10:25:00', '2026-05-08 10:25:00'),
(26, 'CUS/0026', 'JENESIS HORIZON PVT LTD', 'JENESIS HORIZON PVT LTD', 1, 1, NULL, NULL, NULL, 'INR', 0.00, 'credit', 1, NULL, 4, 4, '2026-05-08 10:43:19', '2026-05-08 10:43:19'),
(27, 'CUS/0027', 'LEE PRO DIGICARE', 'LEE PRO DIGICARE', 1, 1, NULL, NULL, NULL, 'INR', 0.00, 'credit', 1, NULL, 4, 4, '2026-05-08 10:58:47', '2026-05-08 10:58:47'),
(28, 'CUS/0028', 'V. MOHAN', 'V. MOHAN', 1, 1, NULL, NULL, NULL, 'INR', 0.00, 'credit', 1, NULL, 4, 4, '2026-05-08 11:04:32', '2026-05-08 11:04:32'),
(29, 'CUS/0029', 'S.VENKATASAN', 'S.VENKATASAN', 1, 1, NULL, NULL, NULL, 'INR', 0.00, 'credit', 1, NULL, 4, 4, '2026-05-08 11:08:57', '2026-05-08 11:08:57'),
(30, 'CUS/0030', 'LAHARI ELECTRONICS', 'LAHARI ELECTRONICS', 1, 1, NULL, NULL, NULL, 'INR', 0.00, 'credit', 1, NULL, 4, 4, '2026-05-08 11:15:43', '2026-05-08 11:15:43'),
(31, 'CUS/0031', 'AMMAJI ENTERPRISES', 'AMMAJI ENTERPRISES', 1, 1, NULL, NULL, NULL, 'INR', 0.00, 'credit', 1, NULL, 4, 4, '2026-05-08 11:19:55', '2026-05-08 11:19:55'),
(32, 'CUS/0032', 'DINESH', 'DINESH', 1, 1, NULL, NULL, NULL, 'INR', 0.00, 'credit', 1, NULL, 4, 4, '2026-05-08 11:24:13', '2026-05-08 11:24:13'),
(33, 'CUS/0033', 'K.RAVI', 'K.RAVI', 1, 1, NULL, NULL, NULL, 'INR', 0.00, 'credit', 1, NULL, 4, 4, '2026-05-08 11:27:59', '2026-05-08 11:34:20'),
(34, 'CUS/0034', 'Dinesh Aneja', 'Dinesh Aneja', 1, 1, NULL, NULL, NULL, 'INR', 0.00, 'credit', 1, NULL, 4, 4, '2026-05-08 11:43:38', '2026-05-08 11:43:38'),
(35, 'CUS/0035', 'Manikandan', 'Manikandan', 1, 1, NULL, NULL, NULL, 'INR', 0.00, 'credit', 1, NULL, 4, 4, '2026-05-08 11:48:33', '2026-05-08 11:48:33'),
(36, 'CUS/0036', 'VIJAYABASKAR', 'VIJAYABASKAR', 1, 1, NULL, NULL, NULL, 'INR', 0.00, 'credit', 1, NULL, 4, 4, '2026-05-08 11:53:30', '2026-05-08 11:53:30'),
(37, 'CUS/0037', 'RAMESH', 'RAMESH', 1, 1, NULL, NULL, NULL, 'INR', 0.00, 'credit', 1, NULL, 4, 4, '2026-05-08 11:58:18', '2026-05-08 11:58:18'),
(38, 'CUS/0038', 'balaji', NULL, 1, 0, NULL, NULL, NULL, 'INR', 0.00, 'debit', 1, NULL, 6, 6, '2026-05-09 07:26:26', '2026-05-09 07:26:26'),
(39, 'CUS/0039', 'Lixon', 'Economic Scales', 1, 1, NULL, NULL, NULL, 'INR', 0.00, 'debit', 1, NULL, 6, 6, '2026-05-09 09:16:50', '2026-05-09 09:16:50'),
(40, 'CUS/0040', 'Yuvaraj', 'Yuvaraj', 1, 0, NULL, NULL, NULL, 'INR', 0.00, 'debit', 1, NULL, 6, 2, '2026-05-09 09:27:42', '2026-05-30 10:57:18'),
(41, 'CUS/0041', 'Testing', 'Testing', 1, 0, NULL, NULL, NULL, 'INR', 0.00, 'debit', 1, NULL, 6, 6, '2026-05-11 10:33:19', '2026-05-11 10:33:19'),
(42, 'SUP/0001', 'MACFOS LIMITED', 'MACFOS LIMITED', 2, 1, NULL, NULL, NULL, 'INR', 0.00, 'debit', 1, NULL, 4, 4, '2026-05-12 08:27:42', '2026-05-12 08:27:42'),
(43, 'SUP/0002', 'HUBTRONICS', 'HUBTRONICS', 2, 1, NULL, NULL, NULL, 'INR', 0.00, 'debit', 1, NULL, 4, 4, '2026-05-12 09:03:24', '2026-05-12 09:03:24'),
(44, 'SUP/0003', 'STERLING ELECTRONICS', 'STERLING ELECTRONICS', 2, 1, NULL, NULL, NULL, 'INR', 0.00, 'debit', 1, NULL, 4, 4, '2026-05-12 09:14:55', '2026-05-12 09:14:55'),
(45, 'SUP/0004', 'OM ELECTRONICS', 'OM ELECTRONICS', 2, 1, NULL, NULL, NULL, 'INR', 0.00, 'debit', 1, NULL, 4, 4, '2026-05-12 09:25:25', '2026-05-12 09:25:25'),
(46, 'SUP/0005', 'MADRAS ELECTRONICS COMPONENTS', NULL, 2, 1, NULL, NULL, NULL, 'INR', 0.00, 'debit', 1, NULL, 4, 4, '2026-05-12 09:34:05', '2026-05-12 09:34:05'),
(47, 'SUP/0006', 'Lion Circuits', NULL, 2, 1, NULL, NULL, NULL, 'INR', 0.00, 'debit', 1, NULL, 4, 4, '2026-05-29 09:57:46', '2026-05-29 09:57:46'),
(48, 'SUP/0007', 'Therrmo Tec', NULL, 2, 1, NULL, NULL, NULL, 'INR', 0.00, 'debit', 1, NULL, 4, 4, '2026-06-01 12:02:19', '2026-06-01 12:02:19');;

INSERT INTO `party_accounts` (`id`, `party_id`, `account_id`, `account_purpose`, `is_default`, `is_active`, `remarks`, `created_by`, `updated_by`, `created_at`, `updated_at`) VALUES
(1, 45, 4, 'payable', 1, 1, 'Auto-created from document posting', 4, 4, '2026-05-30 12:34:56', '2026-05-30 12:34:56'),
(2, 40, 3, 'receivable', 1, 1, 'Auto-created from document posting', 2, 2, '2026-06-01 05:22:53', '2026-06-01 05:22:53'),
(3, 12, 3, 'receivable', 1, 1, 'Auto-created from document posting', 2, 2, '2026-06-01 05:22:53', '2026-06-01 05:22:53'),
(4, 18, 3, 'receivable', 1, 1, 'Auto-created from document posting', 2, 2, '2026-06-01 05:22:53', '2026-06-01 05:22:53'),
(5, 36, 3, 'receivable', 1, 1, 'Auto-created from document posting', 2, 2, '2026-06-01 05:22:53', '2026-06-01 05:22:53'),
(6, 24, 3, 'receivable', 1, 1, 'Auto-created from document posting', 2, 2, '2026-06-01 05:22:53', '2026-06-01 05:22:53'),
(7, 28, 3, 'receivable', 1, 1, 'Auto-created from document posting', 2, 2, '2026-06-01 05:22:53', '2026-06-01 05:22:53'),
(8, 41, 3, 'receivable', 1, 1, 'Auto-created from document posting', 2, 2, '2026-06-01 05:22:53', '2026-06-01 05:22:53'),
(9, 25, 3, 'receivable', 1, 1, 'Auto-created from document posting', 2, 2, '2026-06-01 05:22:53', '2026-06-01 05:22:53'),
(10, 44, 4, 'payable', 1, 1, 'Auto-created from document posting', 2, 2, '2026-06-01 05:22:53', '2026-06-01 05:22:53'),
(11, 17, 3, 'receivable', 1, 1, 'Auto-created from document posting', 2, 2, '2026-06-01 05:22:53', '2026-06-01 05:22:53'),
(12, 3, 3, 'receivable', 1, 1, 'Auto-created from document posting', 2, 2, '2026-06-01 05:22:53', '2026-06-01 05:22:53'),
(13, 16, 3, 'receivable', 1, 1, 'Auto-created from document posting', 2, 2, '2026-06-01 05:22:53', '2026-06-01 05:22:53'),
(14, 6, 3, 'receivable', 1, 1, 'Auto-created from document posting', 2, 2, '2026-06-01 05:22:53', '2026-06-01 05:22:53'),
(15, 29, 3, 'receivable', 1, 1, 'Auto-created from document posting', 2, 2, '2026-06-01 05:22:53', '2026-06-01 05:22:53'),
(16, 37, 3, 'receivable', 1, 1, 'Auto-created from document posting', 2, 2, '2026-06-01 05:22:53', '2026-06-01 05:22:53'),
(17, 11, 3, 'receivable', 1, 1, 'Auto-created from document posting', 2, 2, '2026-06-01 05:22:53', '2026-06-01 05:22:53'),
(18, 9, 3, 'receivable', 1, 1, 'Auto-created from document posting', 2, 2, '2026-06-01 05:22:53', '2026-06-01 05:22:53'),
(19, 1, 3, 'receivable', 1, 1, 'Auto-created from document posting', 2, 2, '2026-06-01 05:22:53', '2026-06-01 05:22:53'),
(20, 8, 3, 'receivable', 1, 1, 'Auto-created from document posting', 2, 2, '2026-06-01 05:22:53', '2026-06-01 05:22:53'),
(21, 14, 3, 'receivable', 1, 1, 'Auto-created from document posting', 2, 2, '2026-06-01 05:22:53', '2026-06-01 05:22:53'),
(22, 2, 3, 'receivable', 1, 1, 'Auto-created from document posting', 2, 2, '2026-06-01 05:22:53', '2026-06-01 05:22:53'),
(23, 35, 3, 'receivable', 1, 1, 'Auto-created from document posting', 2, 2, '2026-06-01 05:22:53', '2026-06-01 05:22:53'),
(24, 46, 4, 'payable', 1, 1, 'Auto-created from document posting', 2, 2, '2026-06-01 05:22:53', '2026-06-01 05:22:53'),
(25, 42, 4, 'payable', 1, 1, 'Auto-created from document posting', 2, 2, '2026-06-01 05:22:53', '2026-06-01 05:22:53'),
(26, 39, 3, 'receivable', 1, 1, 'Auto-created from document posting', 2, 2, '2026-06-01 05:22:53', '2026-06-01 05:22:53'),
(27, 47, 4, 'payable', 1, 1, 'Auto-created from document posting', 2, 2, '2026-06-01 05:22:53', '2026-06-01 05:22:53'),
(28, 27, 3, 'receivable', 1, 1, 'Auto-created from document posting', 2, 2, '2026-06-01 05:22:53', '2026-06-01 05:22:53'),
(29, 30, 3, 'receivable', 1, 1, 'Auto-created from document posting', 2, 2, '2026-06-01 05:22:53', '2026-06-01 05:22:53'),
(30, 33, 3, 'receivable', 1, 1, 'Auto-created from document posting', 2, 2, '2026-06-01 05:22:53', '2026-06-01 05:22:53'),
(31, 20, 3, 'receivable', 1, 1, 'Auto-created from document posting', 2, 2, '2026-06-01 05:22:53', '2026-06-01 05:22:53'),
(32, 5, 3, 'receivable', 1, 1, 'Auto-created from document posting', 2, 2, '2026-06-01 05:22:53', '2026-06-01 05:22:53'),
(33, 26, 3, 'receivable', 1, 1, 'Auto-created from document posting', 2, 2, '2026-06-01 05:22:53', '2026-06-01 05:22:53'),
(34, 13, 3, 'receivable', 1, 1, 'Auto-created from document posting', 2, 2, '2026-06-01 05:22:53', '2026-06-01 05:22:53'),
(35, 43, 4, 'payable', 1, 1, 'Auto-created from document posting', 2, 2, '2026-06-01 05:22:53', '2026-06-01 05:22:53'),
(36, 15, 3, 'receivable', 1, 1, 'Auto-created from document posting', 2, 2, '2026-06-01 05:22:53', '2026-06-01 05:22:53'),
(37, 22, 3, 'receivable', 1, 1, 'Auto-created from document posting', 2, 2, '2026-06-01 05:22:53', '2026-06-01 05:22:53'),
(38, 34, 3, 'receivable', 1, 1, 'Auto-created from document posting', 2, 2, '2026-06-01 05:22:53', '2026-06-01 05:22:53'),
(39, 32, 3, 'receivable', 1, 1, 'Auto-created from document posting', 2, 2, '2026-06-01 05:22:53', '2026-06-01 05:22:53'),
(40, 19, 3, 'receivable', 1, 1, 'Auto-created from document posting', 2, 2, '2026-06-01 05:22:53', '2026-06-01 05:22:53'),
(41, 4, 3, 'receivable', 1, 1, 'Auto-created from document posting', 2, 2, '2026-06-01 05:22:53', '2026-06-01 05:22:53'),
(42, 10, 3, 'receivable', 1, 1, 'Auto-created from document posting', 2, 2, '2026-06-01 05:22:53', '2026-06-01 05:22:53'),
(43, 21, 3, 'receivable', 1, 1, 'Auto-created from document posting', 2, 2, '2026-06-01 05:22:53', '2026-06-01 05:22:53'),
(44, 38, 3, 'receivable', 1, 1, 'Auto-created from document posting', 2, 2, '2026-06-01 05:22:53', '2026-06-01 05:22:53'),
(45, 7, 3, 'receivable', 1, 1, 'Auto-created from document posting', 2, 2, '2026-06-01 05:22:53', '2026-06-01 05:22:53'),
(46, 23, 3, 'receivable', 1, 1, 'Auto-created from document posting', 2, 2, '2026-06-01 05:22:53', '2026-06-01 05:22:53'),
(47, 31, 3, 'receivable', 1, 1, 'Auto-created from document posting', 2, 2, '2026-06-01 05:22:53', '2026-06-01 05:22:53'),
(48, 48, 4, 'payable', 1, 1, 'Auto-created from document posting', 4, 4, '2026-06-01 12:02:19', '2026-06-01 12:02:19');;

INSERT INTO `party_addresses` (`id`, `party_id`, `address_type`, `address_line1`, `address_line2`, `area`, `city`, `district`, `state_code`, `state_name`, `country_code`, `postal_code`, `is_default`, `is_active`) VALUES
(1, 1, 'shipping', 'NO#27-7-7,Challapalli Bunglow Site,', 'NO#27-7-7,Challapalli Bunglow Site,', 'Prakasam Road', 'Governorpet', NULL, NULL, 'Vijayawada', 'IN', '520002', 1, 1),
(2, 2, 'shipping', 'NO-153/2A, KAVASAMPATTU,', 'NO-153/2A, KAVASAMPATTU', 'K.V.Kuppam Taluk,', 'Vellore', NULL, '33', 'TAMIL NADU', 'INDIA', '632204', 1, 1),
(3, 3, 'shipping', '4-3-325/5,BANK STREET', '4-3-325/5,BANK STREET', 'KOTI', 'HYDERABAD', NULL, '36', 'TELANGANA', 'IN', '500001', 1, 1),
(4, 4, 'shipping', 'NO,4 ANNA COMPLEX', 'NO,4 ANNA COMPLEX', 'BOSE MAIDHANAM', 'SALAM', NULL, '33', 'TAMIL NADU', 'IN', '636001', 1, 1),
(5, 5, 'shipping', '29/37,Teachers Colony', NULL, 'Muthukadai', 'Ranipet', NULL, '33', 'Tamil Nadu', 'IN', '632401', 1, 1),
(6, 6, 'shipping', 'NO.61,Super Bazar', NULL, NULL, NULL, NULL, NULL, NULL, 'IN', NULL, 0, 1),
(7, 7, 'shipping', 'No.17,G.K.MOOPANAR COMPLEX,', 'No.17,G.K.MOOPANAR COMPLEX,', 'VILLIANUR', NULL, NULL, '34', 'PUDUCHERRY', 'IN', '605110', 1, 1),
(8, 8, 'shipping', 'No.7, Super Bazar,', NULL, 'Singaraththope,', 'Trichy', NULL, '33', 'TAMIL NADU', 'IN', '620008', 1, 1),
(9, 9, 'shipping', '10/3, RAYYAN COMPIEX,', NULL, 'GH MAIN ROAD', 'MAYLIADUTHURAI', NULL, '33', 'TAMIL NADU', 'IN', '609001', 1, 1),
(10, 10, 'shipping', 'No.212,Nethaji Road', NULL, 'Perambalur', NULL, NULL, '33', 'TAMIL NADU', 'IN', '621212', 1, 1),
(11, 11, 'shipping', '1796,South Main Street,', NULL, NULL, 'Thanjavur', 'INDIA', '33', 'TAMIL NADU', 'IN', '613009', 1, 1),
(12, 12, 'shipping', 'D.No.8-24-121&122', NULL, 'Main Road', 'Rajamundy', 'INDIA', '37', 'ANDHRA PRADESH', 'IN', '533101', 1, 1),
(13, 13, 'shipping', 'No.2,Anna Complex,Ragavan Road', NULL, 'Bose Maidanam', 'Salem', NULL, '33', 'TAMIL NADU', 'IN', '636001', 1, 1),
(14, 14, 'shipping', '93/45,Ranger Sannati Street', NULL, 'Near Mosque', 'Namakkal', 'INDIA', '33', 'TAMIL NADU', 'IN', '637001', 1, 1),
(15, 15, 'shipping', '1645,46 SOUTH MAIN STREET', NULL, 'RAMYA ELECTRONICS UPSTAIR', 'TANJAVUR', 'INDIA', '33', 'TAMIL NADU', 'IN', '613009', 1, 1),
(16, 16, 'shipping', '134,OPPANAKARA STREET', NULL, NULL, 'COIMABTORE', 'INDIA', '33', 'TAMIL NADU', 'IN', '641001', 1, 1),
(17, 17, 'shipping', 'OPP.BALAJI THEATRE', NULL, 'YAWAR ROAD', 'JAGITYAL', 'INDIA', '36', 'TELANGANA', 'IN', '505327', 1, 1),
(18, 18, 'shipping', 'AARTHI HOTEL BUILDING,37,', NULL, 'WEST PRADAKSHNAM ROAD', 'KARUR', 'INDIA', '33', 'TAMIL NADU', 'IN', '639001', 1, 1),
(19, 19, 'shipping', '#135,5th CROSS,', NULL, 'K.G. NAGAR', 'BANGALORE', 'INDIA', '29', 'KARNATAKA', 'IN', '560019', 1, 1),
(20, 20, 'shipping', '18,CSI COMPLEX', NULL, 'GH ROAD', 'KARUR', 'INDIA', '33', 'TAMIL NADU', 'IN', '639001', 1, 1),
(21, 21, 'shipping', 'No,44/1,SMS COMPLEX', NULL, 'BUS STAND SOUTH', 'DINDIGUL', 'INDIA', '33', 'TAMIL NADU', 'IN', '624003', 1, 1),
(22, 22, 'shipping', 'No.13-26,Ragavan Road,', NULL, 'Near Bose Maidhanam Old Bus Stand', 'Salem', 'India', '33', 'Tamil Nadu', 'IN', '636001', 1, 1),
(23, 23, 'shipping', 'D.NO,7-8-18, MALLAVARAPU VARI STREET,', NULL, NULL, 'VISAKHPATNAM', 'INDIA', '37', 'ANTRA PRADESH', 'IN', '531001', 1, 1),
(24, 24, 'shipping', '2XFW+V58 UNUGUNTAPALEM PRIMARY', NULL, 'AGRICULTURAL COOPERATIVE SOCIETY, V 852,', 'RUDRAVARAM', 'INDIA', '37', 'ANDHRA PRADESH', 'IN', '524413', 1, 1),
(25, 25, 'shipping', 'GB 220, Green Base Industrial&Logistics Park Hiranandani Parks,', NULL, 'Thriveni Nagar,Vadakkupattu', 'Kancheepuram', 'India', '33', 'Tamil Nadu', 'IN', '603204', 1, 1),
(26, 26, 'shipping', '1-8,Rajeshwari Nagar,', NULL, 'Thirumazhisai', 'Chennai', 'India', '33', 'Tamil Nadu', 'IN', '600124', 1, 1),
(27, 27, 'shipping', 'No,16B/2, navalan nedunchezhian street', NULL, 'Arcot', 'Ranipet', 'India', '33', 'Tamil Nadu', 'IN', '632503', 1, 1),
(28, 28, 'shipping', 'No.48,Main Road', NULL, 'Chinna Allapuram', 'Vellore', 'India', '33', 'Tamil Nadu', 'IN', NULL, 1, 1),
(29, 29, 'shipping', 'NO.2/38,East Road,Vilaripalayam,', NULL, 'Vazhapadi', 'Salem', 'Tamil Nadu', '33', 'Tamil Nadu', 'IN', '636115', 1, 1),
(30, 30, 'shipping', 'MEDAK', NULL, NULL, 'Medak', 'INDIA', '36', 'TELANGANA', 'IN', '502110', 1, 1),
(31, 31, 'shipping', 'Old Warangal Bypass Road,', NULL, 'Behind hp petrol lane', 'Edulapuram', 'India', '36', 'Telangana', 'IN', '507002', 1, 1),
(32, 32, 'shipping', 'No.405,Road Street,', NULL, 'Melpakkam', 'Arakkonam', 'India', '33', 'Tamil Nadu', 'IN', '631002', 1, 1),
(33, 33, 'shipping', 'Sri Srinivasa Electricals opp New Bustand Gadwal,', NULL, '(M),Jogulaba Gadwa(D)', 'Telangana Gadwal', 'India', '36', 'Telangana', 'IN', '509125', 1, 1),
(34, 34, 'shipping', 'Artvillage Farm Anandvan Farm Road End', NULL, 'Faridabad', NULL, 'India', '06', 'Haryana', 'IN', '121003', 1, 1),
(35, 35, 'shipping', 'No,519,Kovil Street,T.K. Anna Nagar,', NULL, 'Chengalnattham Post', 'Ranipet', 'India', '33', 'Tamil Nadu', 'IN', NULL, 1, 1),
(36, 36, 'shipping', 'Dakkili Mandalam Chappalapalli Village & Post', NULL, NULL, 'Thirupathi Jilla', 'India', '37', 'Tamil Nadu', 'IN', '524134', 1, 1),
(37, 37, 'shipping', 'Bethastha Calla,No.2,Brittania Nagar,', NULL, 'Veltech Road,Kollumedu,', 'Vellanur,Avadi tk.', 'India', '33', 'Tamil Nadu', 'IN', '600062', 1, 1),
(38, 38, 'shipping', '272', NULL, NULL, 'vellore', NULL, NULL, NULL, 'IN', '635809', 0, 1),
(39, 39, 'billing', '58, Munichalai Road,Near Primary Health centre,', NULL, 'Madurai', NULL, 'madurai', NULL, 'Tamil Nadu', 'IN', '625009', 0, 1),
(40, 40, 'billing', '1, Sevoor', NULL, 'Karunai Nagar', 'Vellore', 'Vellore', NULL, 'Tamil Nadu', 'IN', '632006', 0, 1),
(41, 42, 'other', 'Sumant Building, Dynamic Logistics Trade Park Survey No.78/1 Dighi,', NULL, 'Bhosari Alandi Road', 'Pune', 'India', '27', 'Maharashtra', 'IN', '411015', 1, 1),
(42, 43, 'billing', '1 punyoday Apartment Survey No 26 CTS 1352 Aundh Wakad Road', NULL, 'Pimpri Chinchwad', 'PUNE', 'India', '27', 'Maharashtra', 'IN', '411027', 1, 1),
(43, 44, 'billing', '20-B Gr.Floor, Vijay Chambers', NULL, 'Opp Dreamland Cinema, Lamington Rd', 'Mumbai', 'India', '27', 'Maharashtra', 'IN', '400004', 1, 1),
(44, 45, 'billing', 'No.2 SEEYALLI AMMAN KOVIL STREET', NULL, NULL, 'CHINTHADRIPET', 'INDIA', '33', 'TAMIL NADU', 'IN', '600002', 1, 1),
(45, 46, 'billing', 'No.26A, Meeran Sahip Street,', NULL, 'Mount Road', 'Chennai', 'India', '33', 'Tamil Nadu', 'IN', '600 002', 1, 1),
(46, 41, 'billing', '272', NULL, NULL, 'palligonda', 'vellore', NULL, 'tamilnadu', 'IN', '635809', 0, 1),
(47, 48, 'billing', 'No.241/2A1,Sipcot,Vanapadi,Road,', NULL, 'Near Stahi India', 'Ranipet', 'India', NULL, 'Tamil Nadu', 'IN', '632403', 1, 1);;

INSERT INTO `party_contacts` (`id`, `party_id`, `contact_name`, `designation`, `mobile`, `phone`, `email`, `is_primary`, `is_active`) VALUES
(1, 1, 'R.K.S ENTERPRICES', NULL, NULL, '9866842671', NULL, 0, 1),
(2, 2, 'JAWAGAR MANI', NULL, NULL, '8122023344', NULL, 1, 1),
(3, 3, 'SKYWAYS ELECTRONICS', NULL, NULL, '8897547888', NULL, 1, 1),
(4, 4, 'CLASSIC TRADERS', NULL, NULL, '9597422486', NULL, 1, 1),
(5, 5, 'K.K INDUSTRIAL AUTOMATION', NULL, NULL, '9944458633', NULL, 1, 1),
(6, 7, 'ANNAI ELECTRONICS', NULL, NULL, '9443043278', NULL, 0, 1),
(7, 8, 'PTR ELECTRONICS', NULL, NULL, '9842022624', NULL, 1, 1),
(8, 9, 'R&C ACOUSTIC ELECTRONICS', NULL, NULL, '9677600725', NULL, 1, 1),
(9, 10, 'COUVERY ELECTRONICS', NULL, NULL, '9443635368', NULL, 1, 1),
(10, 11, 'RADIO PALACE', NULL, NULL, '9894533646', NULL, 1, 1),
(11, 12, 'YERUKONDA SOUND SYSTEM', NULL, NULL, '9848873344', NULL, 1, 1),
(12, 13, 'JAYAM ELECTRONICS', NULL, NULL, '9443216166', NULL, 1, 1),
(13, 14, 'PADMA ELECTRONICS', NULL, NULL, '9443227132', NULL, 1, 1),
(14, 15, 'GRAACE AUDIO VISSION', NULL, NULL, '6381255509', NULL, 1, 1),
(15, 16, 'SHANTHI ELECTRONICS', NULL, NULL, '7708818599', NULL, 1, 1),
(16, 17, 'SRI SHARADHA ELECTRONICS', NULL, NULL, '8143835861', NULL, 1, 1),
(17, 18, 'XL ELECTRONICS', NULL, NULL, '9865965296', NULL, 1, 1),
(18, 19, 'DIGITEK ELECTRONICS', NULL, NULL, '7026311751', NULL, 1, 1),
(19, 20, 'K.P BALU ELECTRONIKA', NULL, NULL, '9944185298', NULL, 1, 1),
(20, 21, 'BHARATH ELECTRONICS', NULL, NULL, '9843084434', NULL, 1, 1),
(21, 23, 'ANANTH ELECTRONICS', NULL, NULL, '9848202658', NULL, 1, 1),
(22, 24, 'VENKAT', NULL, NULL, '72004 84865', NULL, 1, 1),
(23, 25, 'UTHAYA PRAKASH', 'PURCHASE', NULL, '9626611788', 'murali.panneerselvam@tdconnex.com', 1, 1),
(24, 26, 'THIRUVEL', 'PURCHASE', NULL, '9884804747', NULL, 1, 1),
(25, 27, 'LEE PRO DIGICARE', NULL, NULL, '9443359694', NULL, 1, 1),
(26, 28, 'V.MOHAN', NULL, NULL, '9442309156', NULL, 1, 1),
(27, 29, 'S.VENKATASAN', NULL, NULL, '9159917944', NULL, 1, 1),
(28, 30, 'LAHARI ELECTRONICS', NULL, NULL, '9440851711', NULL, 1, 1),
(29, 31, 'Ammaji Enterprises', NULL, NULL, '9849337458', NULL, 1, 1),
(30, 32, 'DINESH', NULL, NULL, '9443581214', NULL, 1, 1),
(31, 33, 'K.RAVI', NULL, NULL, '9398945835', NULL, 1, 1),
(32, 34, 'Dinesh Aneja', NULL, NULL, NULL, NULL, 0, 1),
(33, 35, 'MANIKANDAN', NULL, NULL, '9360501141', NULL, 1, 1),
(34, 36, 'VIJAYABASKAR', NULL, NULL, '9490740049', NULL, 1, 1),
(35, 37, 'Ramesh', NULL, NULL, '7200996780', NULL, 1, 1),
(36, 39, 'Lixon', NULL, '9442530062', NULL, NULL, 1, 1),
(37, 40, 'Yuvaraj', 'Marketing', '9443091525', NULL, NULL, 0, 1),
(38, 42, 'MACFOS LIMITED', NULL, NULL, NULL, NULL, 0, 1),
(39, 43, 'HUBTRONICS', NULL, NULL, '02269622847', 'sales@hubtronics.in', 1, 1),
(40, 44, 'STERLING ELECTRONICS', NULL, NULL, '9869610404', 'sanju_sterling@rediffmail.com', 1, 1),
(41, 45, 'OM ELECTRONICS', NULL, NULL, NULL, NULL, 1, 1),
(42, 46, 'MADRAS ELECTRONICS COMPONENTS', NULL, NULL, '42168596', 'mec_chennai@yahoo.co.uk', 1, 1),
(43, 48, 'Therrmo Tec', NULL, '9894201021', NULL, 'therrmotecranipet@gmail.com', 1, 1);;

INSERT INTO `party_gst_details` (`id`, `party_id`, `gstin`, `legal_name`, `trade_name`, `state_code`, `state_name`, `registration_type`, `address_line1`, `address_line2`, `city`, `district`, `postal_code`, `is_default`, `is_active`) VALUES
(1, 1, '37ACRPK6027A1ZO', NULL, NULL, NULL, NULL, 'regular', NULL, NULL, NULL, NULL, NULL, 1, 1),
(2, 2, '33ABMFM22023344', NULL, NULL, NULL, NULL, 'regular', NULL, NULL, NULL, NULL, NULL, 0, 1),
(3, 3, '36AAGFS4164H1Z2', NULL, NULL, NULL, NULL, 'regular', NULL, NULL, NULL, NULL, NULL, 0, 1),
(4, 4, '33AGNPN4597Q1ZD', NULL, NULL, NULL, NULL, 'regular', NULL, NULL, NULL, NULL, NULL, 0, 1),
(5, 5, '33AZXPK7582P1Z6', NULL, NULL, NULL, NULL, 'regular', NULL, NULL, NULL, NULL, NULL, 0, 1),
(6, 7, '34AGJPR9177N1ZF', NULL, NULL, NULL, NULL, 'regular', NULL, NULL, NULL, NULL, NULL, 0, 1),
(7, 8, '33AABPT8385J1Z7', NULL, NULL, NULL, NULL, 'regular', NULL, NULL, NULL, NULL, NULL, 0, 1),
(8, 6, '33CDNPP1727R1ZV', NULL, NULL, NULL, NULL, 'regular', NULL, NULL, NULL, NULL, NULL, 0, 1),
(9, 9, '33ITIPS3667G1Z6', NULL, NULL, NULL, NULL, 'regular', NULL, NULL, NULL, NULL, NULL, 0, 1),
(10, 10, '33GPEOK5047E2Z1', NULL, NULL, NULL, NULL, 'regular', NULL, NULL, NULL, NULL, NULL, 0, 1),
(11, 11, '33ABXPV4535B1ZE', NULL, NULL, NULL, NULL, 'regular', NULL, NULL, NULL, NULL, NULL, 0, 1),
(12, 12, '37AAAFY6861B1Z4', NULL, NULL, NULL, NULL, 'regular', NULL, NULL, NULL, NULL, NULL, 0, 1),
(13, 13, '33ADKPT3078L1Z0', NULL, NULL, NULL, NULL, 'regular', NULL, NULL, NULL, NULL, NULL, 0, 1),
(14, 14, '33AEIPV9328J1ZX', NULL, NULL, NULL, NULL, 'regular', NULL, NULL, NULL, NULL, NULL, 0, 1),
(15, 15, '33ANLPA7340M1ZY', NULL, NULL, NULL, NULL, 'regular', NULL, NULL, NULL, NULL, NULL, 0, 1),
(16, 16, '33CVEPS6072H1ZD', NULL, NULL, NULL, NULL, 'regular', NULL, NULL, NULL, NULL, NULL, 0, 1),
(17, 17, '33ABKCS2354K1Z5', NULL, NULL, NULL, NULL, 'regular', NULL, NULL, NULL, NULL, NULL, 0, 1),
(18, 18, '33BIVPK0449M1ZR', NULL, NULL, NULL, NULL, 'regular', NULL, NULL, NULL, NULL, NULL, 0, 1),
(19, 23, '37AFTPG1719C1ZJ', NULL, NULL, NULL, NULL, 'regular', NULL, NULL, NULL, NULL, NULL, 1, 1),
(20, 25, '33AAKCT1384M1ZY', NULL, NULL, NULL, NULL, 'regular', NULL, NULL, NULL, NULL, NULL, 1, 1),
(21, 26, '33AAFCJ4873L1Z7', NULL, NULL, NULL, NULL, 'regular', NULL, NULL, NULL, NULL, NULL, 0, 1),
(22, 42, '27AALCM3536H1ZA', NULL, NULL, NULL, NULL, 'regular', NULL, NULL, NULL, NULL, NULL, 1, 1),
(23, 43, '27CXIPS5926C1Z7', NULL, NULL, NULL, NULL, 'regular', NULL, NULL, NULL, NULL, NULL, 1, 1),
(24, 44, '27AELPJ3126R1ZZ', NULL, NULL, NULL, NULL, 'regular', NULL, NULL, NULL, NULL, NULL, 1, 1),
(25, 45, '33AABPK3101B1ZT', 'OM ELECTRONICS', 'OM ELECTRONICS', '33', 'TAMIL NADU', 'regular', 'No.2 SEEYALLI AMMAN KOVIL STREET', NULL, 'CHNTHADRIPET', 'INDIA', '600002', 1, 1),
(26, 46, '33AAMFM9988P1Z1', 'MADRAS ELECTRONICS COMPONENTS', 'MADRAS ELECTRONICS COMPONENTS', '33', 'Tamil Nadu', 'regular', 'No.26A, Meeran Sahip Street,Mount Road', NULL, 'Chennai', 'India', '600002', 1, 1),
(27, 48, '33ADZPN4318E1ZD', NULL, NULL, NULL, NULL, 'regular', NULL, NULL, NULL, NULL, NULL, 0, 1);;

INSERT INTO `party_payment_terms` (`id`, `party_id`, `term_name`, `days`, `due_basis`, `remarks`, `is_default`, `is_active`) VALUES
(1, 39, 'Quotation', 0, 'invoice_date', NULL, 0, 1);;

INSERT INTO `party_roles` (`id`, `party_id`, `party_type_id`, `is_active`) VALUES
(1, 1, 1, 1),
(2, 2, 1, 1),
(3, 3, 1, 1),
(4, 4, 1, 1),
(5, 5, 1, 1),
(6, 6, 1, 1),
(7, 7, 1, 1),
(8, 8, 1, 1),
(9, 9, 1, 1),
(10, 10, 1, 1),
(11, 11, 1, 1),
(12, 12, 1, 1),
(13, 13, 1, 1),
(14, 14, 1, 1),
(15, 15, 1, 1),
(16, 16, 1, 1),
(17, 17, 1, 1),
(18, 18, 1, 1),
(19, 19, 1, 1),
(20, 20, 1, 1),
(21, 21, 1, 1),
(22, 22, 1, 1),
(23, 23, 1, 1),
(24, 24, 1, 1),
(25, 25, 1, 1),
(26, 26, 1, 1),
(27, 27, 1, 1),
(28, 28, 1, 1),
(29, 29, 1, 1),
(30, 30, 1, 1),
(31, 31, 1, 1),
(32, 32, 1, 1),
(33, 33, 1, 1),
(34, 34, 1, 1),
(35, 35, 1, 1),
(36, 36, 1, 1),
(37, 37, 1, 1),
(38, 38, 1, 1),
(39, 39, 1, 1),
(40, 40, 1, 1),
(41, 41, 1, 1),
(42, 42, 2, 1),
(43, 43, 2, 1),
(44, 44, 2, 1),
(45, 45, 2, 1),
(46, 46, 2, 1),
(47, 47, 2, 1),
(48, 48, 2, 1);;

INSERT INTO `party_types` (`id`, `code`, `name`, `is_system`, `is_active`) VALUES
(1, 'CUSTOMER', 'Customer', 1, 1),
(2, 'SUPPLIER', 'Supplier', 1, 1),
(3, 'JOB_WORKER', 'Job Worker', 1, 1),
(4, 'TRANSPORTER', 'Transporter', 1, 1),
(5, 'GENERAL', 'General', 1, 1);;

INSERT INTO `payroll_runs` (`id`, `company_id`, `payroll_month`, `payroll_year`, `run_date`, `status`, `voucher_id`, `created_by`) VALUES
(1, 1, 5, 2026, '2026-05-27', 'draft', NULL, 2);;

INSERT INTO `permissions` (`id`, `module`, `code`, `name`, `description`, `is_system_permission`, `is_active`, `created_by`, `updated_by`, `created_at`, `updated_at`) VALUES
(1, 'user', 'user.access', 'User Management', 'Manage user access and maintenance', 1, 1, NULL, NULL, '2026-05-05 11:01:42', '2026-05-05 11:01:42'),
(2, 'role', 'role.access', 'Role Management', 'Manage roles and role assignments', 1, 1, NULL, NULL, '2026-05-05 11:01:42', '2026-05-05 11:01:42'),
(3, 'permission', 'permission.access', 'Permission Management', 'Manage permission master and mapping', 1, 1, NULL, NULL, '2026-05-05 11:01:42', '2026-05-05 11:01:42'),
(4, 'company', 'company.access', 'Company', 'Manage company master', 1, 1, NULL, NULL, '2026-05-05 11:01:42', '2026-05-05 11:01:42'),
(5, 'branch', 'branch.access', 'Branch', 'Manage branch master', 1, 1, NULL, NULL, '2026-05-05 11:01:42', '2026-05-05 11:01:42'),
(6, 'business_location', 'business_location.access', 'Business Location', 'Manage business location master', 1, 1, NULL, NULL, '2026-05-05 11:01:42', '2026-05-05 11:01:42'),
(7, 'warehouse', 'warehouse.access', 'Warehouse', 'Manage warehouse master', 1, 1, NULL, NULL, '2026-05-05 11:01:42', '2026-05-05 11:01:42'),
(8, 'financial_year', 'financial_year.access', 'Financial Year', 'Manage financial year master', 1, 1, NULL, NULL, '2026-05-05 11:01:42', '2026-05-05 11:01:42'),
(9, 'document_series', 'document_series.access', 'Document Series', 'Manage document series master', 1, 1, NULL, NULL, '2026-05-05 11:01:42', '2026-05-05 11:01:42'),
(10, 'uom', 'uom.access', 'UOM', 'Manage UOM master', 1, 1, NULL, NULL, '2026-05-05 11:01:42', '2026-05-05 11:01:42'),
(11, 'tax_code', 'tax_code.access', 'Tax Code', 'Manage tax code master', 1, 1, NULL, NULL, '2026-05-05 11:01:42', '2026-05-05 11:01:42'),
(12, 'item_category', 'item_category.access', 'Item Category', 'Manage item category master', 1, 1, NULL, NULL, '2026-05-05 11:01:42', '2026-05-05 11:01:42'),
(13, 'item', 'item.access', 'Item', 'Manage item master', 1, 1, NULL, NULL, '2026-05-05 11:01:42', '2026-05-05 11:01:42'),
(14, 'party_type', 'party_type.access', 'Party Type', 'Manage party type master', 1, 1, NULL, NULL, '2026-05-05 11:01:42', '2026-05-05 11:01:42'),
(15, 'party', 'party.access', 'Party', 'Manage party master and related details', 1, 1, NULL, NULL, '2026-05-05 11:01:42', '2026-05-05 11:01:42'),
(16, 'accounts', 'accounts.access', 'Accounts', 'Manage accounting module operations', 1, 1, NULL, NULL, '2026-05-05 11:01:42', '2026-05-05 11:01:42'),
(17, 'asset', 'asset.access', 'Asset', 'Manage asset module operations', 1, 1, NULL, NULL, '2026-05-05 11:01:42', '2026-05-05 11:01:42'),
(18, 'taxes', 'taxes.access', 'Taxes', 'Manage tax module operations', 1, 1, NULL, NULL, '2026-05-05 11:01:42', '2026-05-05 11:01:42'),
(19, 'inventory', 'inventory.access', 'Inventory', 'Manage inventory module operations', 1, 1, NULL, NULL, '2026-05-05 11:01:42', '2026-05-05 11:01:42'),
(20, 'maintenance', 'maintenance.access', 'Maintenance', 'Manage maintenance module operations', 1, 1, NULL, NULL, '2026-05-05 11:01:42', '2026-05-05 11:01:42'),
(21, 'manufacturing', 'manufacturing.access', 'Manufacturing', 'Manage manufacturing module operations', 1, 1, NULL, NULL, '2026-05-05 11:01:42', '2026-05-05 11:01:42'),
(22, 'jobwork', 'jobwork.access', 'Jobwork', 'Manage jobwork module operations', 1, 1, NULL, NULL, '2026-05-05 11:01:42', '2026-05-05 11:01:42'),
(23, 'quality', 'quality.access', 'Quality', 'Manage quality module operations', 1, 1, NULL, NULL, '2026-05-05 11:01:42', '2026-05-05 11:01:42'),
(24, 'mrp', 'mrp.access', 'MRP', 'Manage planning and MRP module operations', 1, 1, NULL, NULL, '2026-05-05 11:01:42', '2026-05-05 11:01:42'),
(25, 'service', 'service.access', 'Service', 'Manage service module operations', 1, 1, NULL, NULL, '2026-05-05 11:01:42', '2026-05-05 11:01:42'),
(26, 'crm', 'crm.access', 'CRM', 'Manage CRM module operations', 1, 1, NULL, NULL, '2026-05-05 11:01:42', '2026-05-05 11:01:42'),
(27, 'hr', 'hr.access', 'HR', 'Manage HR, payroll, and leave module operations', 1, 1, NULL, NULL, '2026-05-05 11:01:42', '2026-05-05 11:01:42'),
(28, 'project', 'project.access', 'Project', 'Manage project planning, costing, and billing operations', 1, 1, NULL, NULL, '2026-05-05 11:01:42', '2026-05-05 11:01:42'),
(29, 'communication', 'communication.access', 'Communication', 'Manage email communication, templates, rules, and delivery logs', 1, 1, NULL, NULL, '2026-05-05 11:01:42', '2026-05-05 11:01:42'),
(30, 'media', 'media.access', 'Media Library', 'Manage uploaded images, logos, and document media files', 1, 1, NULL, NULL, '2026-05-05 11:01:42', '2026-05-05 11:01:42'),
(31, 'sales', 'sales.access', 'Sales', 'Manage sales module operations', 1, 1, NULL, NULL, '2026-05-05 11:01:42', '2026-05-05 11:01:42'),
(32, 'purchase', 'purchase.access', 'Purchase', 'Manage purchase module operations', 1, 1, NULL, NULL, '2026-05-05 11:01:42', '2026-05-05 11:01:42');;

INSERT INTO `posting_rules` (`id`, `posting_rule_group_id`, `line_no`, `entry_side`, `account_source_type`, `fixed_account_id`, `amount_source`, `narration_template`, `priority_order`, `is_active`, `created_by`, `updated_by`, `created_at`, `updated_at`) VALUES
(1, 1, 1, 'debit', 'customer_control_account', NULL, 'total_amount', 'Sales Invoice Customer Debit', 1, 1, NULL, 2, '2026-05-05 11:01:43', '2026-06-01 05:18:24'),
(2, 1, 2, 'credit', 'item_sales_account', NULL, 'taxable_amount', 'Sales Revenue Credit', 2, 1, NULL, NULL, '2026-05-05 11:01:43', '2026-05-05 11:01:43'),
(3, 1, 3, 'credit', 'tax_output_cgst_account', NULL, 'cgst_amount', 'Output CGST Credit', 3, 1, NULL, NULL, '2026-05-05 11:01:43', '2026-05-05 11:01:43'),
(4, 1, 4, 'credit', 'tax_output_sgst_account', NULL, 'sgst_amount', 'Output SGST Credit', 4, 1, NULL, NULL, '2026-05-05 11:01:43', '2026-05-05 11:01:43'),
(5, 1, 5, 'credit', 'tax_output_igst_account', NULL, 'igst_amount', 'Output IGST Credit', 5, 1, NULL, NULL, '2026-05-05 11:01:43', '2026-05-05 11:01:43'),
(6, 2, 1, 'debit', 'cash_bank_account', NULL, 'paid_amount', 'Cash/Bank Debit', 1, 1, NULL, NULL, '2026-05-05 11:01:43', '2026-05-05 11:01:43'),
(7, 2, 2, 'credit', 'customer_control_account', NULL, 'paid_amount', 'Customer Credit', 2, 1, NULL, NULL, '2026-05-05 11:01:43', '2026-05-05 11:01:43'),
(8, 3, 1, 'debit', 'returns_account', NULL, 'taxable_amount', 'Sales Return Debit', 1, 1, NULL, NULL, '2026-05-05 11:01:43', '2026-05-05 11:01:43'),
(9, 3, 2, 'debit', 'tax_output_cgst_account', NULL, 'cgst_amount', 'Output CGST Reversal', 2, 1, NULL, NULL, '2026-05-05 11:01:43', '2026-05-05 11:01:43'),
(10, 3, 3, 'debit', 'tax_output_sgst_account', NULL, 'sgst_amount', 'Output SGST Reversal', 3, 1, NULL, NULL, '2026-05-05 11:01:43', '2026-05-05 11:01:43'),
(11, 3, 4, 'debit', 'tax_output_igst_account', NULL, 'igst_amount', 'Output IGST Reversal', 4, 1, NULL, NULL, '2026-05-05 11:01:43', '2026-05-05 11:01:43'),
(12, 3, 5, 'credit', 'customer_control_account', NULL, 'total_amount', 'Customer Credit Reduction', 5, 1, NULL, NULL, '2026-05-05 11:01:43', '2026-05-05 11:01:43'),
(13, 4, 1, 'debit', 'item_purchase_account', NULL, 'taxable_amount', 'Purchase Debit', 1, 1, NULL, NULL, '2026-05-05 11:01:43', '2026-05-05 11:01:43'),
(14, 4, 2, 'debit', 'tax_input_cgst_account', NULL, 'cgst_amount', 'Input CGST Debit', 2, 1, NULL, NULL, '2026-05-05 11:01:43', '2026-05-05 11:01:43'),
(15, 4, 3, 'debit', 'tax_input_sgst_account', NULL, 'sgst_amount', 'Input SGST Debit', 3, 1, NULL, NULL, '2026-05-05 11:01:43', '2026-05-05 11:01:43'),
(16, 4, 4, 'debit', 'tax_input_igst_account', NULL, 'igst_amount', 'Input IGST Debit', 4, 1, NULL, NULL, '2026-05-05 11:01:43', '2026-05-05 11:01:43'),
(17, 4, 5, 'credit', 'supplier_control_account', NULL, 'total_amount', 'Supplier Credit', 5, 1, NULL, NULL, '2026-05-05 11:01:43', '2026-05-05 11:01:43'),
(18, 5, 1, 'debit', 'supplier_control_account', NULL, 'paid_amount', 'Supplier Debit', 1, 1, NULL, NULL, '2026-05-05 11:01:43', '2026-05-05 11:01:43'),
(19, 5, 2, 'credit', 'cash_bank_account', NULL, 'paid_amount', 'Cash/Bank Credit', 2, 1, NULL, NULL, '2026-05-05 11:01:43', '2026-05-05 11:01:43'),
(20, 6, 1, 'debit', 'supplier_control_account', NULL, 'total_amount', 'Supplier Debit Reduction', 1, 1, NULL, NULL, '2026-05-05 11:01:43', '2026-05-05 11:01:43'),
(21, 6, 2, 'credit', 'returns_account', NULL, 'taxable_amount', 'Purchase Return Credit', 2, 1, NULL, NULL, '2026-05-05 11:01:43', '2026-05-05 11:01:43'),
(22, 6, 3, 'credit', 'tax_input_cgst_account', NULL, 'cgst_amount', 'Input CGST Reversal', 3, 1, NULL, NULL, '2026-05-05 11:01:43', '2026-05-05 11:01:43'),
(23, 6, 4, 'credit', 'tax_input_sgst_account', NULL, 'sgst_amount', 'Input SGST Reversal', 4, 1, NULL, NULL, '2026-05-05 11:01:43', '2026-05-05 11:01:43'),
(24, 6, 5, 'credit', 'tax_input_igst_account', NULL, 'igst_amount', 'Input IGST Reversal', 5, 1, NULL, NULL, '2026-05-05 11:01:43', '2026-05-05 11:01:43');;

INSERT INTO `posting_rule_groups` (`id`, `group_code`, `group_name`, `document_type`, `trigger_event`, `description`, `is_active`, `created_by`, `updated_by`, `created_at`, `updated_at`) VALUES
(1, 'SALES_INVOICE_POST', 'Sales Invoice Posting', 'SALES_INVOICE', 'on_post', 'Posting rules for sales invoice', 1, NULL, NULL, '2026-05-05 11:01:43', '2026-05-05 11:01:43'),
(2, 'SALES_RECEIPT_POST', 'Sales Receipt Posting', 'SALES_RECEIPT', 'on_post', 'Posting rules for sales receipt', 1, NULL, NULL, '2026-05-05 11:01:43', '2026-05-05 11:01:43'),
(3, 'SALES_RETURN_POST', 'Sales Return Posting', 'SALES_RETURN', 'on_post', 'Posting rules for sales return', 1, NULL, NULL, '2026-05-05 11:01:43', '2026-05-05 11:01:43'),
(4, 'PURCHASE_INVOICE_POST', 'Purchase Invoice Posting', 'PURCHASE_INVOICE', 'on_post', 'Posting rules for purchase invoice', 1, NULL, NULL, '2026-05-05 11:01:43', '2026-05-05 11:01:43'),
(5, 'PURCHASE_PAYMENT_POST', 'Purchase Payment Posting', 'PURCHASE_PAYMENT', 'on_post', 'Posting rules for purchase payment', 1, NULL, NULL, '2026-05-05 11:01:43', '2026-05-05 11:01:43'),
(6, 'PURCHASE_RETURN_POST', 'Purchase Return Posting', 'PURCHASE_RETURN', 'on_post', 'Posting rules for purchase return', 1, NULL, NULL, '2026-05-05 11:01:43', '2026-05-05 11:01:43');;

INSERT INTO `print_templates` (`id`, `document_type`, `template_data`, `is_active`, `created_at`, `updated_at`) VALUES
(1, 'sales_quotation', '{\"pageWidth\":595,\"pageHeight\":842,\"backgroundImagePath\":null,\"backgroundOpacity\":0.18,\"mediaPreset\":\"A4\",\"orientation\":\"portrait\",\"gridSize\":8,\"showGrid\":false,\"shapes\":[{\"id\":\"pbs-outer-border\",\"type\":\"rectangle\",\"x\":29,\"y\":28,\"width\":537,\"height\":786,\"text\":\"\",\"align\":\"left\",\"fontSize\":12,\"bold\":false,\"italic\":false,\"underline\":false,\"multiline\":false,\"strokeColor\":4282156725,\"bodyTextColor\":4282156725,\"fillColor\":4294967295,\"fillAlpha\":0,\"strokeWidth\":1,\"borderRadius\":0,\"headerColor\":4294047225,\"headerTextColor\":4279310375,\"dataPath\":\"lines\",\"rowHeight\":30,\"titleHeight\":30,\"cellGap\":6,\"printHeader\":true,\"printTotal\":false,\"assetPath\":\"{{company_logo_url}}\",\"sides\":5,\"barcodeType\":\"code128\",\"columns\":[]},{\"id\":\"text-doc-type\",\"type\":\"text\",\"x\":102.35546875,\"y\":34.40234375,\"width\":160,\"height\":18,\"text\":\"QUOTATION\",\"align\":\"center\",\"fontSize\":11,\"bold\":true,\"italic\":false,\"underline\":false,\"multiline\":false,\"strokeColor\":4279310375,\"bodyTextColor\":4279310375,\"fillColor\":4294967295,\"fillAlpha\":0,\"strokeWidth\":1,\"borderRadius\":0,\"headerColor\":4294047225,\"headerTextColor\":4279310375,\"dataPath\":\"lines\",\"rowHeight\":30,\"titleHeight\":30,\"cellGap\":6,\"printHeader\":true,\"printTotal\":false,\"assetPath\":\"{{company_logo_url}}\",\"sides\":5,\"barcodeType\":\"code128\",\"columns\":[]},{\"id\":\"gstin-label\",\"type\":\"text\",\"x\":368,\"y\":32,\"width\":42,\"height\":18,\"text\":\"GSTIN :\",\"align\":\"left\",\"fontSize\":9,\"bold\":false,\"italic\":false,\"underline\":false,\"multiline\":false,\"strokeColor\":4281811281,\"bodyTextColor\":4281811281,\"fillColor\":4294967295,\"fillAlpha\":0,\"strokeWidth\":1,\"borderRadius\":0,\"headerColor\":4294047225,\"headerTextColor\":4279310375,\"dataPath\":\"lines\",\"rowHeight\":30,\"titleHeight\":30,\"cellGap\":6,\"printHeader\":true,\"printTotal\":false,\"assetPath\":\"{{company_logo_url}}\",\"sides\":5,\"barcodeType\":\"code128\",\"columns\":[]},{\"id\":\"gstin-value\",\"type\":\"text\",\"x\":412,\"y\":32,\"width\":148,\"height\":18,\"text\":\"{{company_gstin}}\",\"align\":\"left\",\"fontSize\":9,\"bold\":true,\"italic\":false,\"underline\":false,\"multiline\":false,\"strokeColor\":4279310375,\"bodyTextColor\":4279310375,\"fillColor\":4294967295,\"fillAlpha\":0,\"strokeWidth\":1,\"borderRadius\":0,\"headerColor\":4294047225,\"headerTextColor\":4279310375,\"dataPath\":\"lines\",\"rowHeight\":30,\"titleHeight\":30,\"cellGap\":6,\"printHeader\":true,\"printTotal\":false,\"assetPath\":\"{{company_logo_url}}\",\"sides\":5,\"barcodeType\":\"code128\",\"columns\":[]},{\"id\":\"header-top-divider\",\"type\":\"line\",\"x\":29,\"y\":54,\"width\":537,\"height\":0,\"text\":\"\",\"align\":\"left\",\"fontSize\":12,\"bold\":false,\"italic\":false,\"underline\":false,\"multiline\":false,\"strokeColor\":4289111718,\"bodyTextColor\":4289111718,\"fillColor\":4294967295,\"fillAlpha\":0,\"strokeWidth\":1,\"borderRadius\":0,\"headerColor\":4294047225,\"headerTextColor\":4279310375,\"dataPath\":\"lines\",\"rowHeight\":30,\"titleHeight\":30,\"cellGap\":6,\"printHeader\":true,\"printTotal\":false,\"assetPath\":\"{{company_logo_url}}\",\"sides\":5,\"barcodeType\":\"code128\",\"columns\":[]},{\"id\":\"company-logo\",\"type\":\"image\",\"x\":35.125,\"y\":56.14453125,\"width\":68.8515625,\"height\":65.453125,\"text\":\"\",\"align\":\"left\",\"fontSize\":12,\"bold\":false,\"italic\":false,\"underline\":false,\"multiline\":false,\"strokeColor\":4279310375,\"bodyTextColor\":4279310375,\"fillColor\":4294967295,\"fillAlpha\":0,\"strokeWidth\":0,\"borderRadius\":0,\"headerColor\":4294047225,\"headerTextColor\":4279310375,\"dataPath\":\"lines\",\"rowHeight\":30,\"titleHeight\":30,\"cellGap\":6,\"printHeader\":true,\"printTotal\":false,\"assetPath\":\"https:\\/\\/bill.sakthicontroller.com\\/api\\/public\\/api\\/v1\\/public\\/media\\/file?path=uploads%2Fprint-templates%2F2026%2F05%2F001be57a-4299-4605-9c62-25972b1ced35.png\",\"sides\":5,\"barcodeType\":\"code128\",\"columns\":[]},{\"id\":\"company-address\",\"type\":\"text\",\"x\":49.7734375,\"y\":144.796875,\"width\":208.05859375,\"height\":17.8125,\"text\":\"Cell : 9443036233, 9597773302\",\"align\":\"left\",\"fontSize\":10,\"bold\":false,\"italic\":false,\"underline\":false,\"multiline\":true,\"strokeColor\":4281811281,\"bodyTextColor\":4281811281,\"fillColor\":4294967295,\"fillAlpha\":0,\"strokeWidth\":1,\"borderRadius\":0,\"headerColor\":4294047225,\"headerTextColor\":4279310375,\"dataPath\":\"lines\",\"rowHeight\":30,\"titleHeight\":30,\"cellGap\":6,\"printHeader\":true,\"printTotal\":false,\"assetPath\":\"{{company_logo_url}}\",\"sides\":5,\"barcodeType\":\"code128\",\"columns\":[]},{\"id\":\"header-vertical-divider\",\"type\":\"line\",\"x\":327,\"y\":28,\"width\":0,\"height\":152,\"text\":\"\",\"align\":\"left\",\"fontSize\":12,\"bold\":false,\"italic\":false,\"underline\":false,\"multiline\":false,\"strokeColor\":4289111718,\"bodyTextColor\":4289111718,\"fillColor\":4294967295,\"fillAlpha\":0,\"strokeWidth\":1,\"borderRadius\":0,\"headerColor\":4294047225,\"headerTextColor\":4279310375,\"dataPath\":\"lines\",\"rowHeight\":30,\"titleHeight\":30,\"cellGap\":6,\"printHeader\":true,\"printTotal\":false,\"assetPath\":\"{{company_logo_url}}\",\"sides\":5,\"barcodeType\":\"code128\",\"columns\":[]},{\"id\":\"customer-label\",\"type\":\"text\",\"x\":334,\"y\":58,\"width\":230,\"height\":16,\"text\":\"Customer\",\"align\":\"left\",\"fontSize\":9,\"bold\":true,\"italic\":false,\"underline\":false,\"multiline\":false,\"strokeColor\":4281811281,\"bodyTextColor\":4281811281,\"fillColor\":4294967295,\"fillAlpha\":0,\"strokeWidth\":1,\"borderRadius\":0,\"headerColor\":4294047225,\"headerTextColor\":4279310375,\"dataPath\":\"lines\",\"rowHeight\":30,\"titleHeight\":30,\"cellGap\":6,\"printHeader\":true,\"printTotal\":false,\"assetPath\":\"{{company_logo_url}}\",\"sides\":5,\"barcodeType\":\"code128\",\"columns\":[]},{\"id\":\"party-text\",\"type\":\"text\",\"x\":334,\"y\":76,\"width\":228,\"height\":64,\"text\":\"{{party_name}}\\n{{party_address}}\\n{{party_contact}}\",\"align\":\"left\",\"fontSize\":9,\"bold\":false,\"italic\":false,\"underline\":false,\"multiline\":true,\"strokeColor\":4279310375,\"bodyTextColor\":4279310375,\"fillColor\":4294967295,\"fillAlpha\":0,\"strokeWidth\":1,\"borderRadius\":0,\"headerColor\":4294047225,\"headerTextColor\":4279310375,\"dataPath\":\"lines\",\"rowHeight\":30,\"titleHeight\":30,\"cellGap\":6,\"printHeader\":true,\"printTotal\":false,\"assetPath\":\"{{company_logo_url}}\",\"sides\":5,\"barcodeType\":\"code128\",\"columns\":[]},{\"id\":\"customer-gstn-label\",\"type\":\"text\",\"x\":335.6328125,\"y\":142.96484375,\"width\":186.5859375,\"height\":16.8125,\"text\":\"Customer GSTN :{{party_gstin}}\",\"align\":\"left\",\"fontSize\":9,\"bold\":false,\"italic\":false,\"underline\":false,\"multiline\":true,\"strokeColor\":4281811281,\"bodyTextColor\":4281811281,\"fillColor\":4294967295,\"fillAlpha\":0,\"strokeWidth\":1,\"borderRadius\":0,\"headerColor\":4294047225,\"headerTextColor\":4279310375,\"dataPath\":\"lines\",\"rowHeight\":30,\"titleHeight\":30,\"cellGap\":6,\"printHeader\":true,\"printTotal\":false,\"assetPath\":\"{{company_logo_url}}\",\"sides\":5,\"barcodeType\":\"code128\",\"columns\":[]},{\"id\":\"header-divider\",\"type\":\"line\",\"x\":29,\"y\":180,\"width\":537,\"height\":0,\"text\":\"\",\"align\":\"left\",\"fontSize\":12,\"bold\":false,\"italic\":false,\"underline\":false,\"multiline\":false,\"strokeColor\":4289111718,\"bodyTextColor\":4289111718,\"fillColor\":4294967295,\"fillAlpha\":0,\"strokeWidth\":1,\"borderRadius\":0,\"headerColor\":4294047225,\"headerTextColor\":4279310375,\"dataPath\":\"lines\",\"rowHeight\":30,\"titleHeight\":30,\"cellGap\":6,\"printHeader\":true,\"printTotal\":false,\"assetPath\":\"{{company_logo_url}}\",\"sides\":5,\"barcodeType\":\"code128\",\"columns\":[]},{\"id\":\"doc-no-label\",\"type\":\"text\",\"x\":47.73828125,\"y\":185.20703125,\"width\":50,\"height\":16,\"text\":\"Doc No :\",\"align\":\"left\",\"fontSize\":9,\"bold\":false,\"italic\":false,\"underline\":false,\"multiline\":false,\"strokeColor\":4281811281,\"bodyTextColor\":4281811281,\"fillColor\":4294967295,\"fillAlpha\":0,\"strokeWidth\":1,\"borderRadius\":0,\"headerColor\":4294047225,\"headerTextColor\":4279310375,\"dataPath\":\"lines\",\"rowHeight\":30,\"titleHeight\":30,\"cellGap\":6,\"printHeader\":true,\"printTotal\":false,\"assetPath\":\"{{company_logo_url}}\",\"sides\":5,\"barcodeType\":\"code128\",\"columns\":[]},{\"id\":\"doc-no-value\",\"type\":\"text\",\"x\":89.390625,\"y\":186.2109375,\"width\":110,\"height\":16,\"text\":\"{{document_number}}\",\"align\":\"left\",\"fontSize\":9,\"bold\":true,\"italic\":false,\"underline\":false,\"multiline\":false,\"strokeColor\":4279310375,\"bodyTextColor\":4279310375,\"fillColor\":4294967295,\"fillAlpha\":0,\"strokeWidth\":1,\"borderRadius\":0,\"headerColor\":4294047225,\"headerTextColor\":4279310375,\"dataPath\":\"lines\",\"rowHeight\":30,\"titleHeight\":30,\"cellGap\":6,\"printHeader\":true,\"printTotal\":false,\"assetPath\":\"{{company_logo_url}}\",\"sides\":5,\"barcodeType\":\"code128\",\"columns\":[]},{\"id\":\"date-label\",\"type\":\"text\",\"x\":222,\"y\":186.03125,\"width\":35,\"height\":16,\"text\":\"Date :\",\"align\":\"left\",\"fontSize\":9,\"bold\":false,\"italic\":false,\"underline\":false,\"multiline\":false,\"strokeColor\":4281811281,\"bodyTextColor\":4281811281,\"fillColor\":4294967295,\"fillAlpha\":0,\"strokeWidth\":1,\"borderRadius\":0,\"headerColor\":4294047225,\"headerTextColor\":4279310375,\"dataPath\":\"lines\",\"rowHeight\":30,\"titleHeight\":30,\"cellGap\":6,\"printHeader\":true,\"printTotal\":false,\"assetPath\":\"{{company_logo_url}}\",\"sides\":5,\"barcodeType\":\"code128\",\"columns\":[]},{\"id\":\"date-value\",\"type\":\"text\",\"x\":251.26171875,\"y\":186.4296875,\"width\":78,\"height\":16,\"text\":\"{{document_date}}\",\"align\":\"left\",\"fontSize\":9,\"bold\":true,\"italic\":false,\"underline\":false,\"multiline\":false,\"strokeColor\":4279310375,\"bodyTextColor\":4279310375,\"fillColor\":4294967295,\"fillAlpha\":0,\"strokeWidth\":1,\"borderRadius\":0,\"headerColor\":4294047225,\"headerTextColor\":4279310375,\"dataPath\":\"lines\",\"rowHeight\":30,\"titleHeight\":30,\"cellGap\":6,\"printHeader\":true,\"printTotal\":false,\"assetPath\":\"{{company_logo_url}}\",\"sides\":5,\"barcodeType\":\"code128\",\"columns\":[]},{\"id\":\"ref-label\",\"type\":\"text\",\"x\":354.8125,\"y\":186.234375,\"width\":68.22265625,\"height\":16,\"text\":\"P.O Number:\",\"align\":\"left\",\"fontSize\":9,\"bold\":false,\"italic\":false,\"underline\":false,\"multiline\":true,\"strokeColor\":4281811281,\"bodyTextColor\":4281811281,\"fillColor\":4294967295,\"fillAlpha\":0,\"strokeWidth\":1,\"borderRadius\":0,\"headerColor\":4294047225,\"headerTextColor\":4279310375,\"dataPath\":\"lines\",\"rowHeight\":30,\"titleHeight\":30,\"cellGap\":6,\"printHeader\":true,\"printTotal\":false,\"assetPath\":\"{{company_logo_url}}\",\"sides\":5,\"barcodeType\":\"code128\",\"columns\":[]},{\"id\":\"ref-value\",\"type\":\"text\",\"x\":409.68359375,\"y\":187.29296875,\"width\":69.37890625,\"height\":16,\"text\":\"{{reference_number}}\",\"align\":\"left\",\"fontSize\":9,\"bold\":false,\"italic\":false,\"underline\":false,\"multiline\":false,\"strokeColor\":4279310375,\"bodyTextColor\":4279310375,\"fillColor\":4294967295,\"fillAlpha\":0,\"strokeWidth\":1,\"borderRadius\":0,\"headerColor\":4294047225,\"headerTextColor\":4279310375,\"dataPath\":\"lines\",\"rowHeight\":30,\"titleHeight\":30,\"cellGap\":6,\"printHeader\":true,\"printTotal\":false,\"assetPath\":\"{{company_logo_url}}\",\"sides\":5,\"barcodeType\":\"code128\",\"columns\":[]},{\"id\":\"lines-table\",\"type\":\"table\",\"x\":29,\"y\":204,\"width\":537,\"height\":365,\"text\":\"\",\"align\":\"left\",\"fontSize\":12,\"bold\":false,\"italic\":false,\"underline\":false,\"multiline\":false,\"strokeColor\":4282156725,\"bodyTextColor\":4279310375,\"fillColor\":4294967295,\"fillAlpha\":0,\"strokeWidth\":1,\"borderRadius\":0,\"headerColor\":4289581296,\"headerTextColor\":4279310375,\"dataPath\":\"lines\",\"rowHeight\":26,\"titleHeight\":22,\"cellGap\":4,\"printHeader\":true,\"printTotal\":true,\"assetPath\":\"{{company_logo_url}}\",\"sides\":5,\"barcodeType\":\"code128\",\"columns\":[{\"key\":\"item_name\",\"label\":\"Item\",\"widthFactor\":4.5,\"align\":\"left\",\"titleAlign\":\"center\",\"totalColumn\":false},{\"key\":\"qty\",\"label\":\"Qty\",\"widthFactor\":1,\"align\":\"center\",\"titleAlign\":\"center\",\"totalColumn\":false},{\"key\":\"rate\",\"label\":\"Price\",\"widthFactor\":1.5,\"align\":\"center\",\"titleAlign\":\"center\",\"totalColumn\":false},{\"key\":\"tax_amount\",\"label\":\"Tax\",\"widthFactor\":1.5,\"align\":\"center\",\"titleAlign\":\"center\",\"totalColumn\":true},{\"key\":\"line_total\",\"label\":\"Amount\",\"widthFactor\":1.5,\"align\":\"center\",\"titleAlign\":\"center\",\"totalColumn\":true}]},{\"id\":\"amount-words-label\",\"type\":\"text\",\"x\":33.859375,\"y\":577.37890625,\"width\":89,\"height\":14,\"text\":\"Amount in Words:\",\"align\":\"left\",\"fontSize\":9,\"bold\":false,\"italic\":false,\"underline\":false,\"multiline\":false,\"strokeColor\":4281811281,\"bodyTextColor\":4281811281,\"fillColor\":4294967295,\"fillAlpha\":0,\"strokeWidth\":1,\"borderRadius\":0,\"headerColor\":4294047225,\"headerTextColor\":4279310375,\"dataPath\":\"lines\",\"rowHeight\":30,\"titleHeight\":30,\"cellGap\":6,\"printHeader\":true,\"printTotal\":false,\"assetPath\":\"{{company_logo_url}}\",\"sides\":5,\"barcodeType\":\"code128\",\"columns\":[]},{\"id\":\"amount-words-value\",\"type\":\"text\",\"x\":109.953125,\"y\":578.08984375,\"width\":240,\"height\":28,\"text\":\"{{amount_in_words}}\",\"align\":\"left\",\"fontSize\":9,\"bold\":false,\"italic\":true,\"underline\":false,\"multiline\":true,\"strokeColor\":4279310375,\"bodyTextColor\":4279310375,\"fillColor\":4294967295,\"fillAlpha\":0,\"strokeWidth\":1,\"borderRadius\":0,\"headerColor\":4294047225,\"headerTextColor\":4279310375,\"dataPath\":\"lines\",\"rowHeight\":30,\"titleHeight\":30,\"cellGap\":6,\"printHeader\":true,\"printTotal\":false,\"assetPath\":\"{{company_logo_url}}\",\"sides\":5,\"barcodeType\":\"code128\",\"columns\":[]},{\"id\":\"gst-breakup-table\",\"type\":\"table\",\"x\":35.20703125,\"y\":614.80078125,\"width\":318,\"height\":45,\"text\":\"\",\"align\":\"left\",\"fontSize\":12,\"bold\":false,\"italic\":false,\"underline\":false,\"multiline\":false,\"strokeColor\":4282156725,\"bodyTextColor\":4279310375,\"fillColor\":4294967295,\"fillAlpha\":0,\"strokeWidth\":1,\"borderRadius\":0,\"headerColor\":4289581296,\"headerTextColor\":4279310375,\"dataPath\":\"gst_breakup\",\"rowHeight\":18,\"titleHeight\":18,\"cellGap\":3,\"printHeader\":true,\"printTotal\":false,\"assetPath\":\"{{company_logo_url}}\",\"sides\":5,\"barcodeType\":\"code128\",\"columns\":[{\"key\":\"tax_name\",\"label\":\"Tax\",\"widthFactor\":2.5,\"align\":\"center\",\"titleAlign\":\"center\",\"totalColumn\":false},{\"key\":\"taxable\",\"label\":\"Taxable Val\",\"widthFactor\":2.5,\"align\":\"center\",\"titleAlign\":\"center\",\"totalColumn\":false},{\"key\":\"cgst\",\"label\":\"CGST\",\"widthFactor\":2,\"align\":\"center\",\"titleAlign\":\"center\",\"totalColumn\":false},{\"key\":\"sgst\",\"label\":\"SGST\",\"widthFactor\":2,\"align\":\"center\",\"titleAlign\":\"center\",\"totalColumn\":false},{\"key\":\"igst\",\"label\":\"IGST\",\"widthFactor\":2,\"align\":\"center\",\"titleAlign\":\"center\",\"totalColumn\":false}]},{\"id\":\"total-amount-label\",\"type\":\"text\",\"x\":381.58203125,\"y\":630.51953125,\"width\":92.375,\"height\":16,\"text\":\"Total Amount\",\"align\":\"left\",\"fontSize\":14,\"bold\":false,\"italic\":false,\"underline\":false,\"multiline\":true,\"strokeColor\":4281811281,\"bodyTextColor\":4281811281,\"fillColor\":4294967295,\"fillAlpha\":0,\"strokeWidth\":1,\"borderRadius\":0,\"headerColor\":4294047225,\"headerTextColor\":4279310375,\"dataPath\":\"lines\",\"rowHeight\":30,\"titleHeight\":30,\"cellGap\":6,\"printHeader\":true,\"printTotal\":false,\"assetPath\":\"{{company_logo_url}}\",\"sides\":5,\"barcodeType\":\"code128\",\"columns\":[]},{\"id\":\"total-amount-value\",\"type\":\"text\",\"x\":437.6796875,\"y\":631.171875,\"width\":111.73828125,\"height\":16,\"text\":\"{{total_amount}}\",\"align\":\"right\",\"fontSize\":15,\"bold\":true,\"italic\":false,\"underline\":false,\"multiline\":true,\"strokeColor\":4279310375,\"bodyTextColor\":4279310375,\"fillColor\":4294967295,\"fillAlpha\":0,\"strokeWidth\":1,\"borderRadius\":0,\"headerColor\":4294047225,\"headerTextColor\":4279310375,\"dataPath\":\"lines\",\"rowHeight\":30,\"titleHeight\":30,\"cellGap\":6,\"printHeader\":true,\"printTotal\":false,\"assetPath\":\"{{company_logo_url}}\",\"sides\":5,\"barcodeType\":\"code128\",\"columns\":[]},{\"id\":\"terms-title\",\"type\":\"text\",\"x\":33.796875,\"y\":694.7578125,\"width\":130,\"height\":14,\"text\":\"Terms and Condition\",\"align\":\"left\",\"fontSize\":9,\"bold\":true,\"italic\":false,\"underline\":false,\"multiline\":false,\"strokeColor\":4281811281,\"bodyTextColor\":4281811281,\"fillColor\":4294967295,\"fillAlpha\":0,\"strokeWidth\":1,\"borderRadius\":0,\"headerColor\":4294047225,\"headerTextColor\":4279310375,\"dataPath\":\"lines\",\"rowHeight\":30,\"titleHeight\":30,\"cellGap\":6,\"printHeader\":true,\"printTotal\":false,\"assetPath\":\"{{company_logo_url}}\",\"sides\":5,\"barcodeType\":\"code128\",\"columns\":[]},{\"id\":\"terms-text\",\"type\":\"text\",\"x\":37,\"y\":712,\"width\":320,\"height\":38,\"text\":\"{{terms_conditions}}\",\"align\":\"left\",\"fontSize\":8,\"bold\":false,\"italic\":false,\"underline\":false,\"multiline\":true,\"strokeColor\":4281811281,\"bodyTextColor\":4281811281,\"fillColor\":4294967295,\"fillAlpha\":0,\"strokeWidth\":1,\"borderRadius\":0,\"headerColor\":4294047225,\"headerTextColor\":4279310375,\"dataPath\":\"lines\",\"rowHeight\":30,\"titleHeight\":30,\"cellGap\":6,\"printHeader\":true,\"printTotal\":false,\"assetPath\":\"{{company_logo_url}}\",\"sides\":5,\"barcodeType\":\"code128\",\"columns\":[]},{\"id\":\"banking-label\",\"type\":\"text\",\"x\":34.8203125,\"y\":755.421875,\"width\":140,\"height\":14,\"text\":\"Our Banking Details\",\"align\":\"left\",\"fontSize\":9,\"bold\":true,\"italic\":false,\"underline\":false,\"multiline\":true,\"strokeColor\":4281811281,\"bodyTextColor\":4281811281,\"fillColor\":4294967295,\"fillAlpha\":0,\"strokeWidth\":1,\"borderRadius\":0,\"headerColor\":4294047225,\"headerTextColor\":4279310375,\"dataPath\":\"lines\",\"rowHeight\":30,\"titleHeight\":30,\"cellGap\":6,\"printHeader\":true,\"printTotal\":false,\"assetPath\":\"{{company_logo_url}}\",\"sides\":5,\"barcodeType\":\"code128\",\"columns\":[]},{\"id\":\"auth-signatory\",\"type\":\"text\",\"x\":352.97265625,\"y\":785.78515625,\"width\":198,\"height\":14,\"text\":\"Authorised Signatory\",\"align\":\"right\",\"fontSize\":9,\"bold\":false,\"italic\":false,\"underline\":false,\"multiline\":false,\"strokeColor\":4281811281,\"bodyTextColor\":4281811281,\"fillColor\":4294967295,\"fillAlpha\":0,\"strokeWidth\":1,\"borderRadius\":0,\"headerColor\":4294047225,\"headerTextColor\":4279310375,\"dataPath\":\"lines\",\"rowHeight\":30,\"titleHeight\":30,\"cellGap\":6,\"printHeader\":true,\"printTotal\":false,\"assetPath\":\"{{company_logo_url}}\",\"sides\":5,\"barcodeType\":\"code128\",\"columns\":[]},{\"id\":\"text-29\",\"type\":\"text\",\"x\":108.11328125,\"y\":70.61328125,\"width\":219.93359375,\"height\":23.19140625,\"text\":\"Sakthi Controller \",\"align\":\"left\",\"fontSize\":16,\"bold\":true,\"italic\":false,\"underline\":false,\"multiline\":true,\"strokeColor\":4279310375,\"bodyTextColor\":4279310375,\"fillColor\":4294967295,\"fillAlpha\":0,\"strokeWidth\":1,\"borderRadius\":0,\"headerColor\":4294047225,\"headerTextColor\":4279310375,\"dataPath\":\"lines\",\"rowHeight\":30,\"titleHeight\":30,\"cellGap\":6,\"printHeader\":true,\"printTotal\":false,\"assetPath\":\"{{company_logo_url}}\",\"sides\":5,\"barcodeType\":\"code128\",\"columns\":[]},{\"id\":\"text-30\",\"type\":\"text\",\"x\":106.89453125,\"y\":98.53515625,\"width\":197.296875,\"height\":35.03515625,\"text\":\"153, Karunai Nagar, K. Sevoor Katpadi Taluk, Tamil Nadu 632106\",\"align\":\"left\",\"fontSize\":12,\"bold\":false,\"italic\":false,\"underline\":false,\"multiline\":true,\"strokeColor\":4279310375,\"bodyTextColor\":4279310375,\"fillColor\":4294967295,\"fillAlpha\":0,\"strokeWidth\":1,\"borderRadius\":0,\"headerColor\":4294047225,\"headerTextColor\":4279310375,\"dataPath\":\"lines\",\"rowHeight\":30,\"titleHeight\":30,\"cellGap\":6,\"printHeader\":true,\"printTotal\":false,\"assetPath\":\"{{company_logo_url}}\",\"sides\":5,\"barcodeType\":\"code128\",\"columns\":[]},{\"id\":\"text-31\",\"type\":\"text\",\"x\":39.3828125,\"y\":770.46484375,\"width\":200,\"height\":28,\"text\":\"A\\/C No: 000041004790019\\nIFSC: DEUT0401PBC\\nBank Name\\/Branch: Deutsche Bank - vellore\",\"align\":\"left\",\"fontSize\":9,\"bold\":false,\"italic\":false,\"underline\":false,\"multiline\":true,\"strokeColor\":4279310375,\"bodyTextColor\":4279310375,\"fillColor\":4294967295,\"fillAlpha\":0,\"strokeWidth\":1,\"borderRadius\":0,\"headerColor\":4294047225,\"headerTextColor\":4279310375,\"dataPath\":\"lines\",\"rowHeight\":30,\"titleHeight\":30,\"cellGap\":6,\"printHeader\":true,\"printTotal\":false,\"assetPath\":\"{{company_logo_url}}\",\"sides\":5,\"barcodeType\":\"code128\",\"columns\":[]}]}', 1, '2026-05-16 09:31:48', '2026-05-28 12:12:14'),
(2, 'purchase_invoice', '{\"pageWidth\":595,\"pageHeight\":842,\"backgroundImagePath\":null,\"backgroundOpacity\":0.18,\"mediaPreset\":\"A4\",\"orientation\":\"portrait\",\"gridSize\":8,\"showGrid\":false,\"shapes\":[{\"id\":\"pbs-outer-border\",\"type\":\"rectangle\",\"x\":29,\"y\":28,\"width\":537,\"height\":786,\"text\":\"\",\"align\":\"left\",\"fontSize\":12,\"bold\":false,\"italic\":false,\"underline\":false,\"multiline\":false,\"strokeColor\":4282156725,\"bodyTextColor\":4282156725,\"fillColor\":4294967295,\"fillAlpha\":0,\"strokeWidth\":1,\"borderRadius\":0,\"headerColor\":4294047225,\"headerTextColor\":4279310375,\"dataPath\":\"lines\",\"rowHeight\":30,\"titleHeight\":30,\"cellGap\":6,\"printHeader\":true,\"printTotal\":false,\"assetPath\":\"{{company_logo_url}}\",\"sides\":5,\"barcodeType\":\"code128\",\"columns\":[]},{\"id\":\"text-doc-type\",\"type\":\"text\",\"x\":102.35546875,\"y\":34.40234375,\"width\":160,\"height\":18,\"text\":\"PURCHASE INVOICE\",\"align\":\"center\",\"fontSize\":11,\"bold\":true,\"italic\":false,\"underline\":false,\"multiline\":false,\"strokeColor\":4279310375,\"bodyTextColor\":4279310375,\"fillColor\":4294967295,\"fillAlpha\":0,\"strokeWidth\":1,\"borderRadius\":0,\"headerColor\":4294047225,\"headerTextColor\":4279310375,\"dataPath\":\"lines\",\"rowHeight\":30,\"titleHeight\":30,\"cellGap\":6,\"printHeader\":true,\"printTotal\":false,\"assetPath\":\"{{company_logo_url}}\",\"sides\":5,\"barcodeType\":\"code128\",\"columns\":[]},{\"id\":\"gstin-label\",\"type\":\"text\",\"x\":368,\"y\":32,\"width\":42,\"height\":18,\"text\":\"GSTIN :\",\"align\":\"left\",\"fontSize\":9,\"bold\":false,\"italic\":false,\"underline\":false,\"multiline\":false,\"strokeColor\":4281811281,\"bodyTextColor\":4281811281,\"fillColor\":4294967295,\"fillAlpha\":0,\"strokeWidth\":1,\"borderRadius\":0,\"headerColor\":4294047225,\"headerTextColor\":4279310375,\"dataPath\":\"lines\",\"rowHeight\":30,\"titleHeight\":30,\"cellGap\":6,\"printHeader\":true,\"printTotal\":false,\"assetPath\":\"{{company_logo_url}}\",\"sides\":5,\"barcodeType\":\"code128\",\"columns\":[]},{\"id\":\"gstin-value\",\"type\":\"text\",\"x\":412,\"y\":32,\"width\":148,\"height\":18,\"text\":\"{{company_gstin}}\",\"align\":\"left\",\"fontSize\":9,\"bold\":true,\"italic\":false,\"underline\":false,\"multiline\":false,\"strokeColor\":4279310375,\"bodyTextColor\":4279310375,\"fillColor\":4294967295,\"fillAlpha\":0,\"strokeWidth\":1,\"borderRadius\":0,\"headerColor\":4294047225,\"headerTextColor\":4279310375,\"dataPath\":\"lines\",\"rowHeight\":30,\"titleHeight\":30,\"cellGap\":6,\"printHeader\":true,\"printTotal\":false,\"assetPath\":\"{{company_logo_url}}\",\"sides\":5,\"barcodeType\":\"code128\",\"columns\":[]},{\"id\":\"header-top-divider\",\"type\":\"line\",\"x\":29,\"y\":54,\"width\":537,\"height\":0,\"text\":\"\",\"align\":\"left\",\"fontSize\":12,\"bold\":false,\"italic\":false,\"underline\":false,\"multiline\":false,\"strokeColor\":4289111718,\"bodyTextColor\":4289111718,\"fillColor\":4294967295,\"fillAlpha\":0,\"strokeWidth\":1,\"borderRadius\":0,\"headerColor\":4294047225,\"headerTextColor\":4279310375,\"dataPath\":\"lines\",\"rowHeight\":30,\"titleHeight\":30,\"cellGap\":6,\"printHeader\":true,\"printTotal\":false,\"assetPath\":\"{{company_logo_url}}\",\"sides\":5,\"barcodeType\":\"code128\",\"columns\":[]},{\"id\":\"company-logo\",\"type\":\"image\",\"x\":35.125,\"y\":56.14453125,\"width\":68.8515625,\"height\":65.453125,\"text\":\"\",\"align\":\"left\",\"fontSize\":12,\"bold\":false,\"italic\":false,\"underline\":false,\"multiline\":false,\"strokeColor\":4279310375,\"bodyTextColor\":4279310375,\"fillColor\":4294967295,\"fillAlpha\":0,\"strokeWidth\":0,\"borderRadius\":0,\"headerColor\":4294047225,\"headerTextColor\":4279310375,\"dataPath\":\"lines\",\"rowHeight\":30,\"titleHeight\":30,\"cellGap\":6,\"printHeader\":true,\"printTotal\":false,\"assetPath\":\"https:\\/\\/bill.sakthicontroller.com\\/api\\/public\\/api\\/v1\\/public\\/media\\/file?path=uploads%2Fprint-templates%2F2026%2F05%2F001be57a-4299-4605-9c62-25972b1ced35.png\",\"sides\":5,\"barcodeType\":\"code128\",\"columns\":[]},{\"id\":\"company-address\",\"type\":\"text\",\"x\":49.7734375,\"y\":144.796875,\"width\":208.05859375,\"height\":17.8125,\"text\":\"Cell : 9443036233, 9597773302\",\"align\":\"left\",\"fontSize\":10,\"bold\":false,\"italic\":false,\"underline\":false,\"multiline\":true,\"strokeColor\":4281811281,\"bodyTextColor\":4281811281,\"fillColor\":4294967295,\"fillAlpha\":0,\"strokeWidth\":1,\"borderRadius\":0,\"headerColor\":4294047225,\"headerTextColor\":4279310375,\"dataPath\":\"lines\",\"rowHeight\":30,\"titleHeight\":30,\"cellGap\":6,\"printHeader\":true,\"printTotal\":false,\"assetPath\":\"{{company_logo_url}}\",\"sides\":5,\"barcodeType\":\"code128\",\"columns\":[]},{\"id\":\"header-vertical-divider\",\"type\":\"line\",\"x\":327,\"y\":28,\"width\":0,\"height\":152,\"text\":\"\",\"align\":\"left\",\"fontSize\":12,\"bold\":false,\"italic\":false,\"underline\":false,\"multiline\":false,\"strokeColor\":4289111718,\"bodyTextColor\":4289111718,\"fillColor\":4294967295,\"fillAlpha\":0,\"strokeWidth\":1,\"borderRadius\":0,\"headerColor\":4294047225,\"headerTextColor\":4279310375,\"dataPath\":\"lines\",\"rowHeight\":30,\"titleHeight\":30,\"cellGap\":6,\"printHeader\":true,\"printTotal\":false,\"assetPath\":\"{{company_logo_url}}\",\"sides\":5,\"barcodeType\":\"code128\",\"columns\":[]},{\"id\":\"customer-label\",\"type\":\"text\",\"x\":334,\"y\":58,\"width\":230,\"height\":16,\"text\":\"Supplier {{party_address}} {{party_gstin}}\",\"align\":\"left\",\"fontSize\":9,\"bold\":true,\"italic\":false,\"underline\":false,\"multiline\":false,\"strokeColor\":4281811281,\"bodyTextColor\":4281811281,\"fillColor\":4294967295,\"fillAlpha\":0,\"strokeWidth\":1,\"borderRadius\":0,\"headerColor\":4294047225,\"headerTextColor\":4279310375,\"dataPath\":\"lines\",\"rowHeight\":30,\"titleHeight\":30,\"cellGap\":6,\"printHeader\":true,\"printTotal\":false,\"assetPath\":\"{{company_logo_url}}\",\"sides\":5,\"barcodeType\":\"code128\",\"columns\":[]},{\"id\":\"party-text\",\"type\":\"text\",\"x\":334,\"y\":76,\"width\":228,\"height\":64,\"text\":\"{{party_name}}\\n {{party_address}} {{party_gstin}}\",\"align\":\"left\",\"fontSize\":9,\"bold\":false,\"italic\":false,\"underline\":false,\"multiline\":true,\"strokeColor\":4279310375,\"bodyTextColor\":4279310375,\"fillColor\":4294967295,\"fillAlpha\":0,\"strokeWidth\":1,\"borderRadius\":0,\"headerColor\":4294047225,\"headerTextColor\":4279310375,\"dataPath\":\"lines\",\"rowHeight\":30,\"titleHeight\":30,\"cellGap\":6,\"printHeader\":true,\"printTotal\":false,\"assetPath\":\"{{company_logo_url}}\",\"sides\":5,\"barcodeType\":\"code128\",\"columns\":[]},{\"id\":\"customer-gstn-label\",\"type\":\"text\",\"x\":331.640625,\"y\":147.7890625,\"width\":84,\"height\":14,\"text\":\"Supplier GSTN :\",\"align\":\"left\",\"fontSize\":9,\"bold\":false,\"italic\":false,\"underline\":false,\"multiline\":false,\"strokeColor\":4281811281,\"bodyTextColor\":4281811281,\"fillColor\":4294967295,\"fillAlpha\":0,\"strokeWidth\":1,\"borderRadius\":0,\"headerColor\":4294047225,\"headerTextColor\":4279310375,\"dataPath\":\"lines\",\"rowHeight\":30,\"titleHeight\":30,\"cellGap\":6,\"printHeader\":true,\"printTotal\":false,\"assetPath\":\"{{company_logo_url}}\",\"sides\":5,\"barcodeType\":\"code128\",\"columns\":[]},{\"id\":\"customer-gstn-value\",\"type\":\"text\",\"x\":406.1484375,\"y\":142.6171875,\"width\":148,\"height\":14,\"text\":\"{{party_gstin}}\",\"align\":\"left\",\"fontSize\":9,\"bold\":false,\"italic\":false,\"underline\":false,\"multiline\":false,\"strokeColor\":4279310375,\"bodyTextColor\":4279310375,\"fillColor\":4294967295,\"fillAlpha\":0,\"strokeWidth\":1,\"borderRadius\":0,\"headerColor\":4294047225,\"headerTextColor\":4279310375,\"dataPath\":\"lines\",\"rowHeight\":30,\"titleHeight\":30,\"cellGap\":6,\"printHeader\":true,\"printTotal\":false,\"assetPath\":\"{{company_logo_url}}\",\"sides\":5,\"barcodeType\":\"code128\",\"columns\":[]},{\"id\":\"header-divider\",\"type\":\"line\",\"x\":29,\"y\":180,\"width\":537,\"height\":0,\"text\":\"\",\"align\":\"left\",\"fontSize\":12,\"bold\":false,\"italic\":false,\"underline\":false,\"multiline\":false,\"strokeColor\":4289111718,\"bodyTextColor\":4289111718,\"fillColor\":4294967295,\"fillAlpha\":0,\"strokeWidth\":1,\"borderRadius\":0,\"headerColor\":4294047225,\"headerTextColor\":4279310375,\"dataPath\":\"lines\",\"rowHeight\":30,\"titleHeight\":30,\"cellGap\":6,\"printHeader\":true,\"printTotal\":false,\"assetPath\":\"{{company_logo_url}}\",\"sides\":5,\"barcodeType\":\"code128\",\"columns\":[]},{\"id\":\"doc-no-label\",\"type\":\"text\",\"x\":47.73828125,\"y\":185.20703125,\"width\":50,\"height\":16,\"text\":\"Doc No :\",\"align\":\"left\",\"fontSize\":9,\"bold\":false,\"italic\":false,\"underline\":false,\"multiline\":false,\"strokeColor\":4281811281,\"bodyTextColor\":4281811281,\"fillColor\":4294967295,\"fillAlpha\":0,\"strokeWidth\":1,\"borderRadius\":0,\"headerColor\":4294047225,\"headerTextColor\":4279310375,\"dataPath\":\"lines\",\"rowHeight\":30,\"titleHeight\":30,\"cellGap\":6,\"printHeader\":true,\"printTotal\":false,\"assetPath\":\"{{company_logo_url}}\",\"sides\":5,\"barcodeType\":\"code128\",\"columns\":[]},{\"id\":\"doc-no-value\",\"type\":\"text\",\"x\":89.390625,\"y\":186.2109375,\"width\":110,\"height\":16,\"text\":\"{{document_number}}\",\"align\":\"left\",\"fontSize\":9,\"bold\":true,\"italic\":false,\"underline\":false,\"multiline\":false,\"strokeColor\":4279310375,\"bodyTextColor\":4279310375,\"fillColor\":4294967295,\"fillAlpha\":0,\"strokeWidth\":1,\"borderRadius\":0,\"headerColor\":4294047225,\"headerTextColor\":4279310375,\"dataPath\":\"lines\",\"rowHeight\":30,\"titleHeight\":30,\"cellGap\":6,\"printHeader\":true,\"printTotal\":false,\"assetPath\":\"{{company_logo_url}}\",\"sides\":5,\"barcodeType\":\"code128\",\"columns\":[]},{\"id\":\"date-label\",\"type\":\"text\",\"x\":222,\"y\":186.03125,\"width\":35,\"height\":16,\"text\":\"Date :\",\"align\":\"left\",\"fontSize\":9,\"bold\":false,\"italic\":false,\"underline\":false,\"multiline\":false,\"strokeColor\":4281811281,\"bodyTextColor\":4281811281,\"fillColor\":4294967295,\"fillAlpha\":0,\"strokeWidth\":1,\"borderRadius\":0,\"headerColor\":4294047225,\"headerTextColor\":4279310375,\"dataPath\":\"lines\",\"rowHeight\":30,\"titleHeight\":30,\"cellGap\":6,\"printHeader\":true,\"printTotal\":false,\"assetPath\":\"{{company_logo_url}}\",\"sides\":5,\"barcodeType\":\"code128\",\"columns\":[]},{\"id\":\"date-value\",\"type\":\"text\",\"x\":251.26171875,\"y\":186.4296875,\"width\":78,\"height\":16,\"text\":\"{{document_date}}\",\"align\":\"left\",\"fontSize\":9,\"bold\":true,\"italic\":false,\"underline\":false,\"multiline\":false,\"strokeColor\":4279310375,\"bodyTextColor\":4279310375,\"fillColor\":4294967295,\"fillAlpha\":0,\"strokeWidth\":1,\"borderRadius\":0,\"headerColor\":4294047225,\"headerTextColor\":4279310375,\"dataPath\":\"lines\",\"rowHeight\":30,\"titleHeight\":30,\"cellGap\":6,\"printHeader\":true,\"printTotal\":false,\"assetPath\":\"{{company_logo_url}}\",\"sides\":5,\"barcodeType\":\"code128\",\"columns\":[]},{\"id\":\"ref-label\",\"type\":\"text\",\"x\":354.8125,\"y\":186.234375,\"width\":68.22265625,\"height\":16,\"text\":\"Supplier Ref:\",\"align\":\"left\",\"fontSize\":9,\"bold\":false,\"italic\":false,\"underline\":false,\"multiline\":true,\"strokeColor\":4281811281,\"bodyTextColor\":4281811281,\"fillColor\":4294967295,\"fillAlpha\":0,\"strokeWidth\":1,\"borderRadius\":0,\"headerColor\":4294047225,\"headerTextColor\":4279310375,\"dataPath\":\"lines\",\"rowHeight\":30,\"titleHeight\":30,\"cellGap\":6,\"printHeader\":true,\"printTotal\":false,\"assetPath\":\"{{company_logo_url}}\",\"sides\":5,\"barcodeType\":\"code128\",\"columns\":[]},{\"id\":\"ref-value\",\"type\":\"text\",\"x\":409.68359375,\"y\":187.29296875,\"width\":69.37890625,\"height\":16,\"text\":\"{{reference_number}}\",\"align\":\"left\",\"fontSize\":9,\"bold\":false,\"italic\":false,\"underline\":false,\"multiline\":false,\"strokeColor\":4279310375,\"bodyTextColor\":4279310375,\"fillColor\":4294967295,\"fillAlpha\":0,\"strokeWidth\":1,\"borderRadius\":0,\"headerColor\":4294047225,\"headerTextColor\":4279310375,\"dataPath\":\"lines\",\"rowHeight\":30,\"titleHeight\":30,\"cellGap\":6,\"printHeader\":true,\"printTotal\":false,\"assetPath\":\"{{company_logo_url}}\",\"sides\":5,\"barcodeType\":\"code128\",\"columns\":[]},{\"id\":\"lines-table\",\"type\":\"table\",\"x\":29,\"y\":204,\"width\":537,\"height\":365,\"text\":\"\",\"align\":\"left\",\"fontSize\":12,\"bold\":false,\"italic\":false,\"underline\":false,\"multiline\":false,\"strokeColor\":4282156725,\"bodyTextColor\":4279310375,\"fillColor\":4294967295,\"fillAlpha\":0,\"strokeWidth\":1,\"borderRadius\":0,\"headerColor\":4289581296,\"headerTextColor\":4279310375,\"dataPath\":\"lines\",\"rowHeight\":26,\"titleHeight\":22,\"cellGap\":4,\"printHeader\":true,\"printTotal\":true,\"assetPath\":\"{{company_logo_url}}\",\"sides\":5,\"barcodeType\":\"code128\",\"columns\":[{\"key\":\"item_name\",\"label\":\"Item\",\"widthFactor\":4.5,\"align\":\"left\",\"titleAlign\":\"center\",\"totalColumn\":false},{\"key\":\"qty\",\"label\":\"Qty\",\"widthFactor\":1,\"align\":\"center\",\"titleAlign\":\"center\",\"totalColumn\":false},{\"key\":\"rate\",\"label\":\"Price\",\"widthFactor\":1.5,\"align\":\"center\",\"titleAlign\":\"center\",\"totalColumn\":false},{\"key\":\"tax_amount\",\"label\":\"Tax\",\"widthFactor\":1.5,\"align\":\"center\",\"titleAlign\":\"center\",\"totalColumn\":true},{\"key\":\"line_total\",\"label\":\"Amount\",\"widthFactor\":1.5,\"align\":\"center\",\"titleAlign\":\"center\",\"totalColumn\":true}]},{\"id\":\"amount-words-label\",\"type\":\"text\",\"x\":33.859375,\"y\":577.37890625,\"width\":89,\"height\":14,\"text\":\"Amount in Words:\",\"align\":\"left\",\"fontSize\":9,\"bold\":false,\"italic\":false,\"underline\":false,\"multiline\":false,\"strokeColor\":4281811281,\"bodyTextColor\":4281811281,\"fillColor\":4294967295,\"fillAlpha\":0,\"strokeWidth\":1,\"borderRadius\":0,\"headerColor\":4294047225,\"headerTextColor\":4279310375,\"dataPath\":\"lines\",\"rowHeight\":30,\"titleHeight\":30,\"cellGap\":6,\"printHeader\":true,\"printTotal\":false,\"assetPath\":\"{{company_logo_url}}\",\"sides\":5,\"barcodeType\":\"code128\",\"columns\":[]},{\"id\":\"amount-words-value\",\"type\":\"text\",\"x\":109.953125,\"y\":578.08984375,\"width\":240,\"height\":28,\"text\":\"{{amount_in_words}}\",\"align\":\"left\",\"fontSize\":9,\"bold\":false,\"italic\":true,\"underline\":false,\"multiline\":true,\"strokeColor\":4279310375,\"bodyTextColor\":4279310375,\"fillColor\":4294967295,\"fillAlpha\":0,\"strokeWidth\":1,\"borderRadius\":0,\"headerColor\":4294047225,\"headerTextColor\":4279310375,\"dataPath\":\"lines\",\"rowHeight\":30,\"titleHeight\":30,\"cellGap\":6,\"printHeader\":true,\"printTotal\":false,\"assetPath\":\"{{company_logo_url}}\",\"sides\":5,\"barcodeType\":\"code128\",\"columns\":[]},{\"id\":\"gst-breakup-table\",\"type\":\"table\",\"x\":35.20703125,\"y\":614.80078125,\"width\":318,\"height\":45,\"text\":\"\",\"align\":\"left\",\"fontSize\":12,\"bold\":false,\"italic\":false,\"underline\":false,\"multiline\":false,\"strokeColor\":4282156725,\"bodyTextColor\":4279310375,\"fillColor\":4294967295,\"fillAlpha\":0,\"strokeWidth\":1,\"borderRadius\":0,\"headerColor\":4289581296,\"headerTextColor\":4279310375,\"dataPath\":\"gst_breakup\",\"rowHeight\":18,\"titleHeight\":18,\"cellGap\":3,\"printHeader\":true,\"printTotal\":false,\"assetPath\":\"{{company_logo_url}}\",\"sides\":5,\"barcodeType\":\"code128\",\"columns\":[{\"key\":\"tax_name\",\"label\":\"Tax\",\"widthFactor\":2.5,\"align\":\"center\",\"titleAlign\":\"center\",\"totalColumn\":false},{\"key\":\"taxable\",\"label\":\"Taxable Val\",\"widthFactor\":2.5,\"align\":\"center\",\"titleAlign\":\"center\",\"totalColumn\":false},{\"key\":\"cgst\",\"label\":\"CGST\",\"widthFactor\":2,\"align\":\"center\",\"titleAlign\":\"center\",\"totalColumn\":false},{\"key\":\"sgst\",\"label\":\"SGST\",\"widthFactor\":2,\"align\":\"center\",\"titleAlign\":\"center\",\"totalColumn\":false},{\"key\":\"igst\",\"label\":\"IGST\",\"widthFactor\":2,\"align\":\"center\",\"titleAlign\":\"center\",\"totalColumn\":false}]},{\"id\":\"total-amount-label\",\"type\":\"text\",\"x\":381.58203125,\"y\":630.51953125,\"width\":92.375,\"height\":16,\"text\":\"Total Amount\",\"align\":\"left\",\"fontSize\":14,\"bold\":false,\"italic\":false,\"underline\":false,\"multiline\":true,\"strokeColor\":4281811281,\"bodyTextColor\":4281811281,\"fillColor\":4294967295,\"fillAlpha\":0,\"strokeWidth\":1,\"borderRadius\":0,\"headerColor\":4294047225,\"headerTextColor\":4279310375,\"dataPath\":\"lines\",\"rowHeight\":30,\"titleHeight\":30,\"cellGap\":6,\"printHeader\":true,\"printTotal\":false,\"assetPath\":\"{{company_logo_url}}\",\"sides\":5,\"barcodeType\":\"code128\",\"columns\":[]},{\"id\":\"total-amount-value\",\"type\":\"text\",\"x\":406.6796875,\"y\":629.171875,\"width\":111.73828125,\"height\":16,\"text\":\"{{total_amount}}\",\"align\":\"right\",\"fontSize\":15,\"bold\":true,\"italic\":false,\"underline\":false,\"multiline\":true,\"strokeColor\":4279310375,\"bodyTextColor\":4279310375,\"fillColor\":4294967295,\"fillAlpha\":0,\"strokeWidth\":1,\"borderRadius\":0,\"headerColor\":4294047225,\"headerTextColor\":4279310375,\"dataPath\":\"lines\",\"rowHeight\":30,\"titleHeight\":30,\"cellGap\":6,\"printHeader\":true,\"printTotal\":false,\"assetPath\":\"{{company_logo_url}}\",\"sides\":5,\"barcodeType\":\"code128\",\"columns\":[]},{\"id\":\"terms-title\",\"type\":\"text\",\"x\":33.796875,\"y\":694.7578125,\"width\":130,\"height\":14,\"text\":\"Terms and Condition\",\"align\":\"left\",\"fontSize\":9,\"bold\":true,\"italic\":false,\"underline\":false,\"multiline\":false,\"strokeColor\":4281811281,\"bodyTextColor\":4281811281,\"fillColor\":4294967295,\"fillAlpha\":0,\"strokeWidth\":1,\"borderRadius\":0,\"headerColor\":4294047225,\"headerTextColor\":4279310375,\"dataPath\":\"lines\",\"rowHeight\":30,\"titleHeight\":30,\"cellGap\":6,\"printHeader\":true,\"printTotal\":false,\"assetPath\":\"{{company_logo_url}}\",\"sides\":5,\"barcodeType\":\"code128\",\"columns\":[]},{\"id\":\"terms-text\",\"type\":\"text\",\"x\":37,\"y\":712,\"width\":320,\"height\":38,\"text\":\"{{terms_conditions}}\",\"align\":\"left\",\"fontSize\":8,\"bold\":false,\"italic\":false,\"underline\":false,\"multiline\":true,\"strokeColor\":4281811281,\"bodyTextColor\":4281811281,\"fillColor\":4294967295,\"fillAlpha\":0,\"strokeWidth\":1,\"borderRadius\":0,\"headerColor\":4294047225,\"headerTextColor\":4279310375,\"dataPath\":\"lines\",\"rowHeight\":30,\"titleHeight\":30,\"cellGap\":6,\"printHeader\":true,\"printTotal\":false,\"assetPath\":\"{{company_logo_url}}\",\"sides\":5,\"barcodeType\":\"code128\",\"columns\":[]},{\"id\":\"banking-label\",\"type\":\"text\",\"x\":34.8203125,\"y\":755.421875,\"width\":140,\"height\":14,\"text\":\"Our Banking Details\",\"align\":\"left\",\"fontSize\":9,\"bold\":true,\"italic\":false,\"underline\":false,\"multiline\":true,\"strokeColor\":4281811281,\"bodyTextColor\":4281811281,\"fillColor\":4294967295,\"fillAlpha\":0,\"strokeWidth\":1,\"borderRadius\":0,\"headerColor\":4294047225,\"headerTextColor\":4279310375,\"dataPath\":\"lines\",\"rowHeight\":30,\"titleHeight\":30,\"cellGap\":6,\"printHeader\":true,\"printTotal\":false,\"assetPath\":\"{{company_logo_url}}\",\"sides\":5,\"barcodeType\":\"code128\",\"columns\":[]},{\"id\":\"auth-signatory\",\"type\":\"text\",\"x\":352.97265625,\"y\":785.78515625,\"width\":198,\"height\":14,\"text\":\"Authorised Signatory\",\"align\":\"right\",\"fontSize\":9,\"bold\":false,\"italic\":false,\"underline\":false,\"multiline\":false,\"strokeColor\":4281811281,\"bodyTextColor\":4281811281,\"fillColor\":4294967295,\"fillAlpha\":0,\"strokeWidth\":1,\"borderRadius\":0,\"headerColor\":4294047225,\"headerTextColor\":4279310375,\"dataPath\":\"lines\",\"rowHeight\":30,\"titleHeight\":30,\"cellGap\":6,\"printHeader\":true,\"printTotal\":false,\"assetPath\":\"{{company_logo_url}}\",\"sides\":5,\"barcodeType\":\"code128\",\"columns\":[]},{\"id\":\"text-29\",\"type\":\"text\",\"x\":108.11328125,\"y\":70.61328125,\"width\":219.93359375,\"height\":23.19140625,\"text\":\"Sakthi Controller \",\"align\":\"left\",\"fontSize\":16,\"bold\":true,\"italic\":false,\"underline\":false,\"multiline\":true,\"strokeColor\":4279310375,\"bodyTextColor\":4279310375,\"fillColor\":4294967295,\"fillAlpha\":0,\"strokeWidth\":1,\"borderRadius\":0,\"headerColor\":4294047225,\"headerTextColor\":4279310375,\"dataPath\":\"lines\",\"rowHeight\":30,\"titleHeight\":30,\"cellGap\":6,\"printHeader\":true,\"printTotal\":false,\"assetPath\":\"{{company_logo_url}}\",\"sides\":5,\"barcodeType\":\"code128\",\"columns\":[]},{\"id\":\"text-30\",\"type\":\"text\",\"x\":106.89453125,\"y\":98.53515625,\"width\":197.296875,\"height\":35.03515625,\"text\":\"153, Karunai Nagar, K. Sevoor Katpadi Taluk, Tamil Nadu 632106\",\"align\":\"left\",\"fontSize\":12,\"bold\":false,\"italic\":false,\"underline\":false,\"multiline\":true,\"strokeColor\":4279310375,\"bodyTextColor\":4279310375,\"fillColor\":4294967295,\"fillAlpha\":0,\"strokeWidth\":1,\"borderRadius\":0,\"headerColor\":4294047225,\"headerTextColor\":4279310375,\"dataPath\":\"lines\",\"rowHeight\":30,\"titleHeight\":30,\"cellGap\":6,\"printHeader\":true,\"printTotal\":false,\"assetPath\":\"{{company_logo_url}}\",\"sides\":5,\"barcodeType\":\"code128\",\"columns\":[]},{\"id\":\"text-31\",\"type\":\"text\",\"x\":39.3828125,\"y\":770.46484375,\"width\":200,\"height\":28,\"text\":\"A\\/C No: 000041004790019\\nIFSC: DEUT0401PBC\\nBank Name\\/Branch: Deutsche Bank - vellore\",\"align\":\"left\",\"fontSize\":9,\"bold\":false,\"italic\":false,\"underline\":false,\"multiline\":true,\"strokeColor\":4279310375,\"bodyTextColor\":4279310375,\"fillColor\":4294967295,\"fillAlpha\":0,\"strokeWidth\":1,\"borderRadius\":0,\"headerColor\":4294047225,\"headerTextColor\":4279310375,\"dataPath\":\"lines\",\"rowHeight\":30,\"titleHeight\":30,\"cellGap\":6,\"printHeader\":true,\"printTotal\":false,\"assetPath\":\"{{company_logo_url}}\",\"sides\":5,\"barcodeType\":\"code128\",\"columns\":[]}]}', 1, '2026-05-23 08:55:39', '2026-05-28 12:47:14');;

INSERT INTO `print_templates` (`id`, `document_type`, `template_data`, `is_active`, `created_at`, `updated_at`) VALUES
(3, 'sales_invoice', '{\"pageWidth\":595,\"pageHeight\":842,\"backgroundImagePath\":null,\"backgroundOpacity\":0.18,\"mediaPreset\":\"A4\",\"orientation\":\"portrait\",\"gridSize\":8,\"showGrid\":false,\"shapes\":[{\"id\":\"pbs-outer-border\",\"type\":\"rectangle\",\"x\":29,\"y\":28,\"width\":537,\"height\":786,\"text\":\"\",\"align\":\"left\",\"fontSize\":12,\"bold\":false,\"italic\":false,\"underline\":false,\"multiline\":false,\"strokeColor\":4282156725,\"bodyTextColor\":4282156725,\"fillColor\":4294967295,\"fillAlpha\":0,\"strokeWidth\":1,\"borderRadius\":0,\"headerColor\":4294047225,\"headerTextColor\":4279310375,\"dataPath\":\"lines\",\"rowHeight\":30,\"titleHeight\":30,\"cellGap\":6,\"printHeader\":true,\"printTotal\":false,\"assetPath\":\"{{company_logo_url}}\",\"sides\":5,\"barcodeType\":\"code128\",\"columns\":[]},{\"id\":\"text-doc-type\",\"type\":\"text\",\"x\":102.35546875,\"y\":34.40234375,\"width\":160,\"height\":18,\"text\":\"SALES INVOICE\",\"align\":\"center\",\"fontSize\":11,\"bold\":true,\"italic\":false,\"underline\":false,\"multiline\":false,\"strokeColor\":4279310375,\"bodyTextColor\":4279310375,\"fillColor\":4294967295,\"fillAlpha\":0,\"strokeWidth\":1,\"borderRadius\":0,\"headerColor\":4294047225,\"headerTextColor\":4279310375,\"dataPath\":\"lines\",\"rowHeight\":30,\"titleHeight\":30,\"cellGap\":6,\"printHeader\":true,\"printTotal\":false,\"assetPath\":\"{{company_logo_url}}\",\"sides\":5,\"barcodeType\":\"code128\",\"columns\":[]},{\"id\":\"gstin-label\",\"type\":\"text\",\"x\":368,\"y\":32,\"width\":42,\"height\":18,\"text\":\"GSTIN :\",\"align\":\"left\",\"fontSize\":9,\"bold\":false,\"italic\":false,\"underline\":false,\"multiline\":false,\"strokeColor\":4281811281,\"bodyTextColor\":4281811281,\"fillColor\":4294967295,\"fillAlpha\":0,\"strokeWidth\":1,\"borderRadius\":0,\"headerColor\":4294047225,\"headerTextColor\":4279310375,\"dataPath\":\"lines\",\"rowHeight\":30,\"titleHeight\":30,\"cellGap\":6,\"printHeader\":true,\"printTotal\":false,\"assetPath\":\"{{company_logo_url}}\",\"sides\":5,\"barcodeType\":\"code128\",\"columns\":[]},{\"id\":\"gstin-value\",\"type\":\"text\",\"x\":412,\"y\":32,\"width\":148,\"height\":18,\"text\":\"{{company_gstin}}\",\"align\":\"left\",\"fontSize\":9,\"bold\":true,\"italic\":false,\"underline\":false,\"multiline\":false,\"strokeColor\":4279310375,\"bodyTextColor\":4279310375,\"fillColor\":4294967295,\"fillAlpha\":0,\"strokeWidth\":1,\"borderRadius\":0,\"headerColor\":4294047225,\"headerTextColor\":4279310375,\"dataPath\":\"lines\",\"rowHeight\":30,\"titleHeight\":30,\"cellGap\":6,\"printHeader\":true,\"printTotal\":false,\"assetPath\":\"{{company_logo_url}}\",\"sides\":5,\"barcodeType\":\"code128\",\"columns\":[]},{\"id\":\"header-top-divider\",\"type\":\"line\",\"x\":29,\"y\":54,\"width\":537,\"height\":0,\"text\":\"\",\"align\":\"left\",\"fontSize\":12,\"bold\":false,\"italic\":false,\"underline\":false,\"multiline\":false,\"strokeColor\":4289111718,\"bodyTextColor\":4289111718,\"fillColor\":4294967295,\"fillAlpha\":0,\"strokeWidth\":1,\"borderRadius\":0,\"headerColor\":4294047225,\"headerTextColor\":4279310375,\"dataPath\":\"lines\",\"rowHeight\":30,\"titleHeight\":30,\"cellGap\":6,\"printHeader\":true,\"printTotal\":false,\"assetPath\":\"{{company_logo_url}}\",\"sides\":5,\"barcodeType\":\"code128\",\"columns\":[]},{\"id\":\"company-logo\",\"type\":\"image\",\"x\":35.125,\"y\":56.14453125,\"width\":68.8515625,\"height\":65.453125,\"text\":\"\",\"align\":\"left\",\"fontSize\":12,\"bold\":false,\"italic\":false,\"underline\":false,\"multiline\":false,\"strokeColor\":4279310375,\"bodyTextColor\":4279310375,\"fillColor\":4294967295,\"fillAlpha\":0,\"strokeWidth\":0,\"borderRadius\":0,\"headerColor\":4294047225,\"headerTextColor\":4279310375,\"dataPath\":\"lines\",\"rowHeight\":30,\"titleHeight\":30,\"cellGap\":6,\"printHeader\":true,\"printTotal\":false,\"assetPath\":\"https:\\/\\/bill.sakthicontroller.com\\/api\\/public\\/api\\/v1\\/public\\/media\\/file?path=uploads%2Fprint-templates%2F2026%2F05%2F001be57a-4299-4605-9c62-25972b1ced35.png\",\"sides\":5,\"barcodeType\":\"code128\",\"columns\":[]},{\"id\":\"company-address\",\"type\":\"text\",\"x\":49.7734375,\"y\":144.796875,\"width\":208.05859375,\"height\":17.8125,\"text\":\"Cell : 9443036233, 9597773302\",\"align\":\"left\",\"fontSize\":10,\"bold\":false,\"italic\":false,\"underline\":false,\"multiline\":true,\"strokeColor\":4281811281,\"bodyTextColor\":4281811281,\"fillColor\":4294967295,\"fillAlpha\":0,\"strokeWidth\":1,\"borderRadius\":0,\"headerColor\":4294047225,\"headerTextColor\":4279310375,\"dataPath\":\"lines\",\"rowHeight\":30,\"titleHeight\":30,\"cellGap\":6,\"printHeader\":true,\"printTotal\":false,\"assetPath\":\"{{company_logo_url}}\",\"sides\":5,\"barcodeType\":\"code128\",\"columns\":[]},{\"id\":\"header-vertical-divider\",\"type\":\"line\",\"x\":327,\"y\":28,\"width\":0,\"height\":152,\"text\":\"\",\"align\":\"left\",\"fontSize\":12,\"bold\":false,\"italic\":false,\"underline\":false,\"multiline\":false,\"strokeColor\":4289111718,\"bodyTextColor\":4289111718,\"fillColor\":4294967295,\"fillAlpha\":0,\"strokeWidth\":1,\"borderRadius\":0,\"headerColor\":4294047225,\"headerTextColor\":4279310375,\"dataPath\":\"lines\",\"rowHeight\":30,\"titleHeight\":30,\"cellGap\":6,\"printHeader\":true,\"printTotal\":false,\"assetPath\":\"{{company_logo_url}}\",\"sides\":5,\"barcodeType\":\"code128\",\"columns\":[]},{\"id\":\"customer-label\",\"type\":\"text\",\"x\":334,\"y\":58,\"width\":230,\"height\":16,\"text\":\"Customer\",\"align\":\"left\",\"fontSize\":9,\"bold\":true,\"italic\":false,\"underline\":false,\"multiline\":false,\"strokeColor\":4281811281,\"bodyTextColor\":4281811281,\"fillColor\":4294967295,\"fillAlpha\":0,\"strokeWidth\":1,\"borderRadius\":0,\"headerColor\":4294047225,\"headerTextColor\":4279310375,\"dataPath\":\"lines\",\"rowHeight\":30,\"titleHeight\":30,\"cellGap\":6,\"printHeader\":true,\"printTotal\":false,\"assetPath\":\"{{company_logo_url}}\",\"sides\":5,\"barcodeType\":\"code128\",\"columns\":[]},{\"id\":\"party-text\",\"type\":\"text\",\"x\":334,\"y\":76,\"width\":228,\"height\":64,\"text\":\"{{party_name}}\\n{{party_address}}\\n{{party_contact}}\",\"align\":\"left\",\"fontSize\":9,\"bold\":false,\"italic\":false,\"underline\":false,\"multiline\":true,\"strokeColor\":4279310375,\"bodyTextColor\":4279310375,\"fillColor\":4294967295,\"fillAlpha\":0,\"strokeWidth\":1,\"borderRadius\":0,\"headerColor\":4294047225,\"headerTextColor\":4279310375,\"dataPath\":\"lines\",\"rowHeight\":30,\"titleHeight\":30,\"cellGap\":6,\"printHeader\":true,\"printTotal\":false,\"assetPath\":\"{{company_logo_url}}\",\"sides\":5,\"barcodeType\":\"code128\",\"columns\":[]},{\"id\":\"customer-gstn-label\",\"type\":\"text\",\"x\":331.640625,\"y\":147.7890625,\"width\":84,\"height\":14,\"text\":\"Customer GSTN :\",\"align\":\"left\",\"fontSize\":9,\"bold\":false,\"italic\":false,\"underline\":false,\"multiline\":false,\"strokeColor\":4281811281,\"bodyTextColor\":4281811281,\"fillColor\":4294967295,\"fillAlpha\":0,\"strokeWidth\":1,\"borderRadius\":0,\"headerColor\":4294047225,\"headerTextColor\":4279310375,\"dataPath\":\"lines\",\"rowHeight\":30,\"titleHeight\":30,\"cellGap\":6,\"printHeader\":true,\"printTotal\":false,\"assetPath\":\"{{company_logo_url}}\",\"sides\":5,\"barcodeType\":\"code128\",\"columns\":[]},{\"id\":\"customer-gstn-value\",\"type\":\"text\",\"x\":403.65234375,\"y\":148.09765625,\"width\":148,\"height\":14,\"text\":\"{{party_gstin}}\",\"align\":\"left\",\"fontSize\":9,\"bold\":false,\"italic\":false,\"underline\":false,\"multiline\":false,\"strokeColor\":4279310375,\"bodyTextColor\":4279310375,\"fillColor\":4294967295,\"fillAlpha\":0,\"strokeWidth\":1,\"borderRadius\":0,\"headerColor\":4294047225,\"headerTextColor\":4279310375,\"dataPath\":\"lines\",\"rowHeight\":30,\"titleHeight\":30,\"cellGap\":6,\"printHeader\":true,\"printTotal\":false,\"assetPath\":\"{{company_logo_url}}\",\"sides\":5,\"barcodeType\":\"code128\",\"columns\":[]},{\"id\":\"header-divider\",\"type\":\"line\",\"x\":29,\"y\":180,\"width\":537,\"height\":0,\"text\":\"\",\"align\":\"left\",\"fontSize\":12,\"bold\":false,\"italic\":false,\"underline\":false,\"multiline\":false,\"strokeColor\":4289111718,\"bodyTextColor\":4289111718,\"fillColor\":4294967295,\"fillAlpha\":0,\"strokeWidth\":1,\"borderRadius\":0,\"headerColor\":4294047225,\"headerTextColor\":4279310375,\"dataPath\":\"lines\",\"rowHeight\":30,\"titleHeight\":30,\"cellGap\":6,\"printHeader\":true,\"printTotal\":false,\"assetPath\":\"{{company_logo_url}}\",\"sides\":5,\"barcodeType\":\"code128\",\"columns\":[]},{\"id\":\"doc-no-label\",\"type\":\"text\",\"x\":47.73828125,\"y\":185.20703125,\"width\":50,\"height\":16,\"text\":\"Doc No :\",\"align\":\"left\",\"fontSize\":9,\"bold\":false,\"italic\":false,\"underline\":false,\"multiline\":false,\"strokeColor\":4281811281,\"bodyTextColor\":4281811281,\"fillColor\":4294967295,\"fillAlpha\":0,\"strokeWidth\":1,\"borderRadius\":0,\"headerColor\":4294047225,\"headerTextColor\":4279310375,\"dataPath\":\"lines\",\"rowHeight\":30,\"titleHeight\":30,\"cellGap\":6,\"printHeader\":true,\"printTotal\":false,\"assetPath\":\"{{company_logo_url}}\",\"sides\":5,\"barcodeType\":\"code128\",\"columns\":[]},{\"id\":\"doc-no-value\",\"type\":\"text\",\"x\":89.390625,\"y\":186.2109375,\"width\":110,\"height\":16,\"text\":\"{{document_number}}\",\"align\":\"left\",\"fontSize\":9,\"bold\":true,\"italic\":false,\"underline\":false,\"multiline\":false,\"strokeColor\":4279310375,\"bodyTextColor\":4279310375,\"fillColor\":4294967295,\"fillAlpha\":0,\"strokeWidth\":1,\"borderRadius\":0,\"headerColor\":4294047225,\"headerTextColor\":4279310375,\"dataPath\":\"lines\",\"rowHeight\":30,\"titleHeight\":30,\"cellGap\":6,\"printHeader\":true,\"printTotal\":false,\"assetPath\":\"{{company_logo_url}}\",\"sides\":5,\"barcodeType\":\"code128\",\"columns\":[]},{\"id\":\"date-label\",\"type\":\"text\",\"x\":222,\"y\":186.03125,\"width\":35,\"height\":16,\"text\":\"Date :\",\"align\":\"left\",\"fontSize\":9,\"bold\":false,\"italic\":false,\"underline\":false,\"multiline\":false,\"strokeColor\":4281811281,\"bodyTextColor\":4281811281,\"fillColor\":4294967295,\"fillAlpha\":0,\"strokeWidth\":1,\"borderRadius\":0,\"headerColor\":4294047225,\"headerTextColor\":4279310375,\"dataPath\":\"lines\",\"rowHeight\":30,\"titleHeight\":30,\"cellGap\":6,\"printHeader\":true,\"printTotal\":false,\"assetPath\":\"{{company_logo_url}}\",\"sides\":5,\"barcodeType\":\"code128\",\"columns\":[]},{\"id\":\"date-value\",\"type\":\"text\",\"x\":251.26171875,\"y\":186.4296875,\"width\":78,\"height\":16,\"text\":\"{{document_date}}\",\"align\":\"left\",\"fontSize\":9,\"bold\":true,\"italic\":false,\"underline\":false,\"multiline\":false,\"strokeColor\":4279310375,\"bodyTextColor\":4279310375,\"fillColor\":4294967295,\"fillAlpha\":0,\"strokeWidth\":1,\"borderRadius\":0,\"headerColor\":4294047225,\"headerTextColor\":4279310375,\"dataPath\":\"lines\",\"rowHeight\":30,\"titleHeight\":30,\"cellGap\":6,\"printHeader\":true,\"printTotal\":false,\"assetPath\":\"{{company_logo_url}}\",\"sides\":5,\"barcodeType\":\"code128\",\"columns\":[]},{\"id\":\"ref-label\",\"type\":\"text\",\"x\":354.8125,\"y\":186.234375,\"width\":68.22265625,\"height\":16,\"text\":\"P.O Number:\",\"align\":\"left\",\"fontSize\":9,\"bold\":false,\"italic\":false,\"underline\":false,\"multiline\":true,\"strokeColor\":4281811281,\"bodyTextColor\":4281811281,\"fillColor\":4294967295,\"fillAlpha\":0,\"strokeWidth\":1,\"borderRadius\":0,\"headerColor\":4294047225,\"headerTextColor\":4279310375,\"dataPath\":\"lines\",\"rowHeight\":30,\"titleHeight\":30,\"cellGap\":6,\"printHeader\":true,\"printTotal\":false,\"assetPath\":\"{{company_logo_url}}\",\"sides\":5,\"barcodeType\":\"code128\",\"columns\":[]},{\"id\":\"ref-value\",\"type\":\"text\",\"x\":409.68359375,\"y\":187.29296875,\"width\":69.37890625,\"height\":16,\"text\":\"{{reference_number}}\",\"align\":\"left\",\"fontSize\":9,\"bold\":false,\"italic\":false,\"underline\":false,\"multiline\":false,\"strokeColor\":4279310375,\"bodyTextColor\":4279310375,\"fillColor\":4294967295,\"fillAlpha\":0,\"strokeWidth\":1,\"borderRadius\":0,\"headerColor\":4294047225,\"headerTextColor\":4279310375,\"dataPath\":\"lines\",\"rowHeight\":30,\"titleHeight\":30,\"cellGap\":6,\"printHeader\":true,\"printTotal\":false,\"assetPath\":\"{{company_logo_url}}\",\"sides\":5,\"barcodeType\":\"code128\",\"columns\":[]},{\"id\":\"lines-table\",\"type\":\"table\",\"x\":29,\"y\":204,\"width\":537,\"height\":365,\"text\":\"\",\"align\":\"left\",\"fontSize\":12,\"bold\":false,\"italic\":false,\"underline\":false,\"multiline\":false,\"strokeColor\":4282156725,\"bodyTextColor\":4279310375,\"fillColor\":4294967295,\"fillAlpha\":0,\"strokeWidth\":1,\"borderRadius\":0,\"headerColor\":4289581296,\"headerTextColor\":4279310375,\"dataPath\":\"lines\",\"rowHeight\":26,\"titleHeight\":22,\"cellGap\":4,\"printHeader\":true,\"printTotal\":true,\"assetPath\":\"{{company_logo_url}}\",\"sides\":5,\"barcodeType\":\"code128\",\"columns\":[{\"key\":\"item_name\",\"label\":\"Item\",\"widthFactor\":4.5,\"align\":\"left\",\"titleAlign\":\"center\",\"totalColumn\":false},{\"key\":\"qty\",\"label\":\"Qty\",\"widthFactor\":1,\"align\":\"center\",\"titleAlign\":\"center\",\"totalColumn\":false},{\"key\":\"rate\",\"label\":\"Price\",\"widthFactor\":1.5,\"align\":\"center\",\"titleAlign\":\"center\",\"totalColumn\":false},{\"key\":\"tax_amount\",\"label\":\"Tax\",\"widthFactor\":1.5,\"align\":\"center\",\"titleAlign\":\"center\",\"totalColumn\":true},{\"key\":\"line_total\",\"label\":\"Amount\",\"widthFactor\":1.5,\"align\":\"center\",\"titleAlign\":\"center\",\"totalColumn\":true}]},{\"id\":\"amount-words-label\",\"type\":\"text\",\"x\":33.859375,\"y\":577.37890625,\"width\":89,\"height\":14,\"text\":\"Amount in Words:\",\"align\":\"left\",\"fontSize\":9,\"bold\":false,\"italic\":false,\"underline\":false,\"multiline\":false,\"strokeColor\":4281811281,\"bodyTextColor\":4281811281,\"fillColor\":4294967295,\"fillAlpha\":0,\"strokeWidth\":1,\"borderRadius\":0,\"headerColor\":4294047225,\"headerTextColor\":4279310375,\"dataPath\":\"lines\",\"rowHeight\":30,\"titleHeight\":30,\"cellGap\":6,\"printHeader\":true,\"printTotal\":false,\"assetPath\":\"{{company_logo_url}}\",\"sides\":5,\"barcodeType\":\"code128\",\"columns\":[]},{\"id\":\"amount-words-value\",\"type\":\"text\",\"x\":109.953125,\"y\":578.08984375,\"width\":240,\"height\":28,\"text\":\"{{amount_in_words}}\",\"align\":\"left\",\"fontSize\":9,\"bold\":false,\"italic\":true,\"underline\":false,\"multiline\":true,\"strokeColor\":4279310375,\"bodyTextColor\":4279310375,\"fillColor\":4294967295,\"fillAlpha\":0,\"strokeWidth\":1,\"borderRadius\":0,\"headerColor\":4294047225,\"headerTextColor\":4279310375,\"dataPath\":\"lines\",\"rowHeight\":30,\"titleHeight\":30,\"cellGap\":6,\"printHeader\":true,\"printTotal\":false,\"assetPath\":\"{{company_logo_url}}\",\"sides\":5,\"barcodeType\":\"code128\",\"columns\":[]},{\"id\":\"gst-breakup-table\",\"type\":\"table\",\"x\":35.20703125,\"y\":614.80078125,\"width\":318,\"height\":45,\"text\":\"\",\"align\":\"left\",\"fontSize\":12,\"bold\":false,\"italic\":false,\"underline\":false,\"multiline\":false,\"strokeColor\":4282156725,\"bodyTextColor\":4279310375,\"fillColor\":4294967295,\"fillAlpha\":0,\"strokeWidth\":1,\"borderRadius\":0,\"headerColor\":4289581296,\"headerTextColor\":4279310375,\"dataPath\":\"gst_breakup\",\"rowHeight\":18,\"titleHeight\":18,\"cellGap\":3,\"printHeader\":true,\"printTotal\":false,\"assetPath\":\"{{company_logo_url}}\",\"sides\":5,\"barcodeType\":\"code128\",\"columns\":[{\"key\":\"tax_name\",\"label\":\"Tax\",\"widthFactor\":2.5,\"align\":\"center\",\"titleAlign\":\"center\",\"totalColumn\":false},{\"key\":\"taxable\",\"label\":\"Taxable Val\",\"widthFactor\":2.5,\"align\":\"center\",\"titleAlign\":\"center\",\"totalColumn\":false},{\"key\":\"cgst\",\"label\":\"CGST\",\"widthFactor\":2,\"align\":\"center\",\"titleAlign\":\"center\",\"totalColumn\":false},{\"key\":\"sgst\",\"label\":\"SGST\",\"widthFactor\":2,\"align\":\"center\",\"titleAlign\":\"center\",\"totalColumn\":false},{\"key\":\"igst\",\"label\":\"IGST\",\"widthFactor\":2,\"align\":\"center\",\"titleAlign\":\"center\",\"totalColumn\":false}]},{\"id\":\"total-amount-label\",\"type\":\"text\",\"x\":381.58203125,\"y\":630.51953125,\"width\":92.375,\"height\":16,\"text\":\"Total Amount\",\"align\":\"left\",\"fontSize\":14,\"bold\":false,\"italic\":false,\"underline\":false,\"multiline\":true,\"strokeColor\":4281811281,\"bodyTextColor\":4281811281,\"fillColor\":4294967295,\"fillAlpha\":0,\"strokeWidth\":1,\"borderRadius\":0,\"headerColor\":4294047225,\"headerTextColor\":4279310375,\"dataPath\":\"lines\",\"rowHeight\":30,\"titleHeight\":30,\"cellGap\":6,\"printHeader\":true,\"printTotal\":false,\"assetPath\":\"{{company_logo_url}}\",\"sides\":5,\"barcodeType\":\"code128\",\"columns\":[]},{\"id\":\"total-amount-value\",\"type\":\"text\",\"x\":418.6796875,\"y\":629.171875,\"width\":111.73828125,\"height\":16,\"text\":\"{{total_amount}}\",\"align\":\"right\",\"fontSize\":15,\"bold\":true,\"italic\":false,\"underline\":false,\"multiline\":true,\"strokeColor\":4279310375,\"bodyTextColor\":4279310375,\"fillColor\":4294967295,\"fillAlpha\":0,\"strokeWidth\":1,\"borderRadius\":0,\"headerColor\":4294047225,\"headerTextColor\":4279310375,\"dataPath\":\"lines\",\"rowHeight\":30,\"titleHeight\":30,\"cellGap\":6,\"printHeader\":true,\"printTotal\":false,\"assetPath\":\"{{company_logo_url}}\",\"sides\":5,\"barcodeType\":\"code128\",\"columns\":[]},{\"id\":\"terms-title\",\"type\":\"text\",\"x\":35.40625,\"y\":673.2734375,\"width\":130,\"height\":14,\"text\":\"Terms and Condition\",\"align\":\"left\",\"fontSize\":9,\"bold\":true,\"italic\":false,\"underline\":false,\"multiline\":false,\"strokeColor\":4281811281,\"bodyTextColor\":4281811281,\"fillColor\":4294967295,\"fillAlpha\":0,\"strokeWidth\":1,\"borderRadius\":0,\"headerColor\":4294047225,\"headerTextColor\":4279310375,\"dataPath\":\"lines\",\"rowHeight\":30,\"titleHeight\":30,\"cellGap\":6,\"printHeader\":true,\"printTotal\":false,\"assetPath\":\"{{company_logo_url}}\",\"sides\":5,\"barcodeType\":\"code128\",\"columns\":[]},{\"id\":\"terms-text\",\"type\":\"text\",\"x\":37.60546875,\"y\":695.21875,\"width\":513.6953125,\"height\":65.2421875,\"text\":\"{{terms_conditions}}\",\"align\":\"left\",\"fontSize\":9,\"bold\":false,\"italic\":false,\"underline\":false,\"multiline\":true,\"strokeColor\":4281811281,\"bodyTextColor\":4281811281,\"fillColor\":4294967295,\"fillAlpha\":0,\"strokeWidth\":1,\"borderRadius\":0,\"headerColor\":4294047225,\"headerTextColor\":4279310375,\"dataPath\":\"lines\",\"rowHeight\":30,\"titleHeight\":30,\"cellGap\":6,\"printHeader\":true,\"printTotal\":false,\"assetPath\":\"{{company_logo_url}}\",\"sides\":5,\"barcodeType\":\"code128\",\"columns\":[]},{\"id\":\"banking-label\",\"type\":\"text\",\"x\":36.46484375,\"y\":757.578125,\"width\":140,\"height\":14,\"text\":\"Our Banking Details\",\"align\":\"left\",\"fontSize\":9,\"bold\":true,\"italic\":false,\"underline\":false,\"multiline\":true,\"strokeColor\":4281811281,\"bodyTextColor\":4281811281,\"fillColor\":4294967295,\"fillAlpha\":0,\"strokeWidth\":1,\"borderRadius\":0,\"headerColor\":4294047225,\"headerTextColor\":4279310375,\"dataPath\":\"lines\",\"rowHeight\":30,\"titleHeight\":30,\"cellGap\":6,\"printHeader\":true,\"printTotal\":false,\"assetPath\":\"{{company_logo_url}}\",\"sides\":5,\"barcodeType\":\"code128\",\"columns\":[]},{\"id\":\"auth-signatory\",\"type\":\"text\",\"x\":352.97265625,\"y\":785.78515625,\"width\":198,\"height\":14,\"text\":\"Authorised Signatory\",\"align\":\"right\",\"fontSize\":9,\"bold\":false,\"italic\":false,\"underline\":false,\"multiline\":false,\"strokeColor\":4281811281,\"bodyTextColor\":4281811281,\"fillColor\":4294967295,\"fillAlpha\":0,\"strokeWidth\":1,\"borderRadius\":0,\"headerColor\":4294047225,\"headerTextColor\":4279310375,\"dataPath\":\"lines\",\"rowHeight\":30,\"titleHeight\":30,\"cellGap\":6,\"printHeader\":true,\"printTotal\":false,\"assetPath\":\"{{company_logo_url}}\",\"sides\":5,\"barcodeType\":\"code128\",\"columns\":[]},{\"id\":\"text-29\",\"type\":\"text\",\"x\":108.11328125,\"y\":70.61328125,\"width\":219.93359375,\"height\":23.19140625,\"text\":\"Sakthi Controller \",\"align\":\"left\",\"fontSize\":16,\"bold\":true,\"italic\":false,\"underline\":false,\"multiline\":true,\"strokeColor\":4279310375,\"bodyTextColor\":4279310375,\"fillColor\":4294967295,\"fillAlpha\":0,\"strokeWidth\":1,\"borderRadius\":0,\"headerColor\":4294047225,\"headerTextColor\":4279310375,\"dataPath\":\"lines\",\"rowHeight\":30,\"titleHeight\":30,\"cellGap\":6,\"printHeader\":true,\"printTotal\":false,\"assetPath\":\"{{company_logo_url}}\",\"sides\":5,\"barcodeType\":\"code128\",\"columns\":[]},{\"id\":\"text-30\",\"type\":\"text\",\"x\":106.89453125,\"y\":98.53515625,\"width\":197.296875,\"height\":35.03515625,\"text\":\"153, Karunai Nagar, K. Sevoor Katpadi Taluk, Tamil Nadu 632106\",\"align\":\"left\",\"fontSize\":12,\"bold\":false,\"italic\":false,\"underline\":false,\"multiline\":true,\"strokeColor\":4279310375,\"bodyTextColor\":4279310375,\"fillColor\":4294967295,\"fillAlpha\":0,\"strokeWidth\":1,\"borderRadius\":0,\"headerColor\":4294047225,\"headerTextColor\":4279310375,\"dataPath\":\"lines\",\"rowHeight\":30,\"titleHeight\":30,\"cellGap\":6,\"printHeader\":true,\"printTotal\":false,\"assetPath\":\"{{company_logo_url}}\",\"sides\":5,\"barcodeType\":\"code128\",\"columns\":[]},{\"id\":\"text-31\",\"type\":\"text\",\"x\":37.92578125,\"y\":773.30859375,\"width\":234.3046875,\"height\":36.796875,\"text\":\"A\\/C No: 000041004790019\\nIFSC: DEUT0401PBC\\nBank Name\\/Branch: Deutsche Bank - vellore\",\"align\":\"left\",\"fontSize\":9,\"bold\":false,\"italic\":false,\"underline\":false,\"multiline\":true,\"strokeColor\":4279310375,\"bodyTextColor\":4279310375,\"fillColor\":4294967295,\"fillAlpha\":0,\"strokeWidth\":1,\"borderRadius\":0,\"headerColor\":4294047225,\"headerTextColor\":4279310375,\"dataPath\":\"lines\",\"rowHeight\":30,\"titleHeight\":30,\"cellGap\":6,\"printHeader\":true,\"printTotal\":false,\"assetPath\":\"{{company_logo_url}}\",\"sides\":5,\"barcodeType\":\"code128\",\"columns\":[]}]}', 1, '2026-05-23 09:29:21', '2026-05-28 11:39:01'),
(4, 'sales_delivery', '{\"pageWidth\":595,\"pageHeight\":842,\"backgroundImagePath\":null,\"backgroundOpacity\":0.18,\"mediaPreset\":\"A4\",\"orientation\":\"portrait\",\"gridSize\":8,\"showGrid\":false,\"shapes\":[{\"id\":\"pbs-outer-border\",\"type\":\"rectangle\",\"x\":29,\"y\":27,\"width\":537,\"height\":786,\"text\":\"\",\"align\":\"left\",\"fontSize\":12,\"bold\":false,\"italic\":false,\"underline\":false,\"multiline\":false,\"strokeColor\":4282156725,\"bodyTextColor\":4282156725,\"fillColor\":4294967295,\"fillAlpha\":0,\"strokeWidth\":1,\"borderRadius\":0,\"headerColor\":4294047225,\"headerTextColor\":4279310375,\"dataPath\":\"lines\",\"rowHeight\":30,\"titleHeight\":30,\"cellGap\":6,\"printHeader\":true,\"printTotal\":false,\"assetPath\":\"{{company_logo_url}}\",\"sides\":5,\"barcodeType\":\"code128\",\"columns\":[]},{\"id\":\"text-doc-type\",\"type\":\"text\",\"x\":44.24609375,\"y\":33.96484375,\"width\":263.2734375,\"height\":16.40625,\"text\":\"DELIVERY CHALLAN\",\"align\":\"center\",\"fontSize\":11,\"bold\":true,\"italic\":false,\"underline\":false,\"multiline\":true,\"strokeColor\":4279310375,\"bodyTextColor\":4279310375,\"fillColor\":4294967295,\"fillAlpha\":0,\"strokeWidth\":1,\"borderRadius\":0,\"headerColor\":4294047225,\"headerTextColor\":4279310375,\"dataPath\":\"lines\",\"rowHeight\":30,\"titleHeight\":30,\"cellGap\":6,\"printHeader\":true,\"printTotal\":false,\"assetPath\":\"{{company_logo_url}}\",\"sides\":5,\"barcodeType\":\"code128\",\"columns\":[]},{\"id\":\"gstin-label\",\"type\":\"text\",\"x\":368,\"y\":32,\"width\":42,\"height\":18,\"text\":\"GSTIN :\",\"align\":\"left\",\"fontSize\":9,\"bold\":false,\"italic\":false,\"underline\":false,\"multiline\":false,\"strokeColor\":4281811281,\"bodyTextColor\":4281811281,\"fillColor\":4294967295,\"fillAlpha\":0,\"strokeWidth\":1,\"borderRadius\":0,\"headerColor\":4294047225,\"headerTextColor\":4279310375,\"dataPath\":\"lines\",\"rowHeight\":30,\"titleHeight\":30,\"cellGap\":6,\"printHeader\":true,\"printTotal\":false,\"assetPath\":\"{{company_logo_url}}\",\"sides\":5,\"barcodeType\":\"code128\",\"columns\":[]},{\"id\":\"gstin-value\",\"type\":\"text\",\"x\":412,\"y\":32,\"width\":148,\"height\":18,\"text\":\"{{company_gstin}}\",\"align\":\"left\",\"fontSize\":9,\"bold\":true,\"italic\":false,\"underline\":false,\"multiline\":false,\"strokeColor\":4279310375,\"bodyTextColor\":4279310375,\"fillColor\":4294967295,\"fillAlpha\":0,\"strokeWidth\":1,\"borderRadius\":0,\"headerColor\":4294047225,\"headerTextColor\":4279310375,\"dataPath\":\"lines\",\"rowHeight\":30,\"titleHeight\":30,\"cellGap\":6,\"printHeader\":true,\"printTotal\":false,\"assetPath\":\"{{company_logo_url}}\",\"sides\":5,\"barcodeType\":\"code128\",\"columns\":[]},{\"id\":\"header-top-divider\",\"type\":\"line\",\"x\":29.9296875,\"y\":52.96875,\"width\":537,\"height\":0,\"text\":\"\",\"align\":\"left\",\"fontSize\":12,\"bold\":false,\"italic\":false,\"underline\":false,\"multiline\":false,\"strokeColor\":4289111718,\"bodyTextColor\":4289111718,\"fillColor\":4294967295,\"fillAlpha\":0,\"strokeWidth\":1,\"borderRadius\":0,\"headerColor\":4294047225,\"headerTextColor\":4279310375,\"dataPath\":\"lines\",\"rowHeight\":30,\"titleHeight\":30,\"cellGap\":6,\"printHeader\":true,\"printTotal\":false,\"assetPath\":\"{{company_logo_url}}\",\"sides\":5,\"barcodeType\":\"code128\",\"columns\":[]},{\"id\":\"company-logo\",\"type\":\"image\",\"x\":35.125,\"y\":56.14453125,\"width\":68.8515625,\"height\":65.453125,\"text\":\"\",\"align\":\"left\",\"fontSize\":12,\"bold\":false,\"italic\":false,\"underline\":false,\"multiline\":false,\"strokeColor\":4279310375,\"bodyTextColor\":4279310375,\"fillColor\":4294967295,\"fillAlpha\":0,\"strokeWidth\":0,\"borderRadius\":0,\"headerColor\":4294047225,\"headerTextColor\":4279310375,\"dataPath\":\"lines\",\"rowHeight\":30,\"titleHeight\":30,\"cellGap\":6,\"printHeader\":true,\"printTotal\":false,\"assetPath\":\"https:\\/\\/bill.sakthicontroller.com\\/api\\/public\\/api\\/v1\\/public\\/media\\/file?path=uploads%2Fprint-templates%2F2026%2F05%2F001be57a-4299-4605-9c62-25972b1ced35.png\",\"sides\":5,\"barcodeType\":\"code128\",\"columns\":[]},{\"id\":\"company-address\",\"type\":\"text\",\"x\":49.7734375,\"y\":144.796875,\"width\":208.05859375,\"height\":17.8125,\"text\":\"Cell : 9443036233, 9597773302\",\"align\":\"left\",\"fontSize\":10,\"bold\":false,\"italic\":false,\"underline\":false,\"multiline\":true,\"strokeColor\":4281811281,\"bodyTextColor\":4281811281,\"fillColor\":4294967295,\"fillAlpha\":0,\"strokeWidth\":1,\"borderRadius\":0,\"headerColor\":4294047225,\"headerTextColor\":4279310375,\"dataPath\":\"lines\",\"rowHeight\":30,\"titleHeight\":30,\"cellGap\":6,\"printHeader\":true,\"printTotal\":false,\"assetPath\":\"{{company_logo_url}}\",\"sides\":5,\"barcodeType\":\"code128\",\"columns\":[]},{\"id\":\"header-vertical-divider\",\"type\":\"line\",\"x\":327,\"y\":28,\"width\":0,\"height\":152,\"text\":\"\",\"align\":\"left\",\"fontSize\":12,\"bold\":false,\"italic\":false,\"underline\":false,\"multiline\":false,\"strokeColor\":4289111718,\"bodyTextColor\":4289111718,\"fillColor\":4294967295,\"fillAlpha\":0,\"strokeWidth\":1,\"borderRadius\":0,\"headerColor\":4294047225,\"headerTextColor\":4279310375,\"dataPath\":\"lines\",\"rowHeight\":30,\"titleHeight\":30,\"cellGap\":6,\"printHeader\":true,\"printTotal\":false,\"assetPath\":\"{{company_logo_url}}\",\"sides\":5,\"barcodeType\":\"code128\",\"columns\":[]},{\"id\":\"customer-label\",\"type\":\"text\",\"x\":334,\"y\":58,\"width\":230,\"height\":16,\"text\":\"Customer\",\"align\":\"left\",\"fontSize\":9,\"bold\":true,\"italic\":false,\"underline\":false,\"multiline\":false,\"strokeColor\":4281811281,\"bodyTextColor\":4281811281,\"fillColor\":4294967295,\"fillAlpha\":0,\"strokeWidth\":1,\"borderRadius\":0,\"headerColor\":4294047225,\"headerTextColor\":4279310375,\"dataPath\":\"lines\",\"rowHeight\":30,\"titleHeight\":30,\"cellGap\":6,\"printHeader\":true,\"printTotal\":false,\"assetPath\":\"{{company_logo_url}}\",\"sides\":5,\"barcodeType\":\"code128\",\"columns\":[]},{\"id\":\"party-text\",\"type\":\"text\",\"x\":334,\"y\":76,\"width\":228,\"height\":64,\"text\":\"{{party_name}}\\n{{party_address}}\\n{{party_contact}}\",\"align\":\"left\",\"fontSize\":9,\"bold\":false,\"italic\":false,\"underline\":false,\"multiline\":true,\"strokeColor\":4279310375,\"bodyTextColor\":4279310375,\"fillColor\":4294967295,\"fillAlpha\":0,\"strokeWidth\":1,\"borderRadius\":0,\"headerColor\":4294047225,\"headerTextColor\":4279310375,\"dataPath\":\"lines\",\"rowHeight\":30,\"titleHeight\":30,\"cellGap\":6,\"printHeader\":true,\"printTotal\":false,\"assetPath\":\"{{company_logo_url}}\",\"sides\":5,\"barcodeType\":\"code128\",\"columns\":[]},{\"id\":\"customer-gstn-label\",\"type\":\"text\",\"x\":331.640625,\"y\":147.7890625,\"width\":84,\"height\":14,\"text\":\"Customer GSTN : {{party_gstin}}\",\"align\":\"left\",\"fontSize\":9,\"bold\":false,\"italic\":false,\"underline\":false,\"multiline\":false,\"strokeColor\":4281811281,\"bodyTextColor\":4281811281,\"fillColor\":4294967295,\"fillAlpha\":0,\"strokeWidth\":1,\"borderRadius\":0,\"headerColor\":4294047225,\"headerTextColor\":4279310375,\"dataPath\":\"lines\",\"rowHeight\":30,\"titleHeight\":30,\"cellGap\":6,\"printHeader\":true,\"printTotal\":false,\"assetPath\":\"{{company_logo_url}}\",\"sides\":5,\"barcodeType\":\"code128\",\"columns\":[]},{\"id\":\"customer-gstn-value\",\"type\":\"text\",\"x\":406.1484375,\"y\":142.6171875,\"width\":148,\"height\":14,\"text\":\"{{party_gstin}}\",\"align\":\"left\",\"fontSize\":9,\"bold\":false,\"italic\":false,\"underline\":false,\"multiline\":false,\"strokeColor\":4279310375,\"bodyTextColor\":4279310375,\"fillColor\":4294967295,\"fillAlpha\":0,\"strokeWidth\":1,\"borderRadius\":0,\"headerColor\":4294047225,\"headerTextColor\":4279310375,\"dataPath\":\"lines\",\"rowHeight\":30,\"titleHeight\":30,\"cellGap\":6,\"printHeader\":true,\"printTotal\":false,\"assetPath\":\"{{company_logo_url}}\",\"sides\":5,\"barcodeType\":\"code128\",\"columns\":[]},{\"id\":\"header-divider\",\"type\":\"line\",\"x\":29,\"y\":180,\"width\":537,\"height\":0,\"text\":\"\",\"align\":\"left\",\"fontSize\":12,\"bold\":false,\"italic\":false,\"underline\":false,\"multiline\":false,\"strokeColor\":4289111718,\"bodyTextColor\":4289111718,\"fillColor\":4294967295,\"fillAlpha\":0,\"strokeWidth\":1,\"borderRadius\":0,\"headerColor\":4294047225,\"headerTextColor\":4279310375,\"dataPath\":\"lines\",\"rowHeight\":30,\"titleHeight\":30,\"cellGap\":6,\"printHeader\":true,\"printTotal\":false,\"assetPath\":\"{{company_logo_url}}\",\"sides\":5,\"barcodeType\":\"code128\",\"columns\":[]},{\"id\":\"doc-no-label\",\"type\":\"text\",\"x\":47.73828125,\"y\":185.20703125,\"width\":50,\"height\":16,\"text\":\"Doc No :\",\"align\":\"left\",\"fontSize\":9,\"bold\":false,\"italic\":false,\"underline\":false,\"multiline\":false,\"strokeColor\":4281811281,\"bodyTextColor\":4281811281,\"fillColor\":4294967295,\"fillAlpha\":0,\"strokeWidth\":1,\"borderRadius\":0,\"headerColor\":4294047225,\"headerTextColor\":4279310375,\"dataPath\":\"lines\",\"rowHeight\":30,\"titleHeight\":30,\"cellGap\":6,\"printHeader\":true,\"printTotal\":false,\"assetPath\":\"{{company_logo_url}}\",\"sides\":5,\"barcodeType\":\"code128\",\"columns\":[]},{\"id\":\"doc-no-value\",\"type\":\"text\",\"x\":89.390625,\"y\":186.2109375,\"width\":110,\"height\":16,\"text\":\"{{document_number}}\",\"align\":\"left\",\"fontSize\":9,\"bold\":true,\"italic\":false,\"underline\":false,\"multiline\":false,\"strokeColor\":4279310375,\"bodyTextColor\":4279310375,\"fillColor\":4294967295,\"fillAlpha\":0,\"strokeWidth\":1,\"borderRadius\":0,\"headerColor\":4294047225,\"headerTextColor\":4279310375,\"dataPath\":\"lines\",\"rowHeight\":30,\"titleHeight\":30,\"cellGap\":6,\"printHeader\":true,\"printTotal\":false,\"assetPath\":\"{{company_logo_url}}\",\"sides\":5,\"barcodeType\":\"code128\",\"columns\":[]},{\"id\":\"date-label\",\"type\":\"text\",\"x\":222,\"y\":186.03125,\"width\":35,\"height\":16,\"text\":\"Date :\",\"align\":\"left\",\"fontSize\":9,\"bold\":false,\"italic\":false,\"underline\":false,\"multiline\":false,\"strokeColor\":4281811281,\"bodyTextColor\":4281811281,\"fillColor\":4294967295,\"fillAlpha\":0,\"strokeWidth\":1,\"borderRadius\":0,\"headerColor\":4294047225,\"headerTextColor\":4279310375,\"dataPath\":\"lines\",\"rowHeight\":30,\"titleHeight\":30,\"cellGap\":6,\"printHeader\":true,\"printTotal\":false,\"assetPath\":\"{{company_logo_url}}\",\"sides\":5,\"barcodeType\":\"code128\",\"columns\":[]},{\"id\":\"date-value\",\"type\":\"text\",\"x\":251.26171875,\"y\":186.4296875,\"width\":78,\"height\":16,\"text\":\"{{document_date}}\",\"align\":\"left\",\"fontSize\":9,\"bold\":true,\"italic\":false,\"underline\":false,\"multiline\":false,\"strokeColor\":4279310375,\"bodyTextColor\":4279310375,\"fillColor\":4294967295,\"fillAlpha\":0,\"strokeWidth\":1,\"borderRadius\":0,\"headerColor\":4294047225,\"headerTextColor\":4279310375,\"dataPath\":\"lines\",\"rowHeight\":30,\"titleHeight\":30,\"cellGap\":6,\"printHeader\":true,\"printTotal\":false,\"assetPath\":\"{{company_logo_url}}\",\"sides\":5,\"barcodeType\":\"code128\",\"columns\":[]},{\"id\":\"ref-label\",\"type\":\"text\",\"x\":354.8125,\"y\":186.234375,\"width\":68.22265625,\"height\":16,\"text\":\"Ref :\",\"align\":\"left\",\"fontSize\":9,\"bold\":false,\"italic\":false,\"underline\":false,\"multiline\":true,\"strokeColor\":4281811281,\"bodyTextColor\":4281811281,\"fillColor\":4294967295,\"fillAlpha\":0,\"strokeWidth\":1,\"borderRadius\":0,\"headerColor\":4294047225,\"headerTextColor\":4279310375,\"dataPath\":\"lines\",\"rowHeight\":30,\"titleHeight\":30,\"cellGap\":6,\"printHeader\":true,\"printTotal\":false,\"assetPath\":\"{{company_logo_url}}\",\"sides\":5,\"barcodeType\":\"code128\",\"columns\":[]},{\"id\":\"ref-value\",\"type\":\"text\",\"x\":409.68359375,\"y\":187.29296875,\"width\":69.37890625,\"height\":16,\"text\":\"{{reference_number}}\",\"align\":\"left\",\"fontSize\":9,\"bold\":false,\"italic\":false,\"underline\":false,\"multiline\":false,\"strokeColor\":4279310375,\"bodyTextColor\":4279310375,\"fillColor\":4294967295,\"fillAlpha\":0,\"strokeWidth\":1,\"borderRadius\":0,\"headerColor\":4294047225,\"headerTextColor\":4279310375,\"dataPath\":\"lines\",\"rowHeight\":30,\"titleHeight\":30,\"cellGap\":6,\"printHeader\":true,\"printTotal\":false,\"assetPath\":\"{{company_logo_url}}\",\"sides\":5,\"barcodeType\":\"code128\",\"columns\":[]},{\"id\":\"lines-table\",\"type\":\"table\",\"x\":29,\"y\":204,\"width\":537,\"height\":365,\"text\":\"\",\"align\":\"left\",\"fontSize\":12,\"bold\":false,\"italic\":false,\"underline\":false,\"multiline\":false,\"strokeColor\":4282156725,\"bodyTextColor\":4282156725,\"fillColor\":4294967295,\"fillAlpha\":0,\"strokeWidth\":1,\"borderRadius\":0,\"headerColor\":4289581296,\"headerTextColor\":4279310375,\"dataPath\":\"lines\",\"rowHeight\":26,\"titleHeight\":22,\"cellGap\":4,\"printHeader\":true,\"printTotal\":true,\"assetPath\":\"{{company_logo_url}}\",\"sides\":5,\"barcodeType\":\"code128\",\"columns\":[{\"key\":\"item_name\",\"label\":\"Item\",\"widthFactor\":4.5,\"align\":\"left\",\"titleAlign\":\"center\",\"totalColumn\":false},{\"key\":\"qty\",\"label\":\"Qty\",\"widthFactor\":1,\"align\":\"center\",\"titleAlign\":\"center\",\"totalColumn\":false}]},{\"id\":\"terms-title\",\"type\":\"text\",\"x\":37.796875,\"y\":633.7578125,\"width\":130,\"height\":14,\"text\":\"Terms and Condition\",\"align\":\"left\",\"fontSize\":9,\"bold\":true,\"italic\":false,\"underline\":false,\"multiline\":false,\"strokeColor\":4281811281,\"bodyTextColor\":4281811281,\"fillColor\":4294967295,\"fillAlpha\":0,\"strokeWidth\":1,\"borderRadius\":0,\"headerColor\":4294047225,\"headerTextColor\":4279310375,\"dataPath\":\"lines\",\"rowHeight\":30,\"titleHeight\":30,\"cellGap\":6,\"printHeader\":true,\"printTotal\":false,\"assetPath\":\"{{company_logo_url}}\",\"sides\":5,\"barcodeType\":\"code128\",\"columns\":[]},{\"id\":\"terms-text\",\"type\":\"text\",\"x\":37,\"y\":712,\"width\":320,\"height\":38,\"text\":\"{{terms_conditions}}\",\"align\":\"left\",\"fontSize\":8,\"bold\":false,\"italic\":false,\"underline\":false,\"multiline\":true,\"strokeColor\":4281811281,\"bodyTextColor\":4281811281,\"fillColor\":4294967295,\"fillAlpha\":0,\"strokeWidth\":1,\"borderRadius\":0,\"headerColor\":4294047225,\"headerTextColor\":4279310375,\"dataPath\":\"lines\",\"rowHeight\":30,\"titleHeight\":30,\"cellGap\":6,\"printHeader\":true,\"printTotal\":false,\"assetPath\":\"{{company_logo_url}}\",\"sides\":5,\"barcodeType\":\"code128\",\"columns\":[]},{\"id\":\"auth-signatory\",\"type\":\"text\",\"x\":352.97265625,\"y\":785.78515625,\"width\":198,\"height\":14,\"text\":\"Authorised Signatory\",\"align\":\"right\",\"fontSize\":9,\"bold\":false,\"italic\":false,\"underline\":false,\"multiline\":false,\"strokeColor\":4281811281,\"bodyTextColor\":4281811281,\"fillColor\":4294967295,\"fillAlpha\":0,\"strokeWidth\":1,\"borderRadius\":0,\"headerColor\":4294047225,\"headerTextColor\":4279310375,\"dataPath\":\"lines\",\"rowHeight\":30,\"titleHeight\":30,\"cellGap\":6,\"printHeader\":true,\"printTotal\":false,\"assetPath\":\"{{company_logo_url}}\",\"sides\":5,\"barcodeType\":\"code128\",\"columns\":[]},{\"id\":\"text-29\",\"type\":\"text\",\"x\":108.11328125,\"y\":70.61328125,\"width\":219.93359375,\"height\":23.19140625,\"text\":\"Sakthi Controller \",\"align\":\"left\",\"fontSize\":16,\"bold\":true,\"italic\":false,\"underline\":false,\"multiline\":true,\"strokeColor\":4279310375,\"bodyTextColor\":4279310375,\"fillColor\":4294967295,\"fillAlpha\":0,\"strokeWidth\":1,\"borderRadius\":0,\"headerColor\":4294047225,\"headerTextColor\":4279310375,\"dataPath\":\"lines\",\"rowHeight\":30,\"titleHeight\":30,\"cellGap\":6,\"printHeader\":true,\"printTotal\":false,\"assetPath\":\"{{company_logo_url}}\",\"sides\":5,\"barcodeType\":\"code128\",\"columns\":[]},{\"id\":\"text-30\",\"type\":\"text\",\"x\":106.89453125,\"y\":98.53515625,\"width\":197.296875,\"height\":35.03515625,\"text\":\"153, Karunai Nagar, K. Sevoor Katpadi Taluk, Tamil Nadu 632106\",\"align\":\"left\",\"fontSize\":12,\"bold\":false,\"italic\":false,\"underline\":false,\"multiline\":true,\"strokeColor\":4279310375,\"bodyTextColor\":4279310375,\"fillColor\":4294967295,\"fillAlpha\":0,\"strokeWidth\":1,\"borderRadius\":0,\"headerColor\":4294047225,\"headerTextColor\":4279310375,\"dataPath\":\"lines\",\"rowHeight\":30,\"titleHeight\":30,\"cellGap\":6,\"printHeader\":true,\"printTotal\":false,\"assetPath\":\"{{company_logo_url}}\",\"sides\":5,\"barcodeType\":\"code128\",\"columns\":[]}]}', 1, '2026-05-23 09:37:11', '2026-05-29 11:32:57');;

INSERT INTO `print_templates` (`id`, `document_type`, `template_data`, `is_active`, `created_at`, `updated_at`) VALUES
(5, 'sales_order', '{\"pageWidth\":595,\"pageHeight\":842,\"backgroundImagePath\":null,\"backgroundOpacity\":0.18,\"mediaPreset\":\"A4\",\"orientation\":\"portrait\",\"gridSize\":8,\"showGrid\":false,\"shapes\":[{\"id\":\"pbs-outer-border\",\"type\":\"rectangle\",\"x\":29,\"y\":28,\"width\":537,\"height\":786,\"text\":\"\",\"align\":\"left\",\"fontSize\":12,\"bold\":false,\"italic\":false,\"underline\":false,\"multiline\":false,\"strokeColor\":4282156725,\"bodyTextColor\":4282156725,\"fillColor\":4294967295,\"fillAlpha\":0,\"strokeWidth\":1,\"borderRadius\":0,\"headerColor\":4294047225,\"headerTextColor\":4279310375,\"dataPath\":\"lines\",\"rowHeight\":30,\"titleHeight\":30,\"cellGap\":6,\"printHeader\":true,\"printTotal\":false,\"assetPath\":\"{{company_logo_url}}\",\"sides\":5,\"barcodeType\":\"code128\",\"columns\":[]},{\"id\":\"text-doc-type\",\"type\":\"text\",\"x\":102.35546875,\"y\":34.40234375,\"width\":160,\"height\":18,\"text\":\"SALES ORDER\",\"align\":\"center\",\"fontSize\":11,\"bold\":true,\"italic\":false,\"underline\":false,\"multiline\":false,\"strokeColor\":4279310375,\"bodyTextColor\":4279310375,\"fillColor\":4294967295,\"fillAlpha\":0,\"strokeWidth\":1,\"borderRadius\":0,\"headerColor\":4294047225,\"headerTextColor\":4279310375,\"dataPath\":\"lines\",\"rowHeight\":30,\"titleHeight\":30,\"cellGap\":6,\"printHeader\":true,\"printTotal\":false,\"assetPath\":\"{{company_logo_url}}\",\"sides\":5,\"barcodeType\":\"code128\",\"columns\":[]},{\"id\":\"gstin-label\",\"type\":\"text\",\"x\":368,\"y\":32,\"width\":42,\"height\":18,\"text\":\"GSTIN :\",\"align\":\"left\",\"fontSize\":9,\"bold\":false,\"italic\":false,\"underline\":false,\"multiline\":false,\"strokeColor\":4281811281,\"bodyTextColor\":4281811281,\"fillColor\":4294967295,\"fillAlpha\":0,\"strokeWidth\":1,\"borderRadius\":0,\"headerColor\":4294047225,\"headerTextColor\":4279310375,\"dataPath\":\"lines\",\"rowHeight\":30,\"titleHeight\":30,\"cellGap\":6,\"printHeader\":true,\"printTotal\":false,\"assetPath\":\"{{company_logo_url}}\",\"sides\":5,\"barcodeType\":\"code128\",\"columns\":[]},{\"id\":\"gstin-value\",\"type\":\"text\",\"x\":412,\"y\":32,\"width\":148,\"height\":18,\"text\":\"{{company_gstin}}\",\"align\":\"left\",\"fontSize\":9,\"bold\":true,\"italic\":false,\"underline\":false,\"multiline\":false,\"strokeColor\":4279310375,\"bodyTextColor\":4279310375,\"fillColor\":4294967295,\"fillAlpha\":0,\"strokeWidth\":1,\"borderRadius\":0,\"headerColor\":4294047225,\"headerTextColor\":4279310375,\"dataPath\":\"lines\",\"rowHeight\":30,\"titleHeight\":30,\"cellGap\":6,\"printHeader\":true,\"printTotal\":false,\"assetPath\":\"{{company_logo_url}}\",\"sides\":5,\"barcodeType\":\"code128\",\"columns\":[]},{\"id\":\"header-top-divider\",\"type\":\"line\",\"x\":29,\"y\":54,\"width\":537,\"height\":0,\"text\":\"\",\"align\":\"left\",\"fontSize\":12,\"bold\":false,\"italic\":false,\"underline\":false,\"multiline\":false,\"strokeColor\":4289111718,\"bodyTextColor\":4289111718,\"fillColor\":4294967295,\"fillAlpha\":0,\"strokeWidth\":1,\"borderRadius\":0,\"headerColor\":4294047225,\"headerTextColor\":4279310375,\"dataPath\":\"lines\",\"rowHeight\":30,\"titleHeight\":30,\"cellGap\":6,\"printHeader\":true,\"printTotal\":false,\"assetPath\":\"{{company_logo_url}}\",\"sides\":5,\"barcodeType\":\"code128\",\"columns\":[]},{\"id\":\"company-logo\",\"type\":\"image\",\"x\":35.125,\"y\":56.14453125,\"width\":68.8515625,\"height\":65.453125,\"text\":\"\",\"align\":\"left\",\"fontSize\":12,\"bold\":false,\"italic\":false,\"underline\":false,\"multiline\":false,\"strokeColor\":4279310375,\"bodyTextColor\":4279310375,\"fillColor\":4294967295,\"fillAlpha\":0,\"strokeWidth\":0,\"borderRadius\":0,\"headerColor\":4294047225,\"headerTextColor\":4279310375,\"dataPath\":\"lines\",\"rowHeight\":30,\"titleHeight\":30,\"cellGap\":6,\"printHeader\":true,\"printTotal\":false,\"assetPath\":\"https:\\/\\/bill.sakthicontroller.com\\/api\\/public\\/api\\/v1\\/public\\/media\\/file?path=uploads%2Fprint-templates%2F2026%2F05%2F001be57a-4299-4605-9c62-25972b1ced35.png\",\"sides\":5,\"barcodeType\":\"code128\",\"columns\":[]},{\"id\":\"company-address\",\"type\":\"text\",\"x\":49.7734375,\"y\":144.796875,\"width\":208.05859375,\"height\":17.8125,\"text\":\"Cell : 9443036233, 9597773302\",\"align\":\"left\",\"fontSize\":10,\"bold\":false,\"italic\":false,\"underline\":false,\"multiline\":true,\"strokeColor\":4281811281,\"bodyTextColor\":4281811281,\"fillColor\":4294967295,\"fillAlpha\":0,\"strokeWidth\":1,\"borderRadius\":0,\"headerColor\":4294047225,\"headerTextColor\":4279310375,\"dataPath\":\"lines\",\"rowHeight\":30,\"titleHeight\":30,\"cellGap\":6,\"printHeader\":true,\"printTotal\":false,\"assetPath\":\"{{company_logo_url}}\",\"sides\":5,\"barcodeType\":\"code128\",\"columns\":[]},{\"id\":\"header-vertical-divider\",\"type\":\"line\",\"x\":327,\"y\":28,\"width\":0,\"height\":152,\"text\":\"\",\"align\":\"left\",\"fontSize\":12,\"bold\":false,\"italic\":false,\"underline\":false,\"multiline\":false,\"strokeColor\":4289111718,\"bodyTextColor\":4289111718,\"fillColor\":4294967295,\"fillAlpha\":0,\"strokeWidth\":1,\"borderRadius\":0,\"headerColor\":4294047225,\"headerTextColor\":4279310375,\"dataPath\":\"lines\",\"rowHeight\":30,\"titleHeight\":30,\"cellGap\":6,\"printHeader\":true,\"printTotal\":false,\"assetPath\":\"{{company_logo_url}}\",\"sides\":5,\"barcodeType\":\"code128\",\"columns\":[]},{\"id\":\"customer-label\",\"type\":\"text\",\"x\":334,\"y\":58,\"width\":230,\"height\":16,\"text\":\"Customer\",\"align\":\"left\",\"fontSize\":9,\"bold\":true,\"italic\":false,\"underline\":false,\"multiline\":false,\"strokeColor\":4281811281,\"bodyTextColor\":4281811281,\"fillColor\":4294967295,\"fillAlpha\":0,\"strokeWidth\":1,\"borderRadius\":0,\"headerColor\":4294047225,\"headerTextColor\":4279310375,\"dataPath\":\"lines\",\"rowHeight\":30,\"titleHeight\":30,\"cellGap\":6,\"printHeader\":true,\"printTotal\":false,\"assetPath\":\"{{company_logo_url}}\",\"sides\":5,\"barcodeType\":\"code128\",\"columns\":[]},{\"id\":\"party-text\",\"type\":\"text\",\"x\":334,\"y\":76,\"width\":228,\"height\":64,\"text\":\"{{party_name}}\\n{{party_address}}\\n{{party_contact}}\",\"align\":\"left\",\"fontSize\":9,\"bold\":false,\"italic\":false,\"underline\":false,\"multiline\":true,\"strokeColor\":4279310375,\"bodyTextColor\":4279310375,\"fillColor\":4294967295,\"fillAlpha\":0,\"strokeWidth\":1,\"borderRadius\":0,\"headerColor\":4294047225,\"headerTextColor\":4279310375,\"dataPath\":\"lines\",\"rowHeight\":30,\"titleHeight\":30,\"cellGap\":6,\"printHeader\":true,\"printTotal\":false,\"assetPath\":\"{{company_logo_url}}\",\"sides\":5,\"barcodeType\":\"code128\",\"columns\":[]},{\"id\":\"customer-gstn-label\",\"type\":\"text\",\"x\":331.640625,\"y\":147.7890625,\"width\":84,\"height\":14,\"text\":\"Customer GSTN :\",\"align\":\"left\",\"fontSize\":9,\"bold\":false,\"italic\":false,\"underline\":false,\"multiline\":false,\"strokeColor\":4281811281,\"bodyTextColor\":4281811281,\"fillColor\":4294967295,\"fillAlpha\":0,\"strokeWidth\":1,\"borderRadius\":0,\"headerColor\":4294047225,\"headerTextColor\":4279310375,\"dataPath\":\"lines\",\"rowHeight\":30,\"titleHeight\":30,\"cellGap\":6,\"printHeader\":true,\"printTotal\":false,\"assetPath\":\"{{company_logo_url}}\",\"sides\":5,\"barcodeType\":\"code128\",\"columns\":[]},{\"id\":\"customer-gstn-value\",\"type\":\"text\",\"x\":406.53515625,\"y\":148.3046875,\"width\":148,\"height\":14,\"text\":\"{{party_gstin}}\",\"align\":\"left\",\"fontSize\":9,\"bold\":false,\"italic\":false,\"underline\":false,\"multiline\":false,\"strokeColor\":4279310375,\"bodyTextColor\":4279310375,\"fillColor\":4294967295,\"fillAlpha\":0,\"strokeWidth\":1,\"borderRadius\":0,\"headerColor\":4294047225,\"headerTextColor\":4279310375,\"dataPath\":\"lines\",\"rowHeight\":30,\"titleHeight\":30,\"cellGap\":6,\"printHeader\":true,\"printTotal\":false,\"assetPath\":\"{{company_logo_url}}\",\"sides\":5,\"barcodeType\":\"code128\",\"columns\":[]},{\"id\":\"header-divider\",\"type\":\"line\",\"x\":29,\"y\":180,\"width\":537,\"height\":0,\"text\":\"\",\"align\":\"left\",\"fontSize\":12,\"bold\":false,\"italic\":false,\"underline\":false,\"multiline\":false,\"strokeColor\":4289111718,\"bodyTextColor\":4289111718,\"fillColor\":4294967295,\"fillAlpha\":0,\"strokeWidth\":1,\"borderRadius\":0,\"headerColor\":4294047225,\"headerTextColor\":4279310375,\"dataPath\":\"lines\",\"rowHeight\":30,\"titleHeight\":30,\"cellGap\":6,\"printHeader\":true,\"printTotal\":false,\"assetPath\":\"{{company_logo_url}}\",\"sides\":5,\"barcodeType\":\"code128\",\"columns\":[]},{\"id\":\"doc-no-label\",\"type\":\"text\",\"x\":47.73828125,\"y\":185.20703125,\"width\":50,\"height\":16,\"text\":\"Doc No :\",\"align\":\"left\",\"fontSize\":9,\"bold\":false,\"italic\":false,\"underline\":false,\"multiline\":false,\"strokeColor\":4281811281,\"bodyTextColor\":4281811281,\"fillColor\":4294967295,\"fillAlpha\":0,\"strokeWidth\":1,\"borderRadius\":0,\"headerColor\":4294047225,\"headerTextColor\":4279310375,\"dataPath\":\"lines\",\"rowHeight\":30,\"titleHeight\":30,\"cellGap\":6,\"printHeader\":true,\"printTotal\":false,\"assetPath\":\"{{company_logo_url}}\",\"sides\":5,\"barcodeType\":\"code128\",\"columns\":[]},{\"id\":\"doc-no-value\",\"type\":\"text\",\"x\":89.390625,\"y\":186.2109375,\"width\":110,\"height\":16,\"text\":\"{{document_number}}\",\"align\":\"left\",\"fontSize\":9,\"bold\":true,\"italic\":false,\"underline\":false,\"multiline\":false,\"strokeColor\":4279310375,\"bodyTextColor\":4279310375,\"fillColor\":4294967295,\"fillAlpha\":0,\"strokeWidth\":1,\"borderRadius\":0,\"headerColor\":4294047225,\"headerTextColor\":4279310375,\"dataPath\":\"lines\",\"rowHeight\":30,\"titleHeight\":30,\"cellGap\":6,\"printHeader\":true,\"printTotal\":false,\"assetPath\":\"{{company_logo_url}}\",\"sides\":5,\"barcodeType\":\"code128\",\"columns\":[]},{\"id\":\"date-label\",\"type\":\"text\",\"x\":222,\"y\":186.03125,\"width\":35,\"height\":16,\"text\":\"Date :\",\"align\":\"left\",\"fontSize\":9,\"bold\":false,\"italic\":false,\"underline\":false,\"multiline\":false,\"strokeColor\":4281811281,\"bodyTextColor\":4281811281,\"fillColor\":4294967295,\"fillAlpha\":0,\"strokeWidth\":1,\"borderRadius\":0,\"headerColor\":4294047225,\"headerTextColor\":4279310375,\"dataPath\":\"lines\",\"rowHeight\":30,\"titleHeight\":30,\"cellGap\":6,\"printHeader\":true,\"printTotal\":false,\"assetPath\":\"{{company_logo_url}}\",\"sides\":5,\"barcodeType\":\"code128\",\"columns\":[]},{\"id\":\"date-value\",\"type\":\"text\",\"x\":251.26171875,\"y\":186.4296875,\"width\":78,\"height\":16,\"text\":\"{{document_date}}\",\"align\":\"left\",\"fontSize\":9,\"bold\":true,\"italic\":false,\"underline\":false,\"multiline\":false,\"strokeColor\":4279310375,\"bodyTextColor\":4279310375,\"fillColor\":4294967295,\"fillAlpha\":0,\"strokeWidth\":1,\"borderRadius\":0,\"headerColor\":4294047225,\"headerTextColor\":4279310375,\"dataPath\":\"lines\",\"rowHeight\":30,\"titleHeight\":30,\"cellGap\":6,\"printHeader\":true,\"printTotal\":false,\"assetPath\":\"{{company_logo_url}}\",\"sides\":5,\"barcodeType\":\"code128\",\"columns\":[]},{\"id\":\"ref-label\",\"type\":\"text\",\"x\":354.8125,\"y\":186.234375,\"width\":68.22265625,\"height\":16,\"text\":\"P.O Number:\",\"align\":\"left\",\"fontSize\":9,\"bold\":false,\"italic\":false,\"underline\":false,\"multiline\":true,\"strokeColor\":4281811281,\"bodyTextColor\":4281811281,\"fillColor\":4294967295,\"fillAlpha\":0,\"strokeWidth\":1,\"borderRadius\":0,\"headerColor\":4294047225,\"headerTextColor\":4279310375,\"dataPath\":\"lines\",\"rowHeight\":30,\"titleHeight\":30,\"cellGap\":6,\"printHeader\":true,\"printTotal\":false,\"assetPath\":\"{{company_logo_url}}\",\"sides\":5,\"barcodeType\":\"code128\",\"columns\":[]},{\"id\":\"ref-value\",\"type\":\"text\",\"x\":409.68359375,\"y\":187.29296875,\"width\":69.37890625,\"height\":16,\"text\":\"{{reference_number}}\",\"align\":\"left\",\"fontSize\":9,\"bold\":false,\"italic\":false,\"underline\":false,\"multiline\":false,\"strokeColor\":4279310375,\"bodyTextColor\":4279310375,\"fillColor\":4294967295,\"fillAlpha\":0,\"strokeWidth\":1,\"borderRadius\":0,\"headerColor\":4294047225,\"headerTextColor\":4279310375,\"dataPath\":\"lines\",\"rowHeight\":30,\"titleHeight\":30,\"cellGap\":6,\"printHeader\":true,\"printTotal\":false,\"assetPath\":\"{{company_logo_url}}\",\"sides\":5,\"barcodeType\":\"code128\",\"columns\":[]},{\"id\":\"lines-table\",\"type\":\"table\",\"x\":29,\"y\":204,\"width\":537,\"height\":365,\"text\":\"\",\"align\":\"left\",\"fontSize\":12,\"bold\":false,\"italic\":false,\"underline\":false,\"multiline\":false,\"strokeColor\":4282156725,\"bodyTextColor\":4279310375,\"fillColor\":4294967295,\"fillAlpha\":0,\"strokeWidth\":1,\"borderRadius\":0,\"headerColor\":4289581296,\"headerTextColor\":4279310375,\"dataPath\":\"lines\",\"rowHeight\":26,\"titleHeight\":22,\"cellGap\":4,\"printHeader\":true,\"printTotal\":true,\"assetPath\":\"{{company_logo_url}}\",\"sides\":5,\"barcodeType\":\"code128\",\"columns\":[{\"key\":\"item_name\",\"label\":\"Item\",\"widthFactor\":4.5,\"align\":\"left\",\"titleAlign\":\"center\",\"totalColumn\":false},{\"key\":\"qty\",\"label\":\"Qty\",\"widthFactor\":1,\"align\":\"center\",\"titleAlign\":\"center\",\"totalColumn\":false},{\"key\":\"rate\",\"label\":\"Price\",\"widthFactor\":1.5,\"align\":\"center\",\"titleAlign\":\"center\",\"totalColumn\":false},{\"key\":\"tax_amount\",\"label\":\"Tax\",\"widthFactor\":1.5,\"align\":\"center\",\"titleAlign\":\"center\",\"totalColumn\":true},{\"key\":\"line_total\",\"label\":\"Amount\",\"widthFactor\":1.5,\"align\":\"center\",\"titleAlign\":\"center\",\"totalColumn\":true}]},{\"id\":\"amount-words-label\",\"type\":\"text\",\"x\":33.859375,\"y\":577.37890625,\"width\":89,\"height\":14,\"text\":\"Amount in Words:\",\"align\":\"left\",\"fontSize\":9,\"bold\":false,\"italic\":false,\"underline\":false,\"multiline\":false,\"strokeColor\":4281811281,\"bodyTextColor\":4281811281,\"fillColor\":4294967295,\"fillAlpha\":0,\"strokeWidth\":1,\"borderRadius\":0,\"headerColor\":4294047225,\"headerTextColor\":4279310375,\"dataPath\":\"lines\",\"rowHeight\":30,\"titleHeight\":30,\"cellGap\":6,\"printHeader\":true,\"printTotal\":false,\"assetPath\":\"{{company_logo_url}}\",\"sides\":5,\"barcodeType\":\"code128\",\"columns\":[]},{\"id\":\"amount-words-value\",\"type\":\"text\",\"x\":109.953125,\"y\":578.08984375,\"width\":240,\"height\":28,\"text\":\"{{amount_in_words}}\",\"align\":\"left\",\"fontSize\":9,\"bold\":false,\"italic\":true,\"underline\":false,\"multiline\":true,\"strokeColor\":4279310375,\"bodyTextColor\":4279310375,\"fillColor\":4294967295,\"fillAlpha\":0,\"strokeWidth\":1,\"borderRadius\":0,\"headerColor\":4294047225,\"headerTextColor\":4279310375,\"dataPath\":\"lines\",\"rowHeight\":30,\"titleHeight\":30,\"cellGap\":6,\"printHeader\":true,\"printTotal\":false,\"assetPath\":\"{{company_logo_url}}\",\"sides\":5,\"barcodeType\":\"code128\",\"columns\":[]},{\"id\":\"gst-breakup-table\",\"type\":\"table\",\"x\":35.20703125,\"y\":614.80078125,\"width\":318,\"height\":45,\"text\":\"\",\"align\":\"left\",\"fontSize\":12,\"bold\":false,\"italic\":false,\"underline\":false,\"multiline\":false,\"strokeColor\":4282156725,\"bodyTextColor\":4279310375,\"fillColor\":4294967295,\"fillAlpha\":0,\"strokeWidth\":1,\"borderRadius\":0,\"headerColor\":4289581296,\"headerTextColor\":4279310375,\"dataPath\":\"gst_breakup\",\"rowHeight\":18,\"titleHeight\":18,\"cellGap\":3,\"printHeader\":true,\"printTotal\":false,\"assetPath\":\"{{company_logo_url}}\",\"sides\":5,\"barcodeType\":\"code128\",\"columns\":[{\"key\":\"tax_name\",\"label\":\"Tax\",\"widthFactor\":2.5,\"align\":\"center\",\"titleAlign\":\"center\",\"totalColumn\":false},{\"key\":\"taxable\",\"label\":\"Taxable Val\",\"widthFactor\":2.5,\"align\":\"center\",\"titleAlign\":\"center\",\"totalColumn\":false},{\"key\":\"cgst\",\"label\":\"CGST\",\"widthFactor\":2,\"align\":\"center\",\"titleAlign\":\"center\",\"totalColumn\":false},{\"key\":\"sgst\",\"label\":\"SGST\",\"widthFactor\":2,\"align\":\"center\",\"titleAlign\":\"center\",\"totalColumn\":false},{\"key\":\"igst\",\"label\":\"IGST\",\"widthFactor\":2,\"align\":\"center\",\"titleAlign\":\"center\",\"totalColumn\":false}]},{\"id\":\"total-amount-label\",\"type\":\"text\",\"x\":381.58203125,\"y\":630.51953125,\"width\":92.375,\"height\":16,\"text\":\"Total Amount\",\"align\":\"left\",\"fontSize\":14,\"bold\":false,\"italic\":false,\"underline\":false,\"multiline\":true,\"strokeColor\":4281811281,\"bodyTextColor\":4281811281,\"fillColor\":4294967295,\"fillAlpha\":0,\"strokeWidth\":1,\"borderRadius\":0,\"headerColor\":4294047225,\"headerTextColor\":4279310375,\"dataPath\":\"lines\",\"rowHeight\":30,\"titleHeight\":30,\"cellGap\":6,\"printHeader\":true,\"printTotal\":false,\"assetPath\":\"{{company_logo_url}}\",\"sides\":5,\"barcodeType\":\"code128\",\"columns\":[]},{\"id\":\"total-amount-value\",\"type\":\"text\",\"x\":406.6796875,\"y\":629.171875,\"width\":111.73828125,\"height\":16,\"text\":\"{{total_amount}}\",\"align\":\"right\",\"fontSize\":15,\"bold\":true,\"italic\":false,\"underline\":false,\"multiline\":true,\"strokeColor\":4279310375,\"bodyTextColor\":4279310375,\"fillColor\":4294967295,\"fillAlpha\":0,\"strokeWidth\":1,\"borderRadius\":0,\"headerColor\":4294047225,\"headerTextColor\":4279310375,\"dataPath\":\"lines\",\"rowHeight\":30,\"titleHeight\":30,\"cellGap\":6,\"printHeader\":true,\"printTotal\":false,\"assetPath\":\"{{company_logo_url}}\",\"sides\":5,\"barcodeType\":\"code128\",\"columns\":[]},{\"id\":\"terms-title\",\"type\":\"text\",\"x\":33.796875,\"y\":694.7578125,\"width\":130,\"height\":14,\"text\":\"Terms and Condition\",\"align\":\"left\",\"fontSize\":9,\"bold\":true,\"italic\":false,\"underline\":false,\"multiline\":false,\"strokeColor\":4281811281,\"bodyTextColor\":4281811281,\"fillColor\":4294967295,\"fillAlpha\":0,\"strokeWidth\":1,\"borderRadius\":0,\"headerColor\":4294047225,\"headerTextColor\":4279310375,\"dataPath\":\"lines\",\"rowHeight\":30,\"titleHeight\":30,\"cellGap\":6,\"printHeader\":true,\"printTotal\":false,\"assetPath\":\"{{company_logo_url}}\",\"sides\":5,\"barcodeType\":\"code128\",\"columns\":[]},{\"id\":\"terms-text\",\"type\":\"text\",\"x\":37,\"y\":712,\"width\":320,\"height\":38,\"text\":\"{{terms_conditions}}\",\"align\":\"left\",\"fontSize\":8,\"bold\":false,\"italic\":false,\"underline\":false,\"multiline\":true,\"strokeColor\":4281811281,\"bodyTextColor\":4281811281,\"fillColor\":4294967295,\"fillAlpha\":0,\"strokeWidth\":1,\"borderRadius\":0,\"headerColor\":4294047225,\"headerTextColor\":4279310375,\"dataPath\":\"lines\",\"rowHeight\":30,\"titleHeight\":30,\"cellGap\":6,\"printHeader\":true,\"printTotal\":false,\"assetPath\":\"{{company_logo_url}}\",\"sides\":5,\"barcodeType\":\"code128\",\"columns\":[]},{\"id\":\"banking-label\",\"type\":\"text\",\"x\":34.8203125,\"y\":755.421875,\"width\":140,\"height\":14,\"text\":\"Our Banking Details\",\"align\":\"left\",\"fontSize\":9,\"bold\":true,\"italic\":false,\"underline\":false,\"multiline\":true,\"strokeColor\":4281811281,\"bodyTextColor\":4281811281,\"fillColor\":4294967295,\"fillAlpha\":0,\"strokeWidth\":1,\"borderRadius\":0,\"headerColor\":4294047225,\"headerTextColor\":4279310375,\"dataPath\":\"lines\",\"rowHeight\":30,\"titleHeight\":30,\"cellGap\":6,\"printHeader\":true,\"printTotal\":false,\"assetPath\":\"{{company_logo_url}}\",\"sides\":5,\"barcodeType\":\"code128\",\"columns\":[]},{\"id\":\"auth-signatory\",\"type\":\"text\",\"x\":352.97265625,\"y\":785.78515625,\"width\":198,\"height\":14,\"text\":\"Authorised Signatory\",\"align\":\"right\",\"fontSize\":9,\"bold\":false,\"italic\":false,\"underline\":false,\"multiline\":false,\"strokeColor\":4281811281,\"bodyTextColor\":4281811281,\"fillColor\":4294967295,\"fillAlpha\":0,\"strokeWidth\":1,\"borderRadius\":0,\"headerColor\":4294047225,\"headerTextColor\":4279310375,\"dataPath\":\"lines\",\"rowHeight\":30,\"titleHeight\":30,\"cellGap\":6,\"printHeader\":true,\"printTotal\":false,\"assetPath\":\"{{company_logo_url}}\",\"sides\":5,\"barcodeType\":\"code128\",\"columns\":[]},{\"id\":\"text-29\",\"type\":\"text\",\"x\":108.11328125,\"y\":70.61328125,\"width\":219.93359375,\"height\":23.19140625,\"text\":\"Sakthi Controller \",\"align\":\"left\",\"fontSize\":16,\"bold\":true,\"italic\":false,\"underline\":false,\"multiline\":true,\"strokeColor\":4279310375,\"bodyTextColor\":4279310375,\"fillColor\":4294967295,\"fillAlpha\":0,\"strokeWidth\":1,\"borderRadius\":0,\"headerColor\":4294047225,\"headerTextColor\":4279310375,\"dataPath\":\"lines\",\"rowHeight\":30,\"titleHeight\":30,\"cellGap\":6,\"printHeader\":true,\"printTotal\":false,\"assetPath\":\"{{company_logo_url}}\",\"sides\":5,\"barcodeType\":\"code128\",\"columns\":[]},{\"id\":\"text-30\",\"type\":\"text\",\"x\":106.89453125,\"y\":98.53515625,\"width\":197.296875,\"height\":35.03515625,\"text\":\"153, Karunai Nagar, K. Sevoor Katpadi Taluk, Tamil Nadu 632106\",\"align\":\"left\",\"fontSize\":12,\"bold\":false,\"italic\":false,\"underline\":false,\"multiline\":true,\"strokeColor\":4279310375,\"bodyTextColor\":4279310375,\"fillColor\":4294967295,\"fillAlpha\":0,\"strokeWidth\":1,\"borderRadius\":0,\"headerColor\":4294047225,\"headerTextColor\":4279310375,\"dataPath\":\"lines\",\"rowHeight\":30,\"titleHeight\":30,\"cellGap\":6,\"printHeader\":true,\"printTotal\":false,\"assetPath\":\"{{company_logo_url}}\",\"sides\":5,\"barcodeType\":\"code128\",\"columns\":[]},{\"id\":\"text-31\",\"type\":\"text\",\"x\":39.3828125,\"y\":770.46484375,\"width\":200,\"height\":28,\"text\":\"A\\/C No: 000041004790019\\nIFSC: DEUT0401PBC\\nBank Name\\/Branch: Deutsche Bank - vellore\",\"align\":\"left\",\"fontSize\":9,\"bold\":false,\"italic\":false,\"underline\":false,\"multiline\":true,\"strokeColor\":4279310375,\"bodyTextColor\":4279310375,\"fillColor\":4294967295,\"fillAlpha\":0,\"strokeWidth\":1,\"borderRadius\":0,\"headerColor\":4294047225,\"headerTextColor\":4279310375,\"dataPath\":\"lines\",\"rowHeight\":30,\"titleHeight\":30,\"cellGap\":6,\"printHeader\":true,\"printTotal\":false,\"assetPath\":\"{{company_logo_url}}\",\"sides\":5,\"barcodeType\":\"code128\",\"columns\":[]}]}', 1, '2026-05-23 09:58:29', '2026-05-30 06:21:40'),
(6, 'sales_returnable_delivery', '{\n  \"pageWidth\": 595,\n  \"pageHeight\": 842,\n  \"backgroundImagePath\": null,\n  \"backgroundOpacity\": 0.18,\n  \"mediaPreset\": \"A4\",\n  \"orientation\": \"portrait\",\n  \"gridSize\": 8,\n  \"showGrid\": false,\n  \"shapes\": [\n    {\n      \"id\": \"pbs-outer-border\",\n      \"type\": \"rectangle\",\n      \"x\": 29,\n      \"y\": 27,\n      \"width\": 537,\n      \"height\": 786,\n      \"text\": \"\",\n      \"align\": \"left\",\n      \"fontSize\": 12,\n      \"bold\": false,\n      \"italic\": false,\n      \"underline\": false,\n      \"multiline\": false,\n      \"strokeColor\": 4282156725,\n      \"bodyTextColor\": 4282156725,\n      \"fillColor\": 4294967295,\n      \"fillAlpha\": 0,\n      \"strokeWidth\": 1,\n      \"borderRadius\": 0,\n      \"headerColor\": 4294047225,\n      \"headerTextColor\": 4279310375,\n      \"dataPath\": \"lines\",\n      \"rowHeight\": 30,\n      \"titleHeight\": 30,\n      \"cellGap\": 6,\n      \"printHeader\": true,\n      \"printTotal\": false,\n      \"assetPath\": \"{{company_logo_url}}\",\n      \"sides\": 5,\n      \"barcodeType\": \"code128\",\n      \"columns\": []\n    },\n    {\n      \"id\": \"text-doc-type\",\n      \"type\": \"text\",\n      \"x\": 44.24609375,\n      \"y\": 33.96484375,\n      \"width\": 263.2734375,\n      \"height\": 16.40625,\n      \"text\": \"RETURNABLE DELIVERY CHALLAN\",\n      \"align\": \"center\",\n      \"fontSize\": 11,\n      \"bold\": true,\n      \"italic\": false,\n      \"underline\": false,\n      \"multiline\": true,\n      \"strokeColor\": 4279310375,\n      \"bodyTextColor\": 4279310375,\n      \"fillColor\": 4294967295,\n      \"fillAlpha\": 0,\n      \"strokeWidth\": 1,\n      \"borderRadius\": 0,\n      \"headerColor\": 4294047225,\n      \"headerTextColor\": 4279310375,\n      \"dataPath\": \"lines\",\n      \"rowHeight\": 30,\n      \"titleHeight\": 30,\n      \"cellGap\": 6,\n      \"printHeader\": true,\n      \"printTotal\": false,\n      \"assetPath\": \"{{company_logo_url}}\",\n      \"sides\": 5,\n      \"barcodeType\": \"code128\",\n      \"columns\": []\n    },\n    {\n      \"id\": \"gstin-label\",\n      \"type\": \"text\",\n      \"x\": 368,\n      \"y\": 32,\n      \"width\": 42,\n      \"height\": 18,\n      \"text\": \"GSTIN :\",\n      \"align\": \"left\",\n      \"fontSize\": 9,\n      \"bold\": false,\n      \"italic\": false,\n      \"underline\": false,\n      \"multiline\": false,\n      \"strokeColor\": 4281811281,\n      \"bodyTextColor\": 4281811281,\n      \"fillColor\": 4294967295,\n      \"fillAlpha\": 0,\n      \"strokeWidth\": 1,\n      \"borderRadius\": 0,\n      \"headerColor\": 4294047225,\n      \"headerTextColor\": 4279310375,\n      \"dataPath\": \"lines\",\n      \"rowHeight\": 30,\n      \"titleHeight\": 30,\n      \"cellGap\": 6,\n      \"printHeader\": true,\n      \"printTotal\": false,\n      \"assetPath\": \"{{company_logo_url}}\",\n      \"sides\": 5,\n      \"barcodeType\": \"code128\",\n      \"columns\": []\n    },\n    {\n      \"id\": \"gstin-value\",\n      \"type\": \"text\",\n      \"x\": 412,\n      \"y\": 32,\n      \"width\": 148,\n      \"height\": 18,\n      \"text\": \"{{company_gstin}}\",\n      \"align\": \"left\",\n      \"fontSize\": 9,\n      \"bold\": true,\n      \"italic\": false,\n      \"underline\": false,\n      \"multiline\": false,\n      \"strokeColor\": 4279310375,\n      \"bodyTextColor\": 4279310375,\n      \"fillColor\": 4294967295,\n      \"fillAlpha\": 0,\n      \"strokeWidth\": 1,\n      \"borderRadius\": 0,\n      \"headerColor\": 4294047225,\n      \"headerTextColor\": 4279310375,\n      \"dataPath\": \"lines\",\n      \"rowHeight\": 30,\n      \"titleHeight\": 30,\n      \"cellGap\": 6,\n      \"printHeader\": true,\n      \"printTotal\": false,\n      \"assetPath\": \"{{company_logo_url}}\",\n      \"sides\": 5,\n      \"barcodeType\": \"code128\",\n      \"columns\": []\n    },\n    {\n      \"id\": \"header-top-divider\",\n      \"type\": \"line\",\n      \"x\": 29.9296875,\n      \"y\": 52.96875,\n      \"width\": 537,\n      \"height\": 0,\n      \"text\": \"\",\n      \"align\": \"left\",\n      \"fontSize\": 12,\n      \"bold\": false,\n      \"italic\": false,\n      \"underline\": false,\n      \"multiline\": false,\n      \"strokeColor\": 4289111718,\n      \"bodyTextColor\": 4289111718,\n      \"fillColor\": 4294967295,\n      \"fillAlpha\": 0,\n      \"strokeWidth\": 1,\n      \"borderRadius\": 0,\n      \"headerColor\": 4294047225,\n      \"headerTextColor\": 4279310375,\n      \"dataPath\": \"lines\",\n      \"rowHeight\": 30,\n      \"titleHeight\": 30,\n      \"cellGap\": 6,\n      \"printHeader\": true,\n      \"printTotal\": false,\n      \"assetPath\": \"{{company_logo_url}}\",\n      \"sides\": 5,\n      \"barcodeType\": \"code128\",\n      \"columns\": []\n    },\n    {\n      \"id\": \"company-logo\",\n      \"type\": \"image\",\n      \"x\": 35.125,\n      \"y\": 56.14453125,\n      \"width\": 68.8515625,\n      \"height\": 65.453125,\n      \"text\": \"\",\n      \"align\": \"left\",\n      \"fontSize\": 12,\n      \"bold\": false,\n      \"italic\": false,\n      \"underline\": false,\n      \"multiline\": false,\n      \"strokeColor\": 4279310375,\n      \"bodyTextColor\": 4279310375,\n      \"fillColor\": 4294967295,\n      \"fillAlpha\": 0,\n      \"strokeWidth\": 0,\n      \"borderRadius\": 0,\n      \"headerColor\": 4294047225,\n      \"headerTextColor\": 4279310375,\n      \"dataPath\": \"lines\",\n      \"rowHeight\": 30,\n      \"titleHeight\": 30,\n      \"cellGap\": 6,\n      \"printHeader\": true,\n      \"printTotal\": false,\n      \"assetPath\": \"https://bill.sakthicontroller.com/api/public/api/v1/public/media/file?path=uploads%2Fprint-templates%2F2026%2F05%2F001be57a-4299-4605-9c62-25972b1ced35.png\",\n      \"sides\": 5,\n      \"barcodeType\": \"code128\",\n      \"columns\": []\n    },\n    {\n      \"id\": \"company-address\",\n      \"type\": \"text\",\n      \"x\": 49.7734375,\n      \"y\": 144.796875,\n      \"width\": 208.05859375,\n      \"height\": 17.8125,\n      \"text\": \"Cell : 9443036233, 9597773302\",\n      \"align\": \"left\",\n      \"fontSize\": 10,\n      \"bold\": false,\n      \"italic\": false,\n      \"underline\": false,\n      \"multiline\": true,\n      \"strokeColor\": 4281811281,\n      \"bodyTextColor\": 4281811281,\n      \"fillColor\": 4294967295,\n      \"fillAlpha\": 0,\n      \"strokeWidth\": 1,\n      \"borderRadius\": 0,\n      \"headerColor\": 4294047225,\n      \"headerTextColor\": 4279310375,\n      \"dataPath\": \"lines\",\n      \"rowHeight\": 30,\n      \"titleHeight\": 30,\n      \"cellGap\": 6,\n      \"printHeader\": true,\n      \"printTotal\": false,\n      \"assetPath\": \"{{company_logo_url}}\",\n      \"sides\": 5,\n      \"barcodeType\": \"code128\",\n      \"columns\": []\n    },\n    {\n      \"id\": \"header-vertical-divider\",\n      \"type\": \"line\",\n      \"x\": 327,\n      \"y\": 28,\n      \"width\": 0,\n      \"height\": 152,\n      \"text\": \"\",\n      \"align\": \"left\",\n      \"fontSize\": 12,\n      \"bold\": false,\n      \"italic\": false,\n      \"underline\": false,\n      \"multiline\": false,\n      \"strokeColor\": 4289111718,\n      \"bodyTextColor\": 4289111718,\n      \"fillColor\": 4294967295,\n      \"fillAlpha\": 0,\n      \"strokeWidth\": 1,\n      \"borderRadius\": 0,\n      \"headerColor\": 4294047225,\n      \"headerTextColor\": 4279310375,\n      \"dataPath\": \"lines\",\n      \"rowHeight\": 30,\n      \"titleHeight\": 30,\n      \"cellGap\": 6,\n      \"printHeader\": true,\n      \"printTotal\": false,\n      \"assetPath\": \"{{company_logo_url}}\",\n      \"sides\": 5,\n      \"barcodeType\": \"code128\",\n      \"columns\": []\n    },\n    {\n      \"id\": \"customer-label\",\n      \"type\": \"text\",\n      \"x\": 334,\n      \"y\": 58,\n      \"width\": 230,\n      \"height\": 16,\n      \"text\": \"Customer\",\n      \"align\": \"left\",\n      \"fontSize\": 9,\n      \"bold\": true,\n      \"italic\": false,\n      \"underline\": false,\n      \"multiline\": false,\n      \"strokeColor\": 4281811281,\n      \"bodyTextColor\": 4281811281,\n      \"fillColor\": 4294967295,\n      \"fillAlpha\": 0,\n      \"strokeWidth\": 1,\n      \"borderRadius\": 0,\n      \"headerColor\": 4294047225,\n      \"headerTextColor\": 4279310375,\n      \"dataPath\": \"lines\",\n      \"rowHeight\": 30,\n      \"titleHeight\": 30,\n      \"cellGap\": 6,\n      \"printHeader\": true,\n      \"printTotal\": false,\n      \"assetPath\": \"{{company_logo_url}}\",\n      \"sides\": 5,\n      \"barcodeType\": \"code128\",\n      \"columns\": []\n    },\n    {\n      \"id\": \"party-text\",\n      \"type\": \"text\",\n      \"x\": 334,\n      \"y\": 76,\n      \"width\": 228,\n      \"height\": 64,\n      \"text\": \"{{party_name}}\\n{{party_address}}\\n{{party_contact}}\",\n      \"align\": \"left\",\n      \"fontSize\": 9,\n      \"bold\": false,\n      \"italic\": false,\n      \"underline\": false,\n      \"multiline\": true,\n      \"strokeColor\": 4279310375,\n      \"bodyTextColor\": 4279310375,\n      \"fillColor\": 4294967295,\n      \"fillAlpha\": 0,\n      \"strokeWidth\": 1,\n      \"borderRadius\": 0,\n      \"headerColor\": 4294047225,\n      \"headerTextColor\": 4279310375,\n      \"dataPath\": \"lines\",\n      \"rowHeight\": 30,\n      \"titleHeight\": 30,\n      \"cellGap\": 6,\n      \"printHeader\": true,\n      \"printTotal\": false,\n      \"assetPath\": \"{{company_logo_url}}\",\n      \"sides\": 5,\n      \"barcodeType\": \"code128\",\n      \"columns\": []\n    },\n    {\n      \"id\": \"customer-gstn-label\",\n      \"type\": \"text\",\n      \"x\": 331.640625,\n      \"y\": 147.7890625,\n      \"width\": 84,\n      \"height\": 14,\n      \"text\": \"Customer GSTN : {{party_gstin}}\",\n      \"align\": \"left\",\n      \"fontSize\": 9,\n      \"bold\": false,\n      \"italic\": false,\n      \"underline\": false,\n      \"multiline\": false,\n      \"strokeColor\": 4281811281,\n      \"bodyTextColor\": 4281811281,\n      \"fillColor\": 4294967295,\n      \"fillAlpha\": 0,\n      \"strokeWidth\": 1,\n      \"borderRadius\": 0,\n      \"headerColor\": 4294047225,\n      \"headerTextColor\": 4279310375,\n      \"dataPath\": \"lines\",\n      \"rowHeight\": 30,\n      \"titleHeight\": 30,\n      \"cellGap\": 6,\n      \"printHeader\": true,\n      \"printTotal\": false,\n      \"assetPath\": \"{{company_logo_url}}\",\n      \"sides\": 5,\n      \"barcodeType\": \"code128\",\n      \"columns\": []\n    },\n    {\n      \"id\": \"customer-gstn-value\",\n      \"type\": \"text\",\n      \"x\": 406.1484375,\n      \"y\": 142.6171875,\n      \"width\": 148,\n      \"height\": 14,\n      \"text\": \"{{party_gstin}}\",\n      \"align\": \"left\",\n      \"fontSize\": 9,\n      \"bold\": false,\n      \"italic\": false,\n      \"underline\": false,\n      \"multiline\": false,\n      \"strokeColor\": 4279310375,\n      \"bodyTextColor\": 4279310375,\n      \"fillColor\": 4294967295,\n      \"fillAlpha\": 0,\n      \"strokeWidth\": 1,\n      \"borderRadius\": 0,\n      \"headerColor\": 4294047225,\n      \"headerTextColor\": 4279310375,\n      \"dataPath\": \"lines\",\n      \"rowHeight\": 30,\n      \"titleHeight\": 30,\n      \"cellGap\": 6,\n      \"printHeader\": true,\n      \"printTotal\": false,\n      \"assetPath\": \"{{company_logo_url}}\",\n      \"sides\": 5,\n      \"barcodeType\": \"code128\",\n      \"columns\": []\n    },\n    {\n      \"id\": \"header-divider\",\n      \"type\": \"line\",\n      \"x\": 29,\n      \"y\": 180,\n      \"width\": 537,\n      \"height\": 0,\n      \"text\": \"\",\n      \"align\": \"left\",\n      \"fontSize\": 12,\n      \"bold\": false,\n      \"italic\": false,\n      \"underline\": false,\n      \"multiline\": false,\n      \"strokeColor\": 4289111718,\n      \"bodyTextColor\": 4289111718,\n      \"fillColor\": 4294967295,\n      \"fillAlpha\": 0,\n      \"strokeWidth\": 1,\n      \"borderRadius\": 0,\n      \"headerColor\": 4294047225,\n      \"headerTextColor\": 4279310375,\n      \"dataPath\": \"lines\",\n      \"rowHeight\": 30,\n      \"titleHeight\": 30,\n      \"cellGap\": 6,\n      \"printHeader\": true,\n      \"printTotal\": false,\n      \"assetPath\": \"{{company_logo_url}}\",\n      \"sides\": 5,\n      \"barcodeType\": \"code128\",\n      \"columns\": []\n    },\n    {\n      \"id\": \"doc-no-label\",\n      \"type\": \"text\",\n      \"x\": 47.73828125,\n      \"y\": 185.20703125,\n      \"width\": 50,\n      \"height\": 16,\n      \"text\": \"Doc No :\",\n      \"align\": \"left\",\n      \"fontSize\": 9,\n      \"bold\": false,\n      \"italic\": false,\n      \"underline\": false,\n      \"multiline\": false,\n      \"strokeColor\": 4281811281,\n      \"bodyTextColor\": 4281811281,\n      \"fillColor\": 4294967295,\n      \"fillAlpha\": 0,\n      \"strokeWidth\": 1,\n      \"borderRadius\": 0,\n      \"headerColor\": 4294047225,\n      \"headerTextColor\": 4279310375,\n      \"dataPath\": \"lines\",\n      \"rowHeight\": 30,\n      \"titleHeight\": 30,\n      \"cellGap\": 6,\n      \"printHeader\": true,\n      \"printTotal\": false,\n      \"assetPath\": \"{{company_logo_url}}\",\n      \"sides\": 5,\n      \"barcodeType\": \"code128\",\n      \"columns\": []\n    },\n    {\n      \"id\": \"doc-no-value\",\n      \"type\": \"text\",\n      \"x\": 89.390625,\n      \"y\": 186.2109375,\n      \"width\": 110,\n      \"height\": 16,\n      \"text\": \"{{document_number}}\",\n      \"align\": \"left\",\n      \"fontSize\": 9,\n      \"bold\": true,\n      \"italic\": false,\n      \"underline\": false,\n      \"multiline\": false,\n      \"strokeColor\": 4279310375,\n      \"bodyTextColor\": 4279310375,\n      \"fillColor\": 4294967295,\n      \"fillAlpha\": 0,\n      \"strokeWidth\": 1,\n      \"borderRadius\": 0,\n      \"headerColor\": 4294047225,\n      \"headerTextColor\": 4279310375,\n      \"dataPath\": \"lines\",\n      \"rowHeight\": 30,\n      \"titleHeight\": 30,\n      \"cellGap\": 6,\n      \"printHeader\": true,\n      \"printTotal\": false,\n      \"assetPath\": \"{{company_logo_url}}\",\n      \"sides\": 5,\n      \"barcodeType\": \"code128\",\n      \"columns\": []\n    },\n    {\n      \"id\": \"date-label\",\n      \"type\": \"text\",\n      \"x\": 222,\n      \"y\": 186.03125,\n      \"width\": 35,\n      \"height\": 16,\n      \"text\": \"Date :\",\n      \"align\": \"left\",\n      \"fontSize\": 9,\n      \"bold\": false,\n      \"italic\": false,\n      \"underline\": false,\n      \"multiline\": false,\n      \"strokeColor\": 4281811281,\n      \"bodyTextColor\": 4281811281,\n      \"fillColor\": 4294967295,\n      \"fillAlpha\": 0,\n      \"strokeWidth\": 1,\n      \"borderRadius\": 0,\n      \"headerColor\": 4294047225,\n      \"headerTextColor\": 4279310375,\n      \"dataPath\": \"lines\",\n      \"rowHeight\": 30,\n      \"titleHeight\": 30,\n      \"cellGap\": 6,\n      \"printHeader\": true,\n      \"printTotal\": false,\n      \"assetPath\": \"{{company_logo_url}}\",\n      \"sides\": 5,\n      \"barcodeType\": \"code128\",\n      \"columns\": []\n    },\n    {\n      \"id\": \"date-value\",\n      \"type\": \"text\",\n      \"x\": 251.26171875,\n      \"y\": 186.4296875,\n      \"width\": 78,\n      \"height\": 16,\n      \"text\": \"{{document_date}}\",\n      \"align\": \"left\",\n      \"fontSize\": 9,\n      \"bold\": true,\n      \"italic\": false,\n      \"underline\": false,\n      \"multiline\": false,\n      \"strokeColor\": 4279310375,\n      \"bodyTextColor\": 4279310375,\n      \"fillColor\": 4294967295,\n      \"fillAlpha\": 0,\n      \"strokeWidth\": 1,\n      \"borderRadius\": 0,\n      \"headerColor\": 4294047225,\n      \"headerTextColor\": 4279310375,\n      \"dataPath\": \"lines\",\n      \"rowHeight\": 30,\n      \"titleHeight\": 30,\n      \"cellGap\": 6,\n      \"printHeader\": true,\n      \"printTotal\": false,\n      \"assetPath\": \"{{company_logo_url}}\",\n      \"sides\": 5,\n      \"barcodeType\": \"code128\",\n      \"columns\": []\n    },\n    {\n      \"id\": \"ref-label\",\n      \"type\": \"text\",\n      \"x\": 354.8125,\n      \"y\": 186.234375,\n      \"width\": 68.22265625,\n      \"height\": 16,\n      \"text\": \"Ref :\",\n      \"align\": \"left\",\n      \"fontSize\": 9,\n      \"bold\": false,\n      \"italic\": false,\n      \"underline\": false,\n      \"multiline\": true,\n      \"strokeColor\": 4281811281,\n      \"bodyTextColor\": 4281811281,\n      \"fillColor\": 4294967295,\n      \"fillAlpha\": 0,\n      \"strokeWidth\": 1,\n      \"borderRadius\": 0,\n      \"headerColor\": 4294047225,\n      \"headerTextColor\": 4279310375,\n      \"dataPath\": \"lines\",\n      \"rowHeight\": 30,\n      \"titleHeight\": 30,\n      \"cellGap\": 6,\n      \"printHeader\": true,\n      \"printTotal\": false,\n      \"assetPath\": \"{{company_logo_url}}\",\n      \"sides\": 5,\n      \"barcodeType\": \"code128\",\n      \"columns\": []\n    },\n    {\n      \"id\": \"ref-value\",\n      \"type\": \"text\",\n      \"x\": 409.68359375,\n      \"y\": 187.29296875,\n      \"width\": 69.37890625,\n      \"height\": 16,\n      \"text\": \"{{reference_number}}\",\n      \"align\": \"left\",\n      \"fontSize\": 9,\n      \"bold\": false,\n      \"italic\": false,\n      \"underline\": false,\n      \"multiline\": false,\n      \"strokeColor\": 4279310375,\n      \"bodyTextColor\": 4279310375,\n      \"fillColor\": 4294967295,\n      \"fillAlpha\": 0,\n      \"strokeWidth\": 1,\n      \"borderRadius\": 0,\n      \"headerColor\": 4294047225,\n      \"headerTextColor\": 4279310375,\n      \"dataPath\": \"lines\",\n      \"rowHeight\": 30,\n      \"titleHeight\": 30,\n      \"cellGap\": 6,\n      \"printHeader\": true,\n      \"printTotal\": false,\n      \"assetPath\": \"{{company_logo_url}}\",\n      \"sides\": 5,\n      \"barcodeType\": \"code128\",\n      \"columns\": []\n    },\n    {\n      \"id\": \"lines-table\",\n      \"type\": \"table\",\n      \"x\": 29,\n      \"y\": 204,\n      \"width\": 537,\n      \"height\": 365,\n      \"text\": \"\",\n      \"align\": \"left\",\n      \"fontSize\": 12,\n      \"bold\": false,\n      \"italic\": false,\n      \"underline\": false,\n      \"multiline\": false,\n      \"strokeColor\": 4282156725,\n      \"bodyTextColor\": 4282156725,\n      \"fillColor\": 4294967295,\n      \"fillAlpha\": 0,\n      \"strokeWidth\": 1,\n      \"borderRadius\": 0,\n      \"headerColor\": 4289581296,\n      \"headerTextColor\": 4279310375,\n      \"dataPath\": \"lines\",\n      \"rowHeight\": 26,\n      \"titleHeight\": 22,\n      \"cellGap\": 4,\n      \"printHeader\": true,\n      \"printTotal\": true,\n      \"assetPath\": \"{{company_logo_url}}\",\n      \"sides\": 5,\n      \"barcodeType\": \"code128\",\n      \"columns\": [\n        {\n          \"key\": \"item_name\",\n          \"label\": \"Item\",\n          \"widthFactor\": 4.5,\n          \"align\": \"left\",\n          \"titleAlign\": \"center\",\n          \"totalColumn\": false\n        },\n        {\n          \"key\": \"qty\",\n          \"label\": \"Qty\",\n          \"widthFactor\": 1,\n          \"align\": \"center\",\n          \"titleAlign\": \"center\",\n          \"totalColumn\": false\n        }\n      ]\n    },\n    {\n      \"id\": \"terms-title\",\n      \"type\": \"text\",\n      \"x\": 37.796875,\n      \"y\": 633.7578125,\n      \"width\": 130,\n      \"height\": 14,\n      \"text\": \"Terms and Condition\",\n      \"align\": \"left\",\n      \"fontSize\": 9,\n      \"bold\": true,\n      \"italic\": false,\n      \"underline\": false,\n      \"multiline\": false,\n      \"strokeColor\": 4281811281,\n      \"bodyTextColor\": 4281811281,\n      \"fillColor\": 4294967295,\n      \"fillAlpha\": 0,\n      \"strokeWidth\": 1,\n      \"borderRadius\": 0,\n      \"headerColor\": 4294047225,\n      \"headerTextColor\": 4279310375,\n      \"dataPath\": \"lines\",\n      \"rowHeight\": 30,\n      \"titleHeight\": 30,\n      \"cellGap\": 6,\n      \"printHeader\": true,\n      \"printTotal\": false,\n      \"assetPath\": \"{{company_logo_url}}\",\n      \"sides\": 5,\n      \"barcodeType\": \"code128\",\n      \"columns\": []\n    },\n    {\n      \"id\": \"terms-text\",\n      \"type\": \"text\",\n      \"x\": 37,\n      \"y\": 712,\n      \"width\": 320,\n      \"height\": 38,\n      \"text\": \"{{terms_conditions}}\",\n      \"align\": \"left\",\n      \"fontSize\": 8,\n      \"bold\": false,\n      \"italic\": false,\n      \"underline\": false,\n      \"multiline\": true,\n      \"strokeColor\": 4281811281,\n      \"bodyTextColor\": 4281811281,\n      \"fillColor\": 4294967295,\n      \"fillAlpha\": 0,\n      \"strokeWidth\": 1,\n      \"borderRadius\": 0,\n      \"headerColor\": 4294047225,\n      \"headerTextColor\": 4279310375,\n      \"dataPath\": \"lines\",\n      \"rowHeight\": 30,\n      \"titleHeight\": 30,\n      \"cellGap\": 6,\n      \"printHeader\": true,\n      \"printTotal\": false,\n      \"assetPath\": \"{{company_logo_url}}\",\n      \"sides\": 5,\n      \"barcodeType\": \"code128\",\n      \"columns\": []\n    },\n    {\n      \"id\": \"auth-signatory\",\n      \"type\": \"text\",\n      \"x\": 352.97265625,\n      \"y\": 785.78515625,\n      \"width\": 198,\n      \"height\": 14,\n      \"text\": \"Authorised Signatory\",\n      \"align\": \"right\",\n      \"fontSize\": 9,\n      \"bold\": false,\n      \"italic\": false,\n      \"underline\": false,\n      \"multiline\": false,\n      \"strokeColor\": 4281811281,\n      \"bodyTextColor\": 4281811281,\n      \"fillColor\": 4294967295,\n      \"fillAlpha\": 0,\n      \"strokeWidth\": 1,\n      \"borderRadius\": 0,\n      \"headerColor\": 4294047225,\n      \"headerTextColor\": 4279310375,\n      \"dataPath\": \"lines\",\n      \"rowHeight\": 30,\n      \"titleHeight\": 30,\n      \"cellGap\": 6,\n      \"printHeader\": true,\n      \"printTotal\": false,\n      \"assetPath\": \"{{company_logo_url}}\",\n      \"sides\": 5,\n      \"barcodeType\": \"code128\",\n      \"columns\": []\n    },\n    {\n      \"id\": \"text-29\",\n      \"type\": \"text\",\n      \"x\": 108.11328125,\n      \"y\": 70.61328125,\n      \"width\": 219.93359375,\n      \"height\": 23.19140625,\n      \"text\": \"Sakthi Controller \",\n      \"align\": \"left\",\n      \"fontSize\": 16,\n      \"bold\": true,\n      \"italic\": false,\n      \"underline\": false,\n      \"multiline\": true,\n      \"strokeColor\": 4279310375,\n      \"bodyTextColor\": 4279310375,\n      \"fillColor\": 4294967295,\n      \"fillAlpha\": 0,\n      \"strokeWidth\": 1,\n      \"borderRadius\": 0,\n      \"headerColor\": 4294047225,\n      \"headerTextColor\": 4279310375,\n      \"dataPath\": \"lines\",\n      \"rowHeight\": 30,\n      \"titleHeight\": 30,\n      \"cellGap\": 6,\n      \"printHeader\": true,\n      \"printTotal\": false,\n      \"assetPath\": \"{{company_logo_url}}\",\n      \"sides\": 5,\n      \"barcodeType\": \"code128\",\n      \"columns\": []\n    },\n    {\n      \"id\": \"text-30\",\n      \"type\": \"text\",\n      \"x\": 106.89453125,\n      \"y\": 98.53515625,\n      \"width\": 197.296875,\n      \"height\": 35.03515625,\n      \"text\": \"153, Karunai Nagar, K. Sevoor Katpadi Taluk, Tamil Nadu 632106\",\n      \"align\": \"left\",\n      \"fontSize\": 12,\n      \"bold\": false,\n      \"italic\": false,\n      \"underline\": false,\n      \"multiline\": true,\n      \"strokeColor\": 4279310375,\n      \"bodyTextColor\": 4279310375,\n      \"fillColor\": 4294967295,\n      \"fillAlpha\": 0,\n      \"strokeWidth\": 1,\n      \"borderRadius\": 0,\n      \"headerColor\": 4294047225,\n      \"headerTextColor\": 4279310375,\n      \"dataPath\": \"lines\",\n      \"rowHeight\": 30,\n      \"titleHeight\": 30,\n      \"cellGap\": 6,\n      \"printHeader\": true,\n      \"printTotal\": false,\n      \"assetPath\": \"{{company_logo_url}}\",\n      \"sides\": 5,\n      \"barcodeType\": \"code128\",\n      \"columns\": []\n    }\n  ]\n}', 1, '2026-05-29 11:34:16', '2026-05-29 11:34:35');;

INSERT INTO `purchase_invoices` (`id`, `company_id`, `branch_id`, `location_id`, `financial_year_id`, `document_series_id`, `purchase_order_id`, `purchase_receipt_id`, `invoice_no`, `invoice_date`, `due_date`, `supplier_party_id`, `billing_address_id`, `shipping_address_id`, `contact_id`, `supplier_reference_no`, `supplier_reference_date`, `subtotal`, `discount_amount`, `taxable_amount`, `cgst_amount`, `sgst_amount`, `igst_amount`, `cess_amount`, `round_off_method`, `round_off_precision`, `round_off_amount`, `total_amount`, `paid_amount`, `balance_amount`, `adjustment_amount`, `adjustment_account_id`, `adjustment_remarks`, `voucher_id`, `invoice_status`, `notes`, `terms_conditions`, `posted_by`, `posted_at`, `is_active`, `created_by`, `updated_by`, `created_at`, `updated_at`) VALUES
(1, 1, 1, 1, 1, 11, NULL, NULL, 'PI/26-27/0001', '2026-05-29', NULL, 44, NULL, NULL, NULL, '66', NULL, 600.00, 0.00, 600.00, 0.00, 0.00, 108.00, 0.00, 'manual', 1.00, 0.00, 708.00, 708.00, 0.00, 0.00, NULL, NULL, 37, 'paid', NULL, NULL, 4, '2026-05-29 10:33:55', 1, 4, 4, '2026-05-29 09:34:10', '2026-06-01 11:57:45'),
(2, 1, 1, 1, 1, 11, NULL, NULL, 'PI/26-27/0002', '2026-05-29', NULL, 42, NULL, NULL, NULL, 'INV2627/57656', NULL, 'INR', 1.000000, 16960.09, 0.00, 16960.09, 0.00, 0.00, 858.91, 0.00, 'manual', 1.00, 0.00, 17819.00, 17819.00, 0.00, 0.00, NULL, NULL, 36, 'paid', NULL, NULL, 4, '2026-05-29 10:12:15', 1, 4, 4, '2026-05-29 10:12:05', '2026-05-29 10:35:48'),
(3, 1, 1, 1, 1, 11, NULL, NULL, 'PI/26-27/0003', '2026-05-29', NULL, 45, NULL, NULL, NULL, NULL, NULL, 'INR', 1.000000, 4550.00, 0.00, 4550.00, 409.50, 409.50, 0.00, 0.00, 'manual', 1.00, 0.00, 5369.00, 5369.00, 0.00, 0.00, NULL, NULL, 42, 'paid', NULL, NULL, 4, '2026-05-29 12:45:03', 1, 4, 4, '2026-05-29 12:45:00', '2026-05-30 10:25:11'),
(4, 1, 1, 1, 1, 11, NULL, 2, 'PI/26-27/0004', '2026-05-30', NULL, 45, NULL, NULL, NULL, NULL, NULL, 'INR', 1.000000, 72000.00, 0.00, 72000.00, 6480.00, 6480.00, 0.00, 0.00, 'manual', 1.00, 0.00, 84960.00, 84960.00, 0.00, 0.00, NULL, NULL, 65, 'returned', NULL, NULL, 2, '2026-05-30 10:02:13', 1, 2, 2, '2026-05-30 10:00:20', '2026-05-30 10:26:23'),
(5, 1, 1, 1, 1, 11, NULL, 3, 'PI/26-27/0005', '2026-05-02', '2026-05-02', 45, NULL, NULL, NULL, '22', '2026-05-02', 'INR', 1.000000, 1350.00, 0.00, 1350.00, 121.50, 121.50, 0.00, 0.00, 'manual', 1.00, 0.00, 1593.00, 0.00, 1593.00, 0.00, NULL, NULL, 72, 'posted', NULL, NULL, 4, '2026-05-30 12:34:56', 1, 4, 4, '2026-05-30 12:34:50', '2026-05-30 12:34:56'),
(6, 1, 1, 1, 1, 11, NULL, 4, 'PI/26-27/0006', '2026-06-01', NULL, 48, NULL, NULL, NULL, 'SA/00205/26-27', NULL, 'INR', 1.000000, 10759.00, 0.00, 10759.00, 968.31, 968.31, 0.00, 0.00, 'manual', 1.00, 0.00, 12695.62, 0.00, 12695.62, 0.00, NULL, NULL, NULL, 'draft', NULL, NULL, NULL, NULL, 1, 4, 4, '2026-06-01 12:24:41', '2026-06-01 12:24:41');;

INSERT INTO `purchase_invoice_lines` (`id`, `purchase_invoice_id`, `purchase_order_line_id`, `purchase_receipt_line_id`, `line_no`, `item_id`, `warehouse_id`, `uom_id`, `batch_id`, `serial_id`, `description`, `invoiced_qty`, `returned_qty`, `pending_return_qty`, `rate`, `discount_percent`, `discount_amount`, `gross_amount`, `taxable_amount`, `tax_code_id`, `tax_percent`, `cgst_amount`, `sgst_amount`, `igst_amount`, `cess_amount`, `line_total`, `line_status`, `remarks`, `created_at`) VALUES
(3, 1, NULL, NULL, 1, 7, 1, 1, NULL, NULL, NULL, 3.000000, 0.000000, 3.000000, 200.0000, 0.0000, 0.00, 600.00, 600.00, 4, 18.0000, 0.00, 0.00, 108.00, 0.00, 708.00, 'open', NULL, '2026-05-29 09:34:29'),
(6, 2, NULL, NULL, 1, 35, 1, 1, NULL, NULL, NULL, 10.000000, 0.000000, 10.000000, 1687.6190, 0.0000, 0.00, 16876.19, 16876.19, 2, 5.0000, 0.00, 0.00, 843.81, 0.00, 17720.00, 'open', NULL, '2026-05-29 10:12:08'),
(7, 2, NULL, NULL, 2, 33, NULL, 1, NULL, NULL, NULL, 1.000000, 0.000000, 1.000000, 83.9000, 0.0000, 0.00, 83.90, 83.90, 4, 18.0000, 0.00, 0.00, 15.10, 0.00, 99.00, 'open', NULL, '2026-05-29 10:12:08'),
(8, 3, NULL, NULL, 1, 35, 1, 1, NULL, NULL, NULL, 3.000000, 0.000000, 3.000000, 1500.0000, 0.0000, 0.00, 4500.00, 4500.00, 4, 18.0000, 405.00, 405.00, 0.00, 0.00, 5310.00, 'open', NULL, '2026-05-29 12:45:00'),
(9, 3, NULL, NULL, 2, 32, NULL, 1, NULL, NULL, NULL, 1.000000, 0.000000, 1.000000, 50.0000, 0.0000, 0.00, 50.00, 50.00, 4, 18.0000, 4.50, 4.50, 0.00, 0.00, 59.00, 'open', NULL, '2026-05-29 12:45:00'),
(11, 4, NULL, 2, 1, 35, 8, 1, NULL, NULL, NULL, 80.000000, 80.000000, 0.000000, 900.0000, 0.0000, 0.00, 72000.00, 72000.00, 4, 18.0000, 6480.00, 6480.00, 0.00, 0.00, 84960.00, 'fully_returned', NULL, '2026-05-30 10:02:12'),
(12, 5, NULL, 4, 1, 35, 1, 1, NULL, NULL, NULL, 9.000000, 0.000000, 9.000000, 150.0000, 0.0000, 0.00, 1350.00, 1350.00, 4, 18.0000, 121.50, 121.50, 0.00, 0.00, 1593.00, 'open', NULL, '2026-05-30 12:34:50'),
(14, 6, NULL, 5, 1, 36, 1, 2, NULL, NULL, NULL, 203.000000, 0.000000, 203.000000, 53.0000, 0.0000, 0.00, 10759.00, 10759.00, 4, 18.0000, 968.31, 968.31, 0.00, 0.00, 12695.62, 'open', NULL, '2026-06-01 12:27:01');;

INSERT INTO `purchase_orders` (`id`, `company_id`, `branch_id`, `location_id`, `financial_year_id`, `document_series_id`, `purchase_requisition_id`, `order_no`, `order_date`, `expected_receipt_date`, `supplier_party_id`, `billing_address_id`, `shipping_address_id`, `contact_id`, `supplier_reference_no`, `supplier_reference_date`, `subtotal`, `discount_amount`, `taxable_amount`, `cgst_amount`, `sgst_amount`, `igst_amount`, `cess_amount`, `round_off_amount`, `total_amount`, `order_status`, `notes`, `terms_conditions`, `approved_by`, `approved_at`, `is_active`, `created_by`, `updated_by`, `created_at`, `updated_at`) VALUES
(1, 1, 1, 1, 1, 9, NULL, 'PO/26-27/0001', '2026-05-30', NULL, 42, NULL, NULL, NULL, NULL, NULL, 1687.62, 0.00, 1687.62, 0.00, 0.00, 84.38, 0.00, 0.00, 1772.00, 'cancelled', NULL, NULL, 2, '2026-05-30 09:42:06', 1, 2, 2, '2026-05-30 09:41:57', '2026-05-30 09:54:54'),
(2, 1, 1, 1, 1, 9, NULL, 'PO/26-27/0002', '2026-05-30', NULL, 42, NULL, NULL, NULL, NULL, NULL, 'INR', 1.000000, 1687.62, 0.00, 1687.62, 0.00, 0.00, 84.38, 0.00, 0.00, 1772.00, 'cancelled', NULL, NULL, 2, '2026-05-30 10:27:41', 1, 2, 2, '2026-05-30 09:57:23', '2026-05-30 10:27:49');;

INSERT INTO `purchase_order_lines` (`id`, `purchase_order_id`, `purchase_requisition_line_id`, `line_no`, `item_id`, `warehouse_id`, `uom_id`, `description`, `ordered_qty`, `received_qty`, `invoiced_qty`, `pending_qty`, `rate`, `discount_percent`, `discount_amount`, `gross_amount`, `taxable_amount`, `tax_code_id`, `tax_percent`, `cgst_amount`, `sgst_amount`, `igst_amount`, `cess_amount`, `line_total`, `line_status`, `remarks`, `created_at`) VALUES
(1, 1, NULL, 1, 35, 4, 1, 'Emax SimonK Multiroter', 1.000000, 0.000000, 0.000000, 1.000000, 1687.6190, 0.0000, 0.00, 1687.62, 1687.62, 2, 5.0000, 0.00, 0.00, 84.38, 0.00, 1772.00, 'cancelled', NULL, '2026-05-30 09:41:57'),
(2, 2, NULL, 1, 35, 4, 1, 'Emax SimonK Multiroter', 1.000000, 0.000000, 0.000000, 1.000000, 1687.6190, 0.0000, 0.00, 1687.62, 1687.62, 2, 5.0000, 0.00, 0.00, 84.38, 0.00, 1772.00, 'cancelled', NULL, '2026-05-30 09:57:23');;

INSERT INTO `purchase_payments` (`id`, `company_id`, `branch_id`, `location_id`, `financial_year_id`, `document_series_id`, `payment_no`, `payment_date`, `supplier_party_id`, `payment_mode`, `account_id`, `reference_no`, `reference_date`, `paid_amount`, `unallocated_amount`, `voucher_id`, `payment_status`, `notes`, `posted_by`, `posted_at`, `is_active`, `created_by`, `updated_by`, `created_at`, `updated_at`) VALUES
(1, 1, 1, 1, 1, 12, 'PP/26-27/0001', '2026-05-29', 42, 'bank', 74, '63417896521', '2026-05-29', 17819.00, 0.00, 38, 'fully_allocated', NULL, 4, '2026-05-29 10:35:48', 1, 4, 4, '2026-05-29 10:35:43', '2026-05-29 10:35:48'),
(2, 1, 1, 1, 1, 12, 'PP/26-27/0002', '2026-05-30', 45, 'bank', 73, 'PI/26-27/0004', '2026-05-30', 84960.00, 0.00, 66, 'fully_allocated', NULL, 2, '2026-05-30 10:25:11', 1, 2, 2, '2026-05-30 10:25:09', '2026-05-30 10:25:11'),
(3, 1, 1, 1, 1, 12, 'PP/26-27/0003', '2026-06-01', 44, 'bank', 74, 'PI/26-27/0001', '2026-05-29', 708.00, 0.00, 77, 'fully_allocated', NULL, 4, '2026-06-01 11:57:45', 1, 4, 4, '2026-06-01 11:57:42', '2026-06-01 11:57:45');;

INSERT INTO `purchase_payment_allocations` (`id`, `purchase_payment_id`, `purchase_invoice_id`, `allocated_amount`, `allocation_type`, `remarks`, `created_at`) VALUES
(2, 1, 2, 17819.00, 'against_invoice', NULL, '2026-05-29 10:35:46'),
(3, 2, 3, 5369.00, 'against_invoice', NULL, '2026-05-30 10:25:09'),
(4, 2, 4, 79591.00, 'against_invoice', NULL, '2026-05-30 10:25:09'),
(5, 3, 1, 708.00, 'against_invoice', NULL, '2026-06-01 11:57:42');;

INSERT INTO `purchase_receipts` (`id`, `company_id`, `branch_id`, `location_id`, `financial_year_id`, `document_series_id`, `purchase_order_id`, `receipt_no`, `receipt_date`, `supplier_party_id`, `warehouse_id`, `voucher_id`, `supplier_dc_no`, `supplier_dc_date`, `supplier_invoice_no`, `supplier_invoice_date`, `vehicle_no`, `transporter_party_id`, `lr_no`, `lr_date`, `receipt_status`, `notes`, `posted_by`, `posted_at`, `is_active`, `created_by`, `updated_by`, `created_at`, `updated_at`) VALUES
(1, 1, 1, 1, 1, 10, NULL, 'GRN/26-27/0001', '2026-05-30', 44, 1, NULL, NULL, NULL, NULL, NULL, NULL, NULL, NULL, NULL, 'posted', NULL, 2, '2026-05-30 09:46:27', 1, 2, 2, '2026-05-30 09:46:24', '2026-05-30 09:46:27'),
(2, 1, 1, 1, 1, 10, NULL, 'GRN/26-27/0002', '2026-05-30', 45, 8, NULL, NULL, NULL, NULL, NULL, NULL, NULL, NULL, NULL, 'fully_invoiced', NULL, 2, '2026-05-30 09:54:50', 1, 2, 2, '2026-05-30 09:54:48', '2026-05-30 10:02:13'),
(3, 1, 1, 1, 1, 10, NULL, 'GRN/26-27/0003', '2026-05-02', 45, 1, 71, NULL, NULL, '22', '2026-05-02', NULL, NULL, NULL, NULL, 'fully_invoiced', NULL, 4, '2026-05-30 12:33:44', 1, 4, 4, '2026-05-30 12:33:36', '2026-05-30 12:34:56'),
(4, 1, 1, 1, 1, 10, NULL, 'GRN/26-27/0004', '2026-06-01', 48, 1, 78, NULL, NULL, 'SA/00205/26-27', NULL, NULL, NULL, NULL, NULL, 'posted', NULL, 4, '2026-06-01 12:21:05', 1, 4, 4, '2026-06-01 12:20:04', '2026-06-01 12:21:05');;

INSERT INTO `purchase_receipt_lines` (`id`, `purchase_receipt_id`, `purchase_order_line_id`, `line_no`, `item_id`, `warehouse_id`, `uom_id`, `batch_id`, `serial_id`, `description`, `received_qty`, `accepted_qty`, `rejected_qty`, `invoiced_qty`, `pending_invoice_qty`, `rate`, `amount`, `quality_status`, `line_status`, `remarks`, `created_at`) VALUES
(1, 1, NULL, 1, 35, 1, 1, NULL, NULL, NULL, 100.000000, 90.000000, 10.000000, 0.000000, 90.000000, 0.0000, 0.00, 'partial_rejected', 'open', NULL, '2026-05-30 09:46:24'),
(2, 2, NULL, 1, 35, 8, 1, NULL, NULL, NULL, 100.000000, 80.000000, 20.000000, 80.000000, 0.000000, 0.0000, 0.00, 'partial_rejected', 'fully_invoiced', NULL, '2026-05-30 09:54:48'),
(4, 3, NULL, 1, 35, 1, 1, NULL, NULL, NULL, 10.000000, 9.000000, 1.000000, 9.000000, 0.000000, 150.0000, 1350.00, 'partial_rejected', 'fully_invoiced', NULL, '2026-05-30 12:33:43'),
(5, 4, NULL, 1, 36, 1, 2, NULL, NULL, NULL, 203.000000, 203.000000, 0.000000, 0.000000, 203.000000, 53.0000, 10759.00, 'accepted', 'open', NULL, '2026-06-01 12:20:04');;

INSERT INTO `purchase_requisitions` (`id`, `company_id`, `branch_id`, `location_id`, `financial_year_id`, `document_series_id`, `requisition_no`, `requisition_date`, `required_date`, `requested_by`, `department`, `purpose`, `requisition_status`, `notes`, `approved_by`, `approved_at`, `is_active`, `created_by`, `updated_by`, `created_at`, `updated_at`) VALUES
(1, 1, 1, 1, 1, 8, 'PRQ/26-27/0001', '2026-05-28', NULL, 2, NULL, NULL, 'cancelled', NULL, NULL, NULL, 1, 2, 2, '2026-05-28 11:57:19', '2026-05-30 09:04:10');;

INSERT INTO `purchase_requisition_lines` (`id`, `purchase_requisition_id`, `line_no`, `item_id`, `warehouse_id`, `uom_id`, `description`, `requested_qty`, `ordered_qty`, `pending_qty`, `estimated_rate`, `estimated_amount`, `line_status`, `remarks`, `created_at`) VALUES
(1, 1, 1, 4, NULL, 1, NULL, 6.000000, 0.000000, 6.000000, 0.0000, 0.00, 'cancelled', NULL, '2026-05-28 11:57:19');;

INSERT INTO `purchase_returns` (`id`, `company_id`, `branch_id`, `location_id`, `financial_year_id`, `document_series_id`, `purchase_invoice_id`, `return_no`, `return_date`, `supplier_party_id`, `subtotal`, `discount_amount`, `taxable_amount`, `cgst_amount`, `sgst_amount`, `igst_amount`, `cess_amount`, `round_off_amount`, `total_amount`, `voucher_id`, `return_reason`, `return_status`, `notes`, `posted_by`, `posted_at`, `is_active`, `created_by`, `updated_by`, `created_at`, `updated_at`) VALUES
(1, 1, 1, 1, 1, 13, 4, 'PRT/26-27/0001', '2026-05-30', 45, 72000.00, 0.00, 72000.00, 0.00, 0.00, 0.00, 0.00, 0.00, 72000.00, 67, NULL, 'posted', NULL, 2, '2026-05-30 10:26:23', 1, 2, 2, '2026-05-30 10:26:22', '2026-05-30 10:26:23');;

INSERT INTO `purchase_return_lines` (`id`, `purchase_return_id`, `purchase_invoice_line_id`, `line_no`, `item_id`, `warehouse_id`, `uom_id`, `batch_id`, `serial_id`, `return_qty`, `rate`, `discount_percent`, `discount_amount`, `gross_amount`, `taxable_amount`, `tax_code_id`, `tax_percent`, `cgst_amount`, `sgst_amount`, `igst_amount`, `cess_amount`, `line_total`, `return_reason`, `remarks`, `created_at`) VALUES
(1, 1, 11, 1, 35, 8, 1, NULL, NULL, 80.000000, 900.0000, 0.0000, 0.00, 72000.00, 72000.00, 4, 0.0000, 0.00, 0.00, 0.00, 0.00, 72000.00, NULL, NULL, '2026-05-30 10:26:22');;

INSERT INTO `qc_plans` (`id`, `company_id`, `branch_id`, `location_id`, `plan_code`, `plan_name`, `item_id`, `item_category_id`, `qc_scope`, `sampling_method`, `acceptance_basis`, `min_pass_percent`, `approval_status`, `effective_from`, `effective_to`, `notes`, `approved_by`, `approved_at`, `is_default`, `is_active`, `created_by`, `updated_by`, `created_at`, `updated_at`) VALUES
(1, 1, 1, 1, 'test1', 'test', NULL, NULL, 'all', '100_percent', 'all_pass', 100.0000, 'approved', NULL, NULL, NULL, 2, '2026-05-30 12:46:07', 0, 1, 2, 2, '2026-05-30 12:45:56', '2026-05-30 12:46:07');;

INSERT INTO `qc_plan_lines` (`id`, `qc_plan_id`, `line_no`, `checkpoint_name`, `checkpoint_type`, `specification`, `tolerance_min`, `tolerance_max`, `expected_text`, `unit`, `is_critical`, `is_mandatory`, `sequence_no`, `remarks`, `created_at`) VALUES
(1, 1, 1, 'test', 'visual', NULL, NULL, NULL, NULL, NULL, 0, 1, 1, NULL, '2026-05-30 12:45:56');;

INSERT INTO `roles` (`id`, `code`, `name`, `description`, `is_system_role`, `is_active`, `created_by`, `updated_by`, `created_at`, `updated_at`) VALUES
(1, 'SUPER_ADMIN', 'Super Admin', 'Full system access', 1, 1, NULL, NULL, '2026-05-05 11:01:42', '2026-05-05 11:01:42'),
(2, 'ADMIN', 'Administrator', 'Administrative control over ERP', 1, 1, NULL, NULL, '2026-05-05 11:01:42', '2026-05-05 11:01:42'),
(3, 'ACCOUNTANT', 'Accountant', 'Accounts and finance operations', 1, 1, NULL, NULL, '2026-05-05 11:01:42', '2026-05-05 11:01:42'),
(4, 'SALES', 'Sales User', 'Sales and customer operations', 1, 1, NULL, NULL, '2026-05-05 11:01:42', '2026-05-05 11:01:42'),
(5, 'PURCHASE', 'Purchase User', 'Purchase and supplier operations', 1, 1, NULL, NULL, '2026-05-05 11:01:42', '2026-05-05 11:01:42'),
(6, 'STORE', 'Store User', 'Stock and warehouse operations', 1, 1, NULL, NULL, '2026-05-05 11:01:42', '2026-05-05 11:01:42'),
(7, 'HR', 'HR User', 'Employee and payroll operations', 1, 1, NULL, NULL, '2026-05-05 11:01:42', '2026-05-05 11:01:42');;

INSERT INTO `role_permissions` (`id`, `role_id`, `permission_id`, `allow_view`, `allow_create`, `allow_update`, `allow_delete`, `allow_approve`, `allow_print`, `allow_export`, `is_active`, `created_by`, `updated_by`, `created_at`, `updated_at`) VALUES
(1, 1, 1, 1, 1, 1, 1, 1, 1, 1, 1, NULL, NULL, '2026-05-05 11:01:42', '2026-05-05 11:01:42'),
(2, 1, 2, 1, 1, 1, 1, 1, 1, 1, 1, NULL, NULL, '2026-05-05 11:01:42', '2026-05-05 11:01:42'),
(3, 1, 3, 1, 1, 1, 1, 1, 1, 1, 1, NULL, NULL, '2026-05-05 11:01:42', '2026-05-05 11:01:42'),
(4, 1, 4, 1, 1, 1, 1, 1, 1, 1, 1, NULL, NULL, '2026-05-05 11:01:42', '2026-05-05 11:01:42'),
(5, 1, 5, 1, 1, 1, 1, 1, 1, 1, 1, NULL, NULL, '2026-05-05 11:01:42', '2026-05-05 11:01:42'),
(6, 1, 6, 1, 1, 1, 1, 1, 1, 1, 1, NULL, NULL, '2026-05-05 11:01:42', '2026-05-05 11:01:42'),
(7, 1, 7, 1, 1, 1, 1, 1, 1, 1, 1, NULL, NULL, '2026-05-05 11:01:42', '2026-05-05 11:01:42'),
(8, 1, 8, 1, 1, 1, 1, 1, 1, 1, 1, NULL, NULL, '2026-05-05 11:01:42', '2026-05-05 11:01:42'),
(9, 1, 9, 1, 1, 1, 1, 1, 1, 1, 1, NULL, NULL, '2026-05-05 11:01:42', '2026-05-05 11:01:42'),
(10, 1, 10, 1, 1, 1, 1, 1, 1, 1, 1, NULL, NULL, '2026-05-05 11:01:42', '2026-05-05 11:01:42'),
(11, 1, 11, 1, 1, 1, 1, 1, 1, 1, 1, NULL, NULL, '2026-05-05 11:01:42', '2026-05-05 11:01:42'),
(12, 1, 12, 1, 1, 1, 1, 1, 1, 1, 1, NULL, NULL, '2026-05-05 11:01:42', '2026-05-05 11:01:42'),
(13, 1, 13, 1, 1, 1, 1, 1, 1, 1, 1, NULL, NULL, '2026-05-05 11:01:42', '2026-05-05 11:01:42'),
(14, 1, 14, 1, 1, 1, 1, 1, 1, 1, 1, NULL, NULL, '2026-05-05 11:01:42', '2026-05-05 11:01:42'),
(15, 1, 15, 1, 1, 1, 1, 1, 1, 1, 1, NULL, NULL, '2026-05-05 11:01:42', '2026-05-05 11:01:42'),
(16, 1, 16, 1, 1, 1, 1, 1, 1, 1, 1, NULL, NULL, '2026-05-05 11:01:42', '2026-05-05 11:01:42'),
(17, 1, 17, 1, 1, 1, 1, 1, 1, 1, 1, NULL, NULL, '2026-05-05 11:01:42', '2026-05-05 11:01:42'),
(18, 1, 18, 1, 1, 1, 1, 1, 1, 1, 1, NULL, NULL, '2026-05-05 11:01:42', '2026-05-05 11:01:42'),
(19, 1, 19, 1, 1, 1, 1, 1, 1, 1, 1, NULL, NULL, '2026-05-05 11:01:42', '2026-05-05 11:01:42'),
(20, 1, 20, 1, 1, 1, 1, 1, 1, 1, 1, NULL, NULL, '2026-05-05 11:01:42', '2026-05-05 11:01:42'),
(21, 1, 21, 1, 1, 1, 1, 1, 1, 1, 1, NULL, NULL, '2026-05-05 11:01:42', '2026-05-05 11:01:42'),
(22, 1, 22, 1, 1, 1, 1, 1, 1, 1, 1, NULL, NULL, '2026-05-05 11:01:42', '2026-05-05 11:01:42'),
(23, 1, 23, 1, 1, 1, 1, 1, 1, 1, 1, NULL, NULL, '2026-05-05 11:01:42', '2026-05-05 11:01:42'),
(24, 1, 24, 1, 1, 1, 1, 1, 1, 1, 1, NULL, NULL, '2026-05-05 11:01:42', '2026-05-05 11:01:42'),
(25, 1, 25, 1, 1, 1, 1, 1, 1, 1, 1, NULL, NULL, '2026-05-05 11:01:42', '2026-05-05 11:01:42'),
(26, 1, 26, 1, 1, 1, 1, 1, 1, 1, 1, NULL, NULL, '2026-05-05 11:01:42', '2026-05-05 11:01:42'),
(27, 1, 27, 1, 1, 1, 1, 1, 1, 1, 1, NULL, NULL, '2026-05-05 11:01:42', '2026-05-05 11:01:42'),
(28, 1, 28, 1, 1, 1, 1, 1, 1, 1, 1, NULL, NULL, '2026-05-05 11:01:42', '2026-05-05 11:01:42'),
(29, 1, 29, 1, 1, 1, 1, 1, 1, 1, 1, NULL, NULL, '2026-05-05 11:01:42', '2026-05-05 11:01:42'),
(30, 1, 30, 1, 1, 1, 1, 1, 1, 1, 1, NULL, NULL, '2026-05-05 11:01:42', '2026-05-05 11:01:42'),
(31, 1, 31, 1, 1, 1, 1, 1, 1, 1, 1, NULL, NULL, '2026-05-05 11:01:42', '2026-05-05 11:01:42'),
(32, 1, 32, 1, 1, 1, 1, 1, 1, 1, 1, NULL, NULL, '2026-05-05 11:01:42', '2026-05-05 11:01:42'),
(64, 2, 16, 1, 1, 1, 1, 0, 1, 1, 1, NULL, NULL, '2026-05-05 11:01:42', '2026-05-05 11:01:42'),
(65, 2, 17, 1, 1, 1, 1, 0, 1, 1, 1, NULL, NULL, '2026-05-05 11:01:42', '2026-05-05 11:01:42'),
(66, 2, 5, 1, 1, 1, 1, 0, 1, 1, 1, NULL, NULL, '2026-05-05 11:01:42', '2026-05-05 11:01:42'),
(67, 2, 6, 1, 1, 1, 1, 0, 1, 1, 1, NULL, NULL, '2026-05-05 11:01:42', '2026-05-05 11:01:42'),
(68, 2, 29, 1, 1, 1, 1, 0, 1, 1, 1, NULL, NULL, '2026-05-05 11:01:42', '2026-05-05 11:01:42'),
(69, 2, 4, 1, 1, 1, 1, 0, 1, 1, 1, NULL, NULL, '2026-05-05 11:01:42', '2026-05-05 11:01:42'),
(70, 2, 26, 1, 1, 1, 1, 0, 1, 1, 1, NULL, NULL, '2026-05-05 11:01:42', '2026-05-05 11:01:42'),
(71, 2, 9, 1, 1, 1, 1, 0, 1, 1, 1, NULL, NULL, '2026-05-05 11:01:42', '2026-05-05 11:01:42'),
(72, 2, 8, 1, 1, 1, 1, 0, 1, 1, 1, NULL, NULL, '2026-05-05 11:01:42', '2026-05-05 11:01:42'),
(73, 2, 27, 1, 1, 1, 1, 0, 1, 1, 1, NULL, NULL, '2026-05-05 11:01:42', '2026-05-05 11:01:42'),
(74, 2, 19, 1, 1, 1, 1, 0, 1, 1, 1, NULL, NULL, '2026-05-05 11:01:42', '2026-05-05 11:01:42'),
(75, 2, 12, 1, 1, 1, 1, 0, 1, 1, 1, NULL, NULL, '2026-05-05 11:01:42', '2026-05-05 11:01:42'),
(76, 2, 13, 1, 1, 1, 1, 0, 1, 1, 1, NULL, NULL, '2026-05-05 11:01:42', '2026-05-05 11:01:42'),
(77, 2, 22, 1, 1, 1, 1, 0, 1, 1, 1, NULL, NULL, '2026-05-05 11:01:42', '2026-05-05 11:01:42'),
(78, 2, 20, 1, 1, 1, 1, 0, 1, 1, 1, NULL, NULL, '2026-05-05 11:01:42', '2026-05-05 11:01:42'),
(79, 2, 21, 1, 1, 1, 1, 0, 1, 1, 1, NULL, NULL, '2026-05-05 11:01:42', '2026-05-05 11:01:42'),
(80, 2, 30, 1, 1, 1, 1, 0, 1, 1, 1, NULL, NULL, '2026-05-05 11:01:42', '2026-05-05 11:01:42'),
(81, 2, 24, 1, 1, 1, 1, 0, 1, 1, 1, NULL, NULL, '2026-05-05 11:01:42', '2026-05-05 11:01:42'),
(82, 2, 14, 1, 1, 1, 1, 0, 1, 1, 1, NULL, NULL, '2026-05-05 11:01:42', '2026-05-05 11:01:42'),
(83, 2, 15, 1, 1, 1, 1, 0, 1, 1, 1, NULL, NULL, '2026-05-05 11:01:42', '2026-05-05 11:01:42'),
(84, 2, 3, 1, 1, 1, 1, 0, 1, 1, 1, NULL, NULL, '2026-05-05 11:01:42', '2026-05-05 11:01:42'),
(85, 2, 28, 1, 1, 1, 1, 0, 1, 1, 1, NULL, NULL, '2026-05-05 11:01:42', '2026-05-05 11:01:42'),
(86, 2, 32, 1, 1, 1, 1, 0, 1, 1, 1, NULL, NULL, '2026-05-05 11:01:42', '2026-05-05 11:01:42'),
(87, 2, 23, 1, 1, 1, 1, 0, 1, 1, 1, NULL, NULL, '2026-05-05 11:01:42', '2026-05-05 11:01:42'),
(88, 2, 2, 1, 1, 1, 1, 0, 1, 1, 1, NULL, NULL, '2026-05-05 11:01:42', '2026-05-05 11:01:42'),
(89, 2, 31, 1, 1, 1, 1, 0, 1, 1, 1, NULL, NULL, '2026-05-05 11:01:42', '2026-05-05 11:01:42'),
(90, 2, 25, 1, 1, 1, 1, 0, 1, 1, 1, NULL, NULL, '2026-05-05 11:01:42', '2026-05-05 11:01:42'),
(91, 2, 11, 1, 1, 1, 1, 0, 1, 1, 1, NULL, NULL, '2026-05-05 11:01:42', '2026-05-05 11:01:42'),
(92, 2, 18, 1, 1, 1, 1, 0, 1, 1, 1, NULL, NULL, '2026-05-05 11:01:42', '2026-05-05 11:01:42'),
(93, 2, 10, 1, 1, 1, 1, 0, 1, 1, 1, NULL, NULL, '2026-05-05 11:01:42', '2026-05-05 11:01:42'),
(94, 2, 1, 1, 1, 1, 1, 0, 1, 1, 1, NULL, NULL, '2026-05-05 11:01:42', '2026-05-05 11:01:42'),
(95, 2, 7, 1, 1, 1, 1, 0, 1, 1, 1, NULL, NULL, '2026-05-05 11:01:42', '2026-05-05 11:01:42');;

INSERT INTO `sales_deliveries` (`id`, `company_id`, `branch_id`, `location_id`, `financial_year_id`, `document_series_id`, `sales_order_id`, `delivery_no`, `delivery_date`, `voucher_id`, `customer_party_id`, `billing_address_id`, `shipping_address_id`, `contact_id`, `vehicle_no`, `transporter_party_id`, `lr_no`, `lr_date`, `delivery_status`, `notes`, `posted_by`, `posted_at`, `is_active`, `created_by`, `updated_by`, `created_at`, `updated_at`) VALUES
(1, 1, 1, 1, 1, NULL, NULL, '1', '2026-05-25', NULL, 40, NULL, NULL, NULL, NULL, NULL, NULL, NULL, 'cancelled', NULL, NULL, NULL, 1, 2, 2, '2026-05-25 12:46:55', '2026-05-26 04:34:39'),
(2, 1, 1, 1, 1, 4, NULL, '2', '2026-05-25', 16, 40, NULL, NULL, NULL, NULL, NULL, NULL, NULL, 'posted', NULL, 4, '2026-05-29 06:34:19', 1, 2, 4, '2026-05-25 13:01:27', '2026-05-29 06:34:19'),
(3, 1, 1, 1, 1, 4, NULL, '3', '2026-05-28', 12, 41, NULL, NULL, NULL, NULL, NULL, NULL, NULL, 'posted', NULL, 2, '2026-05-29 05:18:28', 0, 4, 2, '2026-05-28 12:35:46', '2026-05-29 05:18:28'),
(4, 1, 1, 1, 1, NULL, NULL, '4', '2026-05-29', 13, 36, NULL, NULL, NULL, NULL, NULL, NULL, NULL, 'posted', NULL, 4, '2026-05-29 05:26:43', 1, 4, 4, '2026-05-29 04:49:54', '2026-05-29 05:26:43'),
(5, 1, 1, 1, 1, 4, NULL, 'DC/26-27/0001', '2026-05-29', NULL, 40, NULL, NULL, NULL, NULL, NULL, NULL, NULL, 'cancelled', NULL, NULL, NULL, 1, 2, 2, '2026-05-29 10:46:42', '2026-05-29 11:16:24'),
(6, 1, 1, 1, 1, 4, NULL, 'DC/26-27/0002', '2026-05-29', NULL, 40, NULL, NULL, NULL, NULL, NULL, NULL, NULL, 'posted', NULL, 2, '2026-05-29 11:26:29', 1, 2, 2, '2026-05-29 11:23:10', '2026-05-29 11:26:29'),
(7, 1, 1, 1, 1, 4, 3, 'DC/26-27/0003', '2026-05-30', 44, 18, NULL, NULL, NULL, NULL, NULL, NULL, NULL, 'fully_invoiced', NULL, 2, '2026-05-30 06:28:46', 1, 2, 2, '2026-05-30 06:22:30', '2026-05-30 06:29:13'),
(8, 1, 1, 1, 1, 4, 6, 'DC/26-27/0004', '2026-05-30', 46, 12, NULL, NULL, NULL, NULL, NULL, NULL, NULL, 'fully_invoiced', NULL, 4, '2026-05-30 06:36:35', 1, 4, 4, '2026-05-30 06:36:31', '2026-05-30 06:36:54'),
(9, 1, 1, 1, 1, 4, 7, 'DC/26-27/0005', '2026-05-30', 50, 40, NULL, NULL, NULL, NULL, NULL, NULL, NULL, 'fully_invoiced', NULL, 4, '2026-05-30 06:47:38', 1, 4, 4, '2026-05-30 06:47:36', '2026-05-30 06:47:48'),
(10, 1, 1, 1, 1, 4, NULL, 'DC/26-27/0006', '2026-05-30', 55, 24, NULL, NULL, NULL, NULL, NULL, NULL, NULL, 'fully_invoiced', NULL, 2, '2026-05-30 09:15:45', 1, 2, 2, '2026-05-30 09:15:42', '2026-05-30 09:16:58'),
(11, 1, 1, 1, 1, 4, NULL, 'DC/26-27/0007', '2026-05-30', 59, 28, NULL, NULL, NULL, NULL, NULL, NULL, NULL, 'fully_invoiced', NULL, 2, '2026-05-30 09:30:27', 1, 2, 2, '2026-05-30 09:30:25', '2026-05-30 09:31:48'),
(12, 1, 1, 1, 1, 4, NULL, 'DC/26-27/0008', '2026-05-30', 61, 36, NULL, NULL, NULL, NULL, NULL, NULL, NULL, 'fully_invoiced', NULL, 2, '2026-05-30 09:32:59', 1, 2, 2, '2026-05-30 09:32:56', '2026-05-30 09:33:34'),
(13, 1, 1, 1, 1, 4, 9, 'DC/26-27/0009', '2026-05-30', 68, 37, NULL, NULL, NULL, NULL, NULL, NULL, NULL, 'fully_invoiced', NULL, 2, '2026-05-30 11:19:13', 1, 2, 2, '2026-05-30 11:19:10', '2026-05-30 11:19:42'),
(14, 1, 1, 1, 1, 4, 10, 'DC/26-27/0010', '2026-06-01', 74, 16, NULL, NULL, NULL, NULL, NULL, NULL, NULL, 'fully_invoiced', NULL, 4, '2026-06-01 10:01:25', 1, 4, 4, '2026-06-01 10:01:23', '2026-06-01 10:02:38');;

INSERT INTO `sales_delivery_lines` (`id`, `sales_delivery_id`, `sales_order_line_id`, `line_no`, `item_id`, `warehouse_id`, `uom_id`, `batch_id`, `serial_id`, `description`, `delivered_qty`, `invoiced_qty`, `returned_qty`, `pending_invoice_qty`, `rate`, `amount`, `line_status`, `remarks`, `created_at`) VALUES
(3, 1, NULL, 1, 29, 1, 1, NULL, NULL, NULL, 1.000000, 0.000000, 0.000000, 1.000000, 0.0000, 0.00, 'cancelled', NULL, '2026-05-25 12:48:49'),
(31, 3, NULL, 1, 21, 8, 1, NULL, NULL, NULL, 1.000000, 0.000000, 0.000000, 1.000000, 466.1000, 466.10, 'open', NULL, '2026-05-29 05:18:25'),
(32, 4, NULL, 1, 7, 1, 1, NULL, NULL, NULL, 2.000000, 0.000000, 0.000000, 2.000000, 180.0000, 360.00, 'open', NULL, '2026-05-29 05:26:41'),
(34, 2, NULL, 1, 21, 8, 1, NULL, NULL, NULL, 1.000000, 0.000000, 0.000000, 1.000000, 466.1000, 466.10, 'open', NULL, '2026-05-29 06:34:18'),
(38, 5, NULL, 1, 4, 1, 1, NULL, NULL, NULL, 2.000000, 0.000000, 0.000000, 2.000000, 4500.0000, 9000.00, 'cancelled', NULL, '2026-05-29 11:15:58'),
(40, 7, 17, 1, 3, 1, 1, NULL, NULL, NULL, 2.000000, 2.000000, 0.000000, 0.000000, 7500.0000, 15000.00, 'fully_invoiced', NULL, '2026-05-30 06:22:34'),
(42, 8, 20, 1, 3, 1, 1, NULL, NULL, NULL, 1.000000, 1.000000, 0.000000, 0.000000, 7500.0000, 7500.00, 'fully_invoiced', NULL, '2026-05-30 06:36:33'),
(43, 9, 21, 1, 3, 1, 1, NULL, NULL, NULL, 1.000000, 1.000000, 0.000000, 0.000000, 7500.0000, 7500.00, 'fully_invoiced', NULL, '2026-05-30 06:47:36'),
(44, 10, NULL, 1, 4, 1, 1, NULL, NULL, NULL, 10.000000, 10.000000, 0.000000, 0.000000, 4500.0000, 45000.00, 'fully_invoiced', NULL, '2026-05-30 09:15:42'),
(45, 11, NULL, 1, 4, 1, 1, NULL, NULL, NULL, 10.000000, 10.000000, 0.000000, 0.000000, 4500.0000, 45000.00, 'fully_invoiced', NULL, '2026-05-30 09:30:25'),
(46, 12, NULL, 1, 4, 1, 1, NULL, NULL, NULL, 20.000000, 20.000000, 0.000000, 0.000000, 4500.0000, 90000.00, 'fully_invoiced', NULL, '2026-05-30 09:32:56'),
(47, 13, 26, 1, 4, 1, 1, NULL, NULL, NULL, 1.000000, 1.000000, 0.000000, 0.000000, 4500.0000, 4500.00, 'fully_invoiced', NULL, '2026-05-30 11:19:10'),
(48, 14, 28, 1, 3, 1, 1, NULL, NULL, NULL, 1.000000, 1.000000, 0.000000, 0.000000, 7500.0000, 7500.00, 'fully_invoiced', NULL, '2026-06-01 10:01:23');;

INSERT INTO `sales_delivery_returnable_dcs` (`id`, `sales_delivery_id`, `line_no`, `item_id`, `item_name`, `uom_id`, `description`, `qty`, `remarks`, `created_at`, `updated_at`) VALUES
(1, 6, 1, 21, NULL, 1, NULL, 2.000000, NULL, '2026-05-29 11:23:10', '2026-05-29 11:23:10');;

INSERT INTO `sales_invoices` (`id`, `company_id`, `branch_id`, `location_id`, `financial_year_id`, `document_series_id`, `sales_order_id`, `sales_delivery_id`, `invoice_no`, `invoice_date`, `due_date`, `customer_party_id`, `billing_address_id`, `shipping_address_id`, `contact_id`, `customer_reference_no`, `customer_reference_date`, `subtotal`, `discount_amount`, `taxable_amount`, `cgst_amount`, `sgst_amount`, `igst_amount`, `cess_amount`, `round_off_method`, `round_off_precision`, `round_off_amount`, `total_amount`, `adjustment_amount`, `adjustment_account_id`, `adjustment_remarks`, `paid_amount`, `balance_amount`, `voucher_id`, `invoice_status`, `notes`, `terms_conditions`, `posted_by`, `posted_at`, `is_active`, `created_by`, `updated_by`, `created_at`, `updated_at`) VALUES
(1, 1, 1, 1, 1, 5, NULL, NULL, 'SI/26-27/0001', '2026-05-26', NULL, 40, NULL, NULL, NULL, NULL, NULL, 1000.00, 0.00, 1000.00, 90.00, 90.00, 0.00, 0.00, 'manual', 1.00, 0.00, 1180.00, 0.00, NULL, NULL, 1180.00, 0.00, 1, 'paid', NULL, NULL, 2, '2026-05-26 11:48:33', 1, 2, 2, '2026-05-26 11:48:27', '2026-05-26 13:07:49'),
(2, 1, 1, 1, 1, 5, NULL, NULL, 'SI/26-27/0002', '2026-05-26', NULL, 40, NULL, NULL, NULL, NULL, NULL, 'INR', 1.000000, 1000.00, 0.00, 1000.00, 90.00, 90.00, 0.00, 0.00, 'manual', 1.00, 0.00, 1180.00, 0.00, NULL, NULL, 1180.00, 0.00, 2, 'paid', NULL, NULL, 2, '2026-05-26 12:43:22', 1, 2, 2, '2026-05-26 12:43:15', '2026-05-29 07:05:02'),
(3, 1, 1, 1, 1, 5, NULL, NULL, 'SI/26-27/0003', '2026-04-02', '2026-04-02', 2, NULL, NULL, NULL, NULL, NULL, 'INR', 1.000000, 1240.00, 0.00, 1240.00, 111.60, 111.60, 0.00, 0.00, 'manual', 1.00, 0.00, 1463.20, 0.00, NULL, NULL, 1463.20, 0.00, 6, 'paid', NULL, '1.	Goods once sold will not be taken back or exchanged unless agreed in writing.\n2.	The buyer must check goods at the time of delivery. No claims for damage or shortage will be accepted later.\n3.	Ownership of goods remains with the seller until full payment is received.\n4.	All disputes are subject to Vellore jurisdiction', 4, '2026-05-28 09:38:05', 1, 4, 4, '2026-05-28 09:37:28', '2026-05-29 07:16:15'),
(4, 1, 1, 1, 1, 5, NULL, NULL, 'SI/26-27/0004', '2026-05-28', NULL, 40, NULL, NULL, NULL, NULL, NULL, 'INR', 1.000000, 22500.00, 0.00, 22500.00, 2025.00, 2025.00, 0.00, 0.00, 'manual', 1.00, 0.00, 26550.00, 0.00, NULL, NULL, 2655.00, 23895.00, 8, 'partially_paid', NULL, NULL, 2, '2026-05-28 10:08:49', 1, 2, 2, '2026-05-28 10:08:44', '2026-05-29 09:47:19'),
(5, 1, 1, 1, 1, 5, NULL, NULL, 'SI/26-27/0005', '2026-05-28', NULL, 24, NULL, NULL, NULL, NULL, NULL, 'INR', 1.000000, 900.00, 0.00, 900.00, 0.00, 0.00, 162.00, 0.00, 'manual', 1.00, 0.00, 1062.00, 0.00, NULL, NULL, 1062.00, 0.00, 10, 'paid', NULL, NULL, 2, '2026-05-28 11:45:59', 1, 2, 2, '2026-05-28 11:45:53', '2026-05-29 08:32:05'),
(6, 1, 1, 1, 1, 5, NULL, NULL, 'SI/26-27/0006', '2026-05-02', '2026-05-02', 12, NULL, NULL, NULL, NULL, NULL, 'INR', 1.000000, 7500.00, 0.00, 7500.00, 0.00, 0.00, 1350.00, 0.00, 'manual', 1.00, 0.00, 8850.00, 0.00, NULL, NULL, 8850.00, 0.00, 21, 'paid', NULL, NULL, 4, '2026-05-29 07:00:26', 1, 4, 4, '2026-05-29 04:47:01', '2026-05-29 07:36:21'),
(7, 1, 1, 1, 1, 5, NULL, NULL, 'SI/26-27/0007', '2026-04-03', '2026-04-03', 5, NULL, NULL, NULL, NULL, '2026-04-03', 'INR', 1.000000, 4508.47, 0.00, 4508.47, 405.76, 405.76, 0.00, 0.00, 'manual', 1.00, 0.00, 5319.99, 0.00, NULL, NULL, 5319.99, 0.00, 15, 'paid', NULL, '1.	Goods once sold will not be taken back or exchanged unless agreed in writing.\n2.	The buyer must check goods at the time of delivery. No claims for damage or shortage will be accepted later.\n3.	Ownership of goods remains with the seller until full payment is received.\n4.	All disputes are subject to Vellore jurisdiction.', 4, '2026-05-29 05:44:34', 1, 4, 4, '2026-05-29 05:44:30', '2026-05-29 06:53:58'),
(8, 1, 1, 1, 1, 5, NULL, NULL, 'SI/26-27/0008', '2026-04-04', NULL, 6, NULL, NULL, NULL, NULL, '2026-04-04', 'INR', 1.000000, 8813.56, 0.00, 8813.56, 793.22, 793.22, 0.00, 0.00, 'manual', 1.00, 0.00, 10400.00, 0.00, NULL, NULL, 10400.00, 0.00, 17, 'paid', NULL, NULL, 4, '2026-05-29 06:40:26', 1, 4, 4, '2026-05-29 06:40:14', '2026-05-29 06:49:18'),
(9, 1, 1, 1, 1, 5, NULL, NULL, 'SI/26-27/0009', '2026-05-29', NULL, 12, NULL, NULL, NULL, NULL, '2026-05-29', 'INR', 1.000000, 7500.00, 0.00, 7500.00, 0.00, 0.00, 1350.00, 0.00, 'manual', 1.00, 0.00, 8850.00, 0.00, NULL, NULL, 8850.00, 0.00, 27, 'paid', NULL, NULL, 4, '2026-05-29 07:31:59', 1, 4, 4, '2026-05-29 07:31:49', '2026-05-29 07:37:47'),
(10, 1, 1, 1, 1, 5, NULL, NULL, 'SI/26-27/0010', '2026-05-29', NULL, 27, NULL, NULL, NULL, NULL, NULL, 'INR', 1.000000, 7500.00, 0.00, 7500.00, 675.00, 675.00, 0.00, 0.00, 'manual', 1.00, 0.00, 8850.00, 0.00, NULL, NULL, 8850.00, 0.00, 32, 'paid', NULL, NULL, 4, '2026-05-29 08:48:11', 1, 4, 4, '2026-05-29 08:48:03', '2026-05-29 09:51:32'),
(11, 1, 1, 1, 1, 5, NULL, NULL, 'SI/26-27/0011', '2026-05-29', NULL, 27, NULL, NULL, NULL, NULL, NULL, 'INR', 1.000000, 7500.00, 0.00, 7500.00, 675.00, 675.00, 0.00, 0.00, 'manual', 1.00, 0.00, 8850.00, 0.00, NULL, NULL, 8850.00, 0.00, 33, 'paid', NULL, NULL, 4, '2026-05-29 08:49:22', 1, 4, 4, '2026-05-29 08:49:14', '2026-05-29 09:51:32'),
(12, 1, 1, 1, 1, 5, NULL, NULL, 'SI/26-27/0012', '2026-05-29', NULL, 16, NULL, NULL, NULL, NULL, '2026-05-29', 'INR', 1.000000, 7500.00, 0.00, 7500.00, 675.00, 675.00, 0.00, 0.00, 'manual', 1.00, 0.00, 8850.00, 0.00, NULL, NULL, 0.00, 8850.00, 40, 'posted', NULL, NULL, 4, '2026-05-29 11:09:45', 1, 4, 4, '2026-05-29 11:09:39', '2026-05-29 11:09:45'),
(13, 1, 1, 1, 1, 5, 3, 7, 'SI/26-27/0013', '2026-05-30', NULL, 18, NULL, NULL, NULL, NULL, NULL, 'INR', 1.000000, 15000.00, 0.00, 15000.00, 1350.00, 1350.00, 0.00, 0.00, 'manual', 1.00, 0.00, 17700.00, 0.00, NULL, NULL, 0.00, 17700.00, 45, 'posted', NULL, NULL, 2, '2026-05-30 06:29:13', 1, 2, 2, '2026-05-30 06:29:01', '2026-05-30 06:29:13'),
(14, 1, 1, 1, 1, 5, 6, 8, 'SI/26-27/0014', '2026-05-30', NULL, 12, NULL, NULL, NULL, NULL, NULL, 'INR', 1.000000, 7500.00, 0.00, 7500.00, 0.00, 0.00, 1350.00, 0.00, 'manual', 1.00, 0.00, 8850.00, 0.00, NULL, NULL, 8850.00, 0.00, 47, 'paid', NULL, NULL, 4, '2026-05-30 06:36:54', 1, 4, 4, '2026-05-30 06:36:47', '2026-05-30 06:37:31'),
(15, 1, 1, 1, 1, 5, NULL, NULL, 'SI/26-27/0015', '2026-05-30', NULL, 37, NULL, NULL, NULL, NULL, NULL, 'INR', 1.000000, 7500.00, 0.00, 7500.00, 675.00, 675.00, 0.00, 0.00, 'manual', 1.00, 0.00, 8850.00, 0.00, NULL, NULL, 0.00, 8850.00, 49, 'posted', NULL, NULL, 4, '2026-05-30 06:45:00', 1, 4, 4, '2026-05-30 06:44:56', '2026-05-30 06:45:00'),
(16, 1, 1, 1, 1, 5, 7, 9, 'SI/26-27/0016', '2026-05-30', NULL, 40, NULL, NULL, NULL, NULL, NULL, 'INR', 1.000000, 7500.00, 0.00, 7500.00, 675.00, 675.00, 0.00, 0.00, 'manual', 1.00, 0.00, 8850.00, 0.00, NULL, NULL, 0.00, 8850.00, 51, 'posted', NULL, NULL, 4, '2026-05-30 06:47:48', 1, 4, 4, '2026-05-30 06:47:45', '2026-05-30 06:47:48'),
(17, 1, 1, 1, 1, 5, NULL, 10, 'SI/26-27/0017', '2026-05-30', NULL, 24, NULL, NULL, NULL, NULL, NULL, 'INR', 1.000000, 45000.00, 0.00, 45000.00, 0.00, 0.00, 0.00, 0.00, 'manual', 1.00, 0.00, 45000.00, 0.00, NULL, NULL, 45000.00, 0.00, 56, 'paid', NULL, NULL, 2, '2026-05-30 09:16:58', 1, 2, 2, '2026-05-30 09:16:54', '2026-05-30 09:17:16'),
(18, 1, 1, 1, 1, 5, NULL, 11, 'SI/26-27/0018', '2026-05-30', NULL, 28, NULL, NULL, NULL, NULL, NULL, 'INR', 1.000000, 45000.00, 0.00, 45000.00, 0.00, 0.00, 0.00, 0.00, 'manual', 1.00, 0.00, 45000.00, 0.00, NULL, NULL, 0.00, 45000.00, 60, 'posted', NULL, NULL, 2, '2026-05-30 09:31:48', 1, 2, 2, '2026-05-30 09:31:45', '2026-05-30 09:31:48'),
(19, 1, 1, 1, 1, 5, NULL, 12, 'SI/26-27/0019', '2026-05-30', NULL, 36, NULL, NULL, NULL, NULL, NULL, 'INR', 1.000000, 90000.00, 0.00, 90000.00, 0.00, 0.00, 0.00, 0.00, 'manual', 1.00, 0.00, 90000.00, 0.00, NULL, NULL, 90000.00, 0.00, 62, 'paid', NULL, NULL, 2, '2026-05-30 09:33:34', 1, 2, 2, '2026-05-30 09:33:30', '2026-05-30 09:36:12'),
(20, 1, 1, 1, 1, 5, 9, 13, 'SI/26-27/0020', '2026-05-30', NULL, 37, NULL, NULL, NULL, NULL, NULL, 'INR', 1.000000, 4500.00, 0.00, 4500.00, 405.00, 405.00, 0.00, 0.00, 'manual', 1.00, 0.00, 5310.00, 0.00, NULL, NULL, 5310.00, 0.00, 69, 'paid', NULL, NULL, 2, '2026-05-30 11:19:42', 1, 2, 2, '2026-05-30 11:19:39', '2026-05-30 11:20:30'),
(21, 1, 1, 1, 1, 5, 10, 14, 'SI/26-27/0021', '2026-06-01', NULL, 16, NULL, NULL, NULL, NULL, '2026-06-01', 'INR', 1.000000, 7500.00, 0.00, 7500.00, 675.00, 675.00, 0.00, 0.00, 'manual', 1.00, 0.00, 8850.00, 0.00, NULL, NULL, 8850.00, 0.00, 75, 'paid', NULL, NULL, 4, '2026-06-01 10:02:38', 1, 4, 4, '2026-06-01 10:02:04', '2026-06-01 10:03:18');;

INSERT INTO `sales_invoice_lines` (`id`, `sales_invoice_id`, `sales_order_line_id`, `sales_delivery_line_id`, `line_no`, `item_id`, `warehouse_id`, `uom_id`, `batch_id`, `serial_id`, `description`, `invoiced_qty`, `returned_qty`, `pending_return_qty`, `rate`, `discount_percent`, `discount_amount`, `gross_amount`, `taxable_amount`, `tax_code_id`, `tax_percent`, `cgst_amount`, `sgst_amount`, `igst_amount`, `cess_amount`, `line_total`, `line_status`, `remarks`, `created_at`) VALUES
(1, 1, NULL, NULL, 1, 4, 8, 1, 1, 1, 'BELL BOY', 1.000000, 1.000000, 0.000000, 1000.0000, 0.0000, 0.00, 1000.00, 1000.00, 4, 18.0000, 90.00, 90.00, 0.00, 0.00, 1180.00, 'open', NULL, '2026-05-26 11:48:27'),
(2, 2, NULL, NULL, 1, 31, 8, 1, NULL, NULL, 'test', 1.000000, 0.000000, 0.000000, 1000.0000, 0.0000, 0.00, 1000.00, 1000.00, 4, 18.0000, 90.00, 90.00, 0.00, 0.00, 1180.00, 'open', NULL, '2026-05-26 12:43:15'),
(3, 3, NULL, NULL, 1, 6, 8, 5, NULL, NULL, 'FLUX', 4.000000, 0.000000, 0.000000, 310.0000, 0.0000, 0.00, 1240.00, 1240.00, 4, 18.0000, 111.60, 111.60, 0.00, 0.00, 1463.20, 'open', NULL, '2026-05-28 09:37:28'),
(4, 4, NULL, NULL, 1, 4, 8, 1, 1, 2, 'BELL BOY', 1.000000, 0.000000, 0.000000, 4500.0000, 0.0000, 0.00, 4500.00, 4500.00, 4, 18.0000, 405.00, 405.00, 0.00, 0.00, 5310.00, 'open', NULL, '2026-05-28 10:08:44'),
(5, 4, NULL, NULL, 2, 4, 8, 1, 1, 3, 'BELL BOY', 1.000000, 0.000000, 0.000000, 4500.0000, 0.0000, 0.00, 4500.00, 4500.00, 4, 18.0000, 405.00, 405.00, 0.00, 0.00, 5310.00, 'open', NULL, '2026-05-28 10:08:44'),
(6, 4, NULL, NULL, 3, 4, 8, 1, 1, 4, 'BELL BOY', 1.000000, 0.000000, 0.000000, 4500.0000, 0.0000, 0.00, 4500.00, 4500.00, 4, 18.0000, 405.00, 405.00, 0.00, 0.00, 5310.00, 'open', NULL, '2026-05-28 10:08:44'),
(7, 4, NULL, NULL, 4, 4, 8, 1, 1, 5, 'BELL BOY', 1.000000, 0.000000, 0.000000, 4500.0000, 0.0000, 0.00, 4500.00, 4500.00, 4, 18.0000, 405.00, 405.00, 0.00, 0.00, 5310.00, 'open', NULL, '2026-05-28 10:08:44'),
(8, 4, NULL, NULL, 5, 4, 8, 1, 1, 6, 'BELL BOY', 1.000000, 0.000000, 0.000000, 4500.0000, 0.0000, 0.00, 4500.00, 4500.00, 4, 18.0000, 405.00, 405.00, 0.00, 0.00, 5310.00, 'open', NULL, '2026-05-28 10:08:44'),
(9, 5, NULL, NULL, 1, 7, 1, 1, NULL, NULL, '8051 Basic Development Board', 5.000000, 5.000000, 0.000000, 180.0000, 0.0000, 0.00, 900.00, 900.00, 4, 18.0000, 0.00, 0.00, 162.00, 0.00, 1062.00, 'open', NULL, '2026-05-28 11:45:53'),
(11, 7, NULL, NULL, 1, 3, 1, 1, NULL, NULL, 'HappyBell 2020', 1.000000, 0.000000, 0.000000, 4508.4700, 0.0000, 0.00, 4508.47, 4508.47, 4, 18.0000, 405.76, 405.76, 0.00, 0.00, 5319.99, 'open', NULL, '2026-05-29 05:44:30'),
(13, 8, NULL, NULL, 1, 3, 1, 1, NULL, NULL, 'HappyBell 2020', 2.000000, 0.000000, 0.000000, 4406.7800, 0.0000, 0.00, 8813.56, 8813.56, 4, 18.0000, 793.22, 793.22, 0.00, 0.00, 10400.00, 'open', NULL, '2026-05-29 06:40:21'),
(14, 6, NULL, NULL, 1, 3, 1, 1, NULL, NULL, 'HAPPY BELL', 1.000000, 0.000000, 0.000000, 7500.0000, 0.0000, 0.00, 7500.00, 7500.00, 4, 18.0000, 0.00, 0.00, 1350.00, 0.00, 8850.00, 'open', NULL, '2026-05-29 07:00:24'),
(16, 9, NULL, NULL, 1, 3, 1, 1, NULL, NULL, 'HappyBell 2020', 1.000000, 0.000000, 0.000000, 7500.0000, 0.0000, 0.00, 7500.00, 7500.00, 4, 18.0000, 0.00, 0.00, 1350.00, 0.00, 8850.00, 'open', NULL, '2026-05-29 07:31:53'),
(18, 10, NULL, NULL, 1, 3, 1, 1, NULL, NULL, 'HappyBell 2020', 1.000000, 0.000000, 0.000000, 7500.0000, 0.0000, 0.00, 7500.00, 7500.00, 4, 18.0000, 675.00, 675.00, 0.00, 0.00, 8850.00, 'open', NULL, '2026-05-29 08:48:09'),
(20, 11, NULL, NULL, 1, 3, 1, 1, NULL, NULL, 'HappyBell 2020', 1.000000, 0.000000, 0.000000, 7500.0000, 0.0000, 0.00, 7500.00, 7500.00, 4, 18.0000, 675.00, 675.00, 0.00, 0.00, 8850.00, 'open', NULL, '2026-05-29 08:49:19'),
(22, 12, NULL, NULL, 1, 3, 1, 1, NULL, NULL, 'HappyBell 2020', 1.000000, 0.000000, 0.000000, 7500.0000, 0.0000, 0.00, 7500.00, 7500.00, 4, 18.0000, 675.00, 675.00, 0.00, 0.00, 8850.00, 'open', NULL, '2026-05-29 11:09:42'),
(23, 13, 17, 40, 1, 3, 1, 1, NULL, NULL, NULL, 2.000000, 0.000000, 0.000000, 7500.0000, 0.0000, 0.00, 15000.00, 15000.00, 4, 18.0000, 1350.00, 1350.00, 0.00, 0.00, 17700.00, 'open', NULL, '2026-05-30 06:29:01'),
(25, 14, 20, 42, 1, 3, 1, 1, NULL, NULL, NULL, 1.000000, 0.000000, 0.000000, 7500.0000, 0.0000, 0.00, 7500.00, 7500.00, 4, 18.0000, 0.00, 0.00, 1350.00, 0.00, 8850.00, 'open', NULL, '2026-05-30 06:36:52'),
(26, 15, NULL, NULL, 1, 3, 1, 1, NULL, NULL, 'HappyBell 2020', 1.000000, 0.000000, 0.000000, 7500.0000, 0.0000, 0.00, 7500.00, 7500.00, 4, 18.0000, 675.00, 675.00, 0.00, 0.00, 8850.00, 'open', NULL, '2026-05-30 06:44:56'),
(27, 16, 21, 43, 1, 3, 1, 1, NULL, NULL, NULL, 1.000000, 0.000000, 0.000000, 7500.0000, 0.0000, 0.00, 7500.00, 7500.00, 4, 18.0000, 675.00, 675.00, 0.00, 0.00, 8850.00, 'open', NULL, '2026-05-30 06:47:45'),
(28, 17, NULL, 44, 1, 4, 1, 1, NULL, NULL, NULL, 10.000000, 10.000000, 0.000000, 4500.0000, 0.0000, 0.00, 45000.00, 45000.00, NULL, 0.0000, 0.00, 0.00, 0.00, 0.00, 45000.00, 'open', NULL, '2026-05-30 09:16:54'),
(29, 18, NULL, 45, 1, 4, 1, 1, NULL, NULL, NULL, 10.000000, 0.000000, 0.000000, 4500.0000, 0.0000, 0.00, 45000.00, 45000.00, NULL, 0.0000, 0.00, 0.00, 0.00, 0.00, 45000.00, 'open', NULL, '2026-05-30 09:31:45'),
(30, 19, NULL, 46, 1, 4, 1, 1, NULL, NULL, NULL, 20.000000, 20.000000, 0.000000, 4500.0000, 0.0000, 0.00, 90000.00, 90000.00, NULL, 0.0000, 0.00, 0.00, 0.00, 0.00, 90000.00, 'open', NULL, '2026-05-30 09:33:30'),
(31, 20, 26, 47, 1, 4, 1, 1, NULL, NULL, NULL, 1.000000, 0.000000, 0.000000, 4500.0000, 0.0000, 0.00, 4500.00, 4500.00, 4, 18.0000, 405.00, 405.00, 0.00, 0.00, 5310.00, 'open', NULL, '2026-05-30 11:19:39'),
(33, 21, 28, 48, 1, 3, 1, 1, NULL, NULL, NULL, 1.000000, 0.000000, 0.000000, 7500.0000, 0.0000, 0.00, 7500.00, 7500.00, 4, 18.0000, 675.00, 675.00, 0.00, 0.00, 8850.00, 'open', NULL, '2026-06-01 10:02:36');;

INSERT INTO `sales_orders` (`id`, `company_id`, `branch_id`, `location_id`, `financial_year_id`, `document_series_id`, `sales_quotation_id`, `crm_opportunity_id`, `order_no`, `order_date`, `expected_delivery_date`, `customer_party_id`, `billing_address_id`, `shipping_address_id`, `contact_id`, `customer_reference_no`, `customer_reference_date`, `subtotal`, `discount_amount`, `taxable_amount`, `cgst_amount`, `sgst_amount`, `igst_amount`, `cess_amount`, `round_off_amount`, `total_amount`, `order_status`, `notes`, `terms_conditions`, `approved_by`, `approved_at`, `is_active`, `created_by`, `updated_by`, `created_at`, `updated_at`) VALUES
(1, 1, 1, 1, 1, 3, NULL, NULL, 'SO/26-27/0001', '2026-05-09', '2026-05-09', 18, NULL, NULL, NULL, NULL, '2026-05-09', 7500.00, 0.00, 7500.00, 675.00, 675.00, 0.00, 0.00, 0.00, 8850.00, 'draft', NULL, NULL, NULL, NULL, 1, 6, 4, '2026-05-09 09:36:07', '2026-05-29 05:54:33'),
(2, 1, 1, 1, 1, 3, 2, NULL, 'SO/26-27/0002', '2026-05-09', NULL, 40, NULL, NULL, NULL, NULL, NULL, 'INR', 1.000000, 8500.00, 0.00, 8500.00, 765.00, 765.00, 0.00, 0.00, 0.00, 10030.00, 'cancelled', NULL, NULL, NULL, NULL, 1, 2, 4, '2026-05-09 09:41:06', '2026-05-15 11:02:07'),
(3, 1, 1, 1, 1, 3, NULL, NULL, 'SO/26-27/0003', '2026-05-29', NULL, 18, NULL, NULL, NULL, NULL, NULL, 'INR', 1.000000, 15000.00, 0.00, 15000.00, 1350.00, 1350.00, 0.00, 0.00, 0.00, 17700.00, 'fully_invoiced', NULL, NULL, 2, '2026-05-30 06:20:44', 1, 4, 2, '2026-05-29 08:55:52', '2026-05-30 06:29:13'),
(4, 1, 1, 1, 1, 3, 4, NULL, 'SO/26-27/0004', '2026-05-30', NULL, 31, NULL, NULL, NULL, NULL, NULL, 'INR', 1.000000, 22000.00, 850.00, 21150.00, 0.00, 0.00, 3807.00, 0.00, 0.00, 24957.00, 'draft', NULL, NULL, NULL, NULL, 1, 4, 2, '2026-05-30 06:07:49', '2026-05-30 06:08:22'),
(5, 1, 1, 1, 1, 3, 5, NULL, 'SO/26-27/0005', '2026-04-02', '2026-04-02', 3, NULL, NULL, NULL, NULL, '2026-04-02', 'INR', 1.000000, 47711.90, 0.00, 47711.90, 0.00, 0.00, 8588.14, 0.00, 0.00, 56300.04, 'draft', NULL, '1.	Prototypes works doesn\'t cover any warranty\n2.	Products damaged will not be covered under the warranty ,its carries warranty if specified in description\n3.	Subject to Vellore Jurisdiction', NULL, NULL, 1, 4, 4, '2026-05-30 06:10:17', '2026-05-30 06:10:17'),
(6, 1, 1, 1, 1, 3, 6, NULL, 'SO/26-27/0006', '2026-05-30', NULL, 12, NULL, NULL, NULL, NULL, NULL, 'INR', 1.000000, 7500.00, 0.00, 7500.00, 0.00, 0.00, 1350.00, 0.00, 0.00, 8850.00, 'fully_invoiced', NULL, NULL, 4, '2026-05-30 06:36:14', 1, 4, 4, '2026-05-30 06:36:10', '2026-05-30 06:36:54'),
(7, 1, 1, 1, 1, 3, 7, NULL, 'SO/26-27/0007', '2026-05-30', NULL, 40, NULL, NULL, NULL, NULL, NULL, 'INR', 1.000000, 7500.00, 0.00, 7500.00, 675.00, 675.00, 0.00, 0.00, 0.00, 8850.00, 'fully_invoiced', NULL, NULL, 4, '2026-05-30 06:47:24', 1, 4, 4, '2026-05-30 06:47:21', '2026-05-30 06:47:48'),
(8, 1, 1, 1, 1, 3, 10, NULL, 'SO/26-27/0008', '2026-05-30', NULL, 40, NULL, NULL, NULL, NULL, NULL, 'INR', 1.000000, 4500.00, 0.00, 4500.00, 405.00, 405.00, 0.00, 0.00, 0.00, 5310.00, 'confirmed', NULL, NULL, 2, '2026-05-30 09:46:34', 1, 2, 2, '2026-05-30 09:45:26', '2026-05-30 09:46:34'),
(9, 1, 1, 1, 1, 3, 14, NULL, 'SO/26-27/0009', '2026-05-30', NULL, 37, NULL, NULL, NULL, NULL, NULL, 'INR', 1.000000, 4500.00, 0.00, 4500.00, 405.00, 405.00, 0.00, 0.00, 0.00, 5310.00, 'fully_invoiced', NULL, NULL, 2, '2026-05-30 11:18:57', 1, 2, 2, '2026-05-30 11:18:36', '2026-05-30 11:19:42'),
(10, 1, 1, 1, 1, 3, 17, NULL, 'SO/26-27/0010', '2026-06-01', NULL, 16, NULL, NULL, NULL, NULL, '2026-06-01', 'INR', 1.000000, 7500.00, 0.00, 7500.00, 675.00, 675.00, 0.00, 0.00, 0.00, 8850.00, 'fully_invoiced', NULL, NULL, 4, '2026-06-01 10:00:36', 1, 4, 4, '2026-06-01 09:58:59', '2026-06-01 10:02:38');;

INSERT INTO `sales_order_lines` (`id`, `sales_order_id`, `sales_quotation_line_id`, `line_no`, `item_id`, `warehouse_id`, `uom_id`, `description`, `ordered_qty`, `delivered_qty`, `invoiced_qty`, `pending_qty`, `rate`, `discount_percent`, `discount_amount`, `gross_amount`, `taxable_amount`, `tax_code_id`, `tax_percent`, `cgst_amount`, `sgst_amount`, `igst_amount`, `cess_amount`, `line_total`, `line_status`, `remarks`, `created_at`) VALUES
(6, 2, 3, 1, 2, NULL, 1, NULL, 1.000000, 0.000000, 0.000000, 1.000000, 8500.0000, 0.0000, 0.00, 8500.00, 8500.00, 4, 18.0000, 765.00, 765.00, 0.00, 0.00, 10030.00, 'cancelled', NULL, '2026-05-15 11:02:02'),
(10, 1, NULL, 1, 3, 1, 1, NULL, 1.000000, 0.000000, 0.000000, 1.000000, 7500.0000, 0.0000, 0.00, 7500.00, 7500.00, 4, 18.0000, 675.00, 675.00, 0.00, 0.00, 8850.00, 'open', NULL, '2026-05-30 05:59:00'),
(15, 4, 6, 1, 2, NULL, 1, NULL, 2.000000, 0.000000, 0.000000, 2.000000, 8500.0000, 5.0000, 850.00, 17000.00, 16150.00, 4, 18.0000, 0.00, 0.00, 2907.00, 0.00, 19057.00, 'open', NULL, '2026-05-30 06:09:21'),
(16, 4, 7, 2, 29, NULL, 1, NULL, 5.000000, 0.000000, 0.000000, 5.000000, 1000.0000, 0.0000, 0.00, 5000.00, 5000.00, 4, 18.0000, 0.00, 0.00, 900.00, 0.00, 5900.00, 'open', NULL, '2026-05-30 06:09:21'),
(17, 3, NULL, 1, 3, 1, 1, NULL, 2.000000, 2.000000, 2.000000, 0.000000, 7500.0000, 0.0000, 0.00, 15000.00, 15000.00, 4, 18.0000, 1350.00, 1350.00, 0.00, 0.00, 17700.00, 'fully_invoiced', NULL, '2026-05-30 06:09:40'),
(19, 5, 8, 1, 2, 1, 1, NULL, 10.000000, 0.000000, 0.000000, 10.000000, 4771.1900, 0.0000, 0.00, 47711.90, 47711.90, 4, 18.0000, 0.00, 0.00, 8588.14, 0.00, 56300.04, 'open', NULL, '2026-05-30 06:34:26'),
(20, 6, 9, 1, 3, 1, 1, NULL, 1.000000, 1.000000, 1.000000, 0.000000, 7500.0000, 0.0000, 0.00, 7500.00, 7500.00, 4, 18.0000, 0.00, 0.00, 1350.00, 0.00, 8850.00, 'fully_invoiced', NULL, '2026-05-30 06:36:10'),
(21, 7, 10, 1, 3, 1, 1, NULL, 1.000000, 1.000000, 1.000000, 0.000000, 7500.0000, 0.0000, 0.00, 7500.00, 7500.00, 4, 18.0000, 675.00, 675.00, 0.00, 0.00, 8850.00, 'fully_invoiced', NULL, '2026-05-30 06:47:21'),
(24, 8, 13, 1, 4, 1, 1, NULL, 1.000000, 0.000000, 0.000000, 1.000000, 4500.0000, 0.0000, 0.00, 4500.00, 4500.00, 4, 18.0000, 405.00, 405.00, 0.00, 0.00, 5310.00, 'open', NULL, '2026-05-30 09:46:33'),
(26, 9, 17, 1, 4, 1, 1, NULL, 1.000000, 1.000000, 1.000000, 0.000000, 4500.0000, 0.0000, 0.00, 4500.00, 4500.00, 4, 18.0000, 405.00, 405.00, 0.00, 0.00, 5310.00, 'fully_invoiced', NULL, '2026-05-30 11:18:55'),
(28, 10, 20, 1, 3, 1, 1, NULL, 1.000000, 1.000000, 1.000000, 0.000000, 7500.0000, 0.0000, 0.00, 7500.00, 7500.00, 4, 18.0000, 675.00, 675.00, 0.00, 0.00, 8850.00, 'fully_invoiced', NULL, '2026-06-01 10:00:34');;

INSERT INTO `sales_quotations` (`id`, `company_id`, `branch_id`, `location_id`, `financial_year_id`, `document_series_id`, `quotation_no`, `quotation_date`, `valid_until`, `customer_party_id`, `billing_address_id`, `shipping_address_id`, `contact_id`, `crm_opportunity_id`, `customer_reference_no`, `customer_reference_date`, `price_type`, `subtotal`, `discount_amount`, `taxable_amount`, `cgst_amount`, `sgst_amount`, `igst_amount`, `cess_amount`, `round_off_amount`, `adjustment_amount`, `adjustment_account_id`, `adjustment_remarks`, `total_amount`, `quotation_status`, `notes`, `terms_conditions`, `approved_by`, `approved_at`, `is_active`, `created_by`, `updated_by`, `created_at`, `updated_at`) VALUES
(1, 1, 1, 1, 1, 2, 'QT/26-27/0001', '2026-05-09', NULL, 39, NULL, NULL, NULL, 2, NULL, NULL, NULL, 1200.00, 0.00, 1200.00, 108.00, 108.00, 0.00, 0.00, 0.00, 0.00, NULL, NULL, 1416.00, 'sent', 'Linked CRM opportunity: Deal — ENQ-20260509-0002', NULL, NULL, NULL, 1, 6, 6, '2026-05-09 09:22:14', '2026-05-09 09:24:29'),
(2, 1, 1, 1, 1, 2, 'QT/26-27/0002', '2026-05-09', NULL, 40, NULL, NULL, NULL, NULL, NULL, NULL, NULL, 'INR', 1.000000, 8500.00, 0.00, 8500.00, 765.00, 765.00, 0.00, 0.00, 0.00, 0.00, NULL, NULL, 10030.00, 'accepted', NULL, NULL, 2, '2026-05-09 09:40:58', 1, 6, 2, '2026-05-09 09:31:07', '2026-05-09 09:40:58'),
(3, 1, 1, 1, 1, 2, 'QT/26-27/0003', '2026-05-12', '2026-05-13', 40, NULL, NULL, NULL, NULL, NULL, '2026-05-12', NULL, 'INR', 1.000000, 1000.00, 50.00, 950.00, 85.50, 85.50, 0.00, 0.00, 0.00, 0.00, NULL, NULL, 1121.00, 'posted', NULL, NULL, NULL, NULL, 1, 2, 2, '2026-05-12 08:41:18', '2026-05-25 12:15:56'),
(4, 1, 1, 1, 1, 2, 'QT/26-27/0004', '2026-05-12', NULL, 31, NULL, NULL, NULL, NULL, NULL, NULL, NULL, 'INR', 1.000000, 22000.00, 850.00, 21150.00, 0.00, 0.00, 3807.00, 0.00, 0.00, 0.00, NULL, NULL, 24957.00, 'posted', NULL, NULL, NULL, NULL, 1, 6, 2, '2026-05-12 08:51:34', '2026-05-25 12:19:00'),
(5, 1, 1, 1, 1, 2, 'QT/26-27/0005', '2026-04-02', '2026-04-02', 3, NULL, NULL, NULL, NULL, NULL, '2026-04-02', NULL, 'INR', 1.000000, 47711.90, 0.00, 47711.90, 0.00, 0.00, 8588.14, 0.00, 0.00, 0.00, NULL, NULL, 56300.04, 'posted', NULL, '1.	Prototypes works doesn\'t cover any warranty\n2.	Products damaged will not be covered under the warranty ,its carries warranty if specified in description\n3.	Subject to Vellore Jurisdiction', NULL, NULL, 1, 4, 4, '2026-05-28 11:55:07', '2026-05-28 11:55:15'),
(6, 1, 1, 1, 1, 2, 'QT/26-27/0006', '2026-05-30', NULL, 12, NULL, NULL, NULL, NULL, NULL, NULL, NULL, 'INR', 1.000000, 7500.00, 0.00, 7500.00, 0.00, 0.00, 1350.00, 0.00, 0.00, 0.00, NULL, NULL, 8850.00, 'posted', NULL, NULL, NULL, NULL, 1, 4, 4, '2026-05-30 06:35:44', '2026-05-30 06:35:51'),
(7, 1, 1, 1, 1, 2, 'QT/26-27/0007', '2026-05-30', NULL, 40, NULL, NULL, NULL, NULL, NULL, NULL, NULL, 'INR', 1.000000, 7500.00, 0.00, 7500.00, 675.00, 675.00, 0.00, 0.00, 0.00, 0.00, NULL, NULL, 8850.00, 'posted', NULL, NULL, NULL, NULL, 1, 4, 4, '2026-05-30 06:46:58', '2026-05-30 06:47:04'),
(8, 1, 1, 1, 1, 2, 'QT/26-27/0008', '2026-05-30', NULL, 40, NULL, NULL, NULL, NULL, NULL, NULL, NULL, 'INR', 1.000000, 7500.00, 0.00, 7500.00, 675.00, 675.00, 0.00, 0.00, 0.00, 0.00, NULL, NULL, 8850.00, 'cancelled', NULL, NULL, NULL, NULL, 1, 2, 2, '2026-05-30 07:25:27', '2026-05-30 07:39:14'),
(9, 1, 1, 1, 1, 2, 'QT/26-27/0009', '2026-05-30', NULL, 40, NULL, NULL, NULL, NULL, NULL, NULL, NULL, 'INR', 1.000000, 15000.00, 0.00, 15000.00, 1350.00, 1350.00, 0.00, 0.00, 0.00, 0.00, NULL, NULL, 17700.00, 'cancelled', NULL, NULL, NULL, NULL, 1, 2, 2, '2026-05-30 07:41:39', '2026-05-30 07:47:21'),
(10, 1, 1, 1, 1, 2, 'QT/26-27/0010', '2026-05-30', NULL, 40, NULL, NULL, NULL, NULL, NULL, NULL, NULL, 'INR', 1.000000, 4500.00, 0.00, 4500.00, 405.00, 405.00, 0.00, 0.00, 0.00, 0.00, NULL, NULL, 5310.00, 'posted', NULL, NULL, NULL, NULL, 1, 2, 2, '2026-05-30 09:44:49', '2026-05-30 09:45:01'),
(11, 1, 1, 1, 1, 2, 'QT/26-27/0011', '2026-05-30', NULL, 36, NULL, NULL, NULL, NULL, NULL, NULL, NULL, 'INR', 1.000000, 45000.00, 0.00, 45000.00, 0.00, 0.00, 8100.00, 0.00, 0.00, 0.00, NULL, NULL, 53100.00, 'posted', NULL, NULL, NULL, NULL, 1, 2, 2, '2026-05-30 10:54:53', '2026-05-30 10:55:12'),
(12, 1, 1, 1, 1, 2, 'QT/26-27/0012', '2026-05-30', NULL, 28, NULL, NULL, NULL, NULL, NULL, NULL, NULL, 'INR', 1.000000, 67500.00, 0.00, 67500.00, 6075.00, 6075.00, 0.00, 0.00, 0.00, 0.00, NULL, NULL, 79650.00, 'posted', NULL, NULL, NULL, NULL, 1, 2, 2, '2026-05-30 11:03:09', '2026-05-30 11:03:11'),
(13, 1, 1, 1, 1, 2, 'QT/26-27/0013', '2026-05-30', NULL, 40, NULL, NULL, NULL, NULL, NULL, NULL, NULL, 'INR', 1.000000, 4500.00, 0.00, 4500.00, 405.00, 405.00, 0.00, 0.00, 0.00, 0.00, NULL, NULL, 5310.00, 'cancelled', NULL, NULL, NULL, NULL, 1, 2, 2, '2026-05-30 11:09:50', '2026-05-30 11:12:33'),
(14, 1, 1, 1, 1, 2, 'QT/26-27/0014', '2026-05-30', NULL, 37, NULL, NULL, NULL, NULL, NULL, NULL, NULL, 'INR', 1.000000, 4500.00, 0.00, 4500.00, 405.00, 405.00, 0.00, 0.00, 0.00, 0.00, NULL, NULL, 5310.00, 'posted', NULL, NULL, NULL, NULL, 1, 2, 2, '2026-05-30 11:18:19', '2026-05-30 11:18:24'),
(15, 1, 1, 1, 1, 2, 'QT/26-27/0015', '2026-05-30', NULL, 40, NULL, NULL, NULL, NULL, NULL, NULL, NULL, 'INR', 1.000000, 4500.00, 0.00, 4500.00, 405.00, 405.00, 0.00, 0.00, 0.00, 0.00, NULL, NULL, 5310.00, 'cancelled', NULL, NULL, NULL, NULL, 1, 2, 2, '2026-05-30 11:22:08', '2026-05-30 11:22:24'),
(16, 1, 1, 1, 1, 2, 'QT/26-27/0016', '2026-05-30', NULL, 40, NULL, NULL, NULL, NULL, NULL, NULL, NULL, 'INR', 1.000000, 4500.00, 0.00, 4500.00, 405.00, 405.00, 0.00, 0.00, 0.00, 0.00, NULL, NULL, 5310.00, 'cancelled', NULL, NULL, NULL, NULL, 1, 2, 2, '2026-05-30 11:34:06', '2026-05-30 11:34:18'),
(17, 1, 1, 1, 1, 2, 'QT/26-27/0017', '2026-06-01', NULL, 16, NULL, NULL, NULL, NULL, NULL, '2026-06-01', NULL, 'INR', 1.000000, 7500.00, 0.00, 7500.00, 675.00, 675.00, 0.00, 0.00, 0.00, 0.00, NULL, NULL, 8850.00, 'posted', NULL, NULL, NULL, NULL, 1, 4, 4, '2026-06-01 09:57:13', '2026-06-01 09:57:17');;

INSERT INTO `sales_quotation_lines` (`id`, `sales_quotation_id`, `line_no`, `item_id`, `warehouse_id`, `uom_id`, `description`, `qty`, `rate`, `discount_percent`, `discount_amount`, `gross_amount`, `taxable_amount`, `tax_code_id`, `tax_percent`, `cgst_amount`, `sgst_amount`, `igst_amount`, `cess_amount`, `line_total`, `remarks`, `created_at`) VALUES
(2, 1, 1, 5, NULL, 1, NULL, 2.000000, 600.0000, 0.0000, 0.00, 1200.00, 1200.00, 4, 18.0000, 108.00, 108.00, 0.00, 0.00, 1416.00, NULL, '2026-05-09 09:22:28'),
(3, 2, 1, 2, NULL, 1, NULL, 1.000000, 8500.0000, 0.0000, 0.00, 8500.00, 8500.00, 4, 18.0000, 765.00, 765.00, 0.00, 0.00, 10030.00, NULL, '2026-05-09 09:31:07'),
(4, 3, 1, 4, NULL, 1, NULL, 1.000000, 1000.0000, 5.0000, 50.00, 1000.00, 950.00, 4, 18.0000, 85.50, 85.50, 0.00, 0.00, 1121.00, NULL, '2026-05-12 08:41:18'),
(6, 4, 1, 2, NULL, 1, NULL, 2.000000, 8500.0000, 5.0000, 850.00, 17000.00, 16150.00, 4, 18.0000, 0.00, 0.00, 2907.00, 0.00, 19057.00, NULL, '2026-05-12 08:51:52'),
(7, 4, 2, 29, NULL, 1, NULL, 5.000000, 1000.0000, 0.0000, 0.00, 5000.00, 5000.00, 4, 18.0000, 0.00, 0.00, 900.00, 0.00, 5900.00, NULL, '2026-05-23 06:56:23'),
(8, 5, 1, 2, NULL, 1, NULL, 10.000000, 4771.1900, 0.0000, 0.00, 47711.90, 47711.90, 4, 18.0000, 0.00, 0.00, 8588.14, 0.00, 56300.04, NULL, '2026-05-28 11:55:07'),
(9, 6, 1, 3, NULL, 1, NULL, 1.000000, 7500.0000, 0.0000, 0.00, 7500.00, 7500.00, 4, 18.0000, 0.00, 0.00, 1350.00, 0.00, 8850.00, NULL, '2026-05-30 06:35:44'),
(10, 7, 1, 3, NULL, 1, NULL, 1.000000, 7500.0000, 0.0000, 0.00, 7500.00, 7500.00, 4, 18.0000, 675.00, 675.00, 0.00, 0.00, 8850.00, NULL, '2026-05-30 06:46:58'),
(11, 8, 1, 3, NULL, 1, NULL, 1.000000, 7500.0000, 0.0000, 0.00, 7500.00, 7500.00, 4, 18.0000, 675.00, 675.00, 0.00, 0.00, 8850.00, NULL, '2026-05-30 07:25:27'),
(12, 9, 1, 3, NULL, 1, NULL, 2.000000, 7500.0000, 0.0000, 0.00, 15000.00, 15000.00, 4, 18.0000, 1350.00, 1350.00, 0.00, 0.00, 17700.00, NULL, '2026-05-30 07:41:39'),
(13, 10, 1, 4, NULL, 1, NULL, 1.000000, 4500.0000, 0.0000, 0.00, 4500.00, 4500.00, 4, 18.0000, 405.00, 405.00, 0.00, 0.00, 5310.00, NULL, '2026-05-30 09:44:49'),
(14, 11, 1, 4, NULL, 1, NULL, 10.000000, 4500.0000, 0.0000, 0.00, 45000.00, 45000.00, 4, 18.0000, 0.00, 0.00, 8100.00, 0.00, 53100.00, NULL, '2026-05-30 10:54:53'),
(15, 12, 1, 4, NULL, 1, NULL, 15.000000, 4500.0000, 0.0000, 0.00, 67500.00, 67500.00, 4, 18.0000, 6075.00, 6075.00, 0.00, 0.00, 79650.00, NULL, '2026-05-30 11:03:09'),
(16, 13, 1, 4, NULL, 1, NULL, 1.000000, 4500.0000, 0.0000, 0.00, 4500.00, 4500.00, 4, 18.0000, 405.00, 405.00, 0.00, 0.00, 5310.00, NULL, '2026-05-30 11:09:50'),
(17, 14, 1, 4, NULL, 1, NULL, 1.000000, 4500.0000, 0.0000, 0.00, 4500.00, 4500.00, 4, 18.0000, 405.00, 405.00, 0.00, 0.00, 5310.00, NULL, '2026-05-30 11:18:19'),
(18, 15, 1, 4, NULL, 1, NULL, 1.000000, 4500.0000, 0.0000, 0.00, 4500.00, 4500.00, 4, 18.0000, 405.00, 405.00, 0.00, 0.00, 5310.00, NULL, '2026-05-30 11:22:08'),
(19, 16, 1, 4, NULL, 1, NULL, 1.000000, 4500.0000, 0.0000, 0.00, 4500.00, 4500.00, 4, 18.0000, 405.00, 405.00, 0.00, 0.00, 5310.00, NULL, '2026-05-30 11:34:06'),
(20, 17, 1, 3, NULL, 1, NULL, 1.000000, 7500.0000, 0.0000, 0.00, 7500.00, 7500.00, 4, 18.0000, 675.00, 675.00, 0.00, 0.00, 8850.00, NULL, '2026-06-01 09:57:13');;

INSERT INTO `sales_receipts` (`id`, `company_id`, `branch_id`, `location_id`, `financial_year_id`, `document_series_id`, `receipt_no`, `receipt_date`, `customer_party_id`, `payment_mode`, `account_id`, `payment_reference_no`, `payment_reference_date`, `paid_amount`, `unallocated_amount`, `voucher_id`, `receipt_status`, `notes`, `posted_by`, `posted_at`, `is_active`, `created_by`, `updated_by`, `created_at`, `updated_at`) VALUES
(1, 1, 1, 1, 1, 6, 'SR/26-27/0001', '2026-05-26', 40, 'cash', 72, NULL, NULL, 1180.00, 0.00, 3, 'fully_allocated', NULL, 2, '2026-05-26 13:07:49', 1, 2, 2, '2026-05-26 13:01:38', '2026-05-26 13:07:49'),
(2, 1, 1, 1, 1, 6, 'SR/26-27/0002', '2026-05-29', 6, 'bank', 73, '6145821321', '2026-04-04', 10400.00, 0.00, 18, 'fully_allocated', NULL, 4, '2026-05-29 06:49:18', 1, 4, 4, '2026-05-29 06:49:15', '2026-05-29 06:49:18'),
(3, 1, 1, 1, 1, 6, 'SR/26-27/0003', '2026-05-29', 5, 'bank', 73, '6341526180', '2026-05-29', 5319.99, 0.00, 19, 'fully_allocated', NULL, 4, '2026-05-29 06:53:58', 1, 4, 4, '2026-05-29 06:53:51', '2026-05-29 06:53:58'),
(4, 1, 1, 1, 1, 6, 'SR/26-27/0004', '2026-05-29', 2, 'bank', 73, NULL, NULL, 63.20, 0.00, 20, 'fully_allocated', NULL, 4, '2026-05-29 06:57:03', 1, 4, 4, '2026-05-29 06:56:58', '2026-05-29 06:57:03'),
(5, 1, 1, 1, 1, 6, 'SR/26-27/0005', '2026-05-29', 12, 'bank', 73, '6148953212', '2026-05-29', 8000.00, 0.00, 22, 'fully_allocated', NULL, 4, '2026-05-29 07:01:30', 1, 4, 4, '2026-05-29 07:01:26', '2026-05-29 07:01:30'),
(6, 1, 1, 1, 1, 6, 'SR/26-27/0006', '2026-05-29', 40, 'bank', 73, '6547893211', '2026-05-29', 1000.00, 0.00, 23, 'fully_allocated', NULL, 4, '2026-05-29 07:03:54', 1, 4, 4, '2026-05-29 07:03:46', '2026-05-29 07:03:54'),
(7, 1, 1, 1, 1, 6, 'SR/26-27/0007', '2026-05-29', 40, 'bank', 73, '6642118521', '2026-05-29', 180.00, 0.00, 24, 'fully_allocated', NULL, 4, '2026-05-29 07:05:02', 1, 4, 4, '2026-05-29 07:04:53', '2026-05-29 07:05:02'),
(8, 1, 1, 1, 1, 6, 'SR/26-27/0008', '2026-05-29', 24, 'bank', 74, 'DEUTN78563214', NULL, 62.00, 0.00, 25, 'fully_allocated', NULL, 4, '2026-05-29 07:10:12', 1, 4, 4, '2026-05-29 07:10:09', '2026-05-29 07:10:12'),
(9, 1, 1, 1, 1, 6, 'SR/26-27/0009', '2026-05-29', 2, 'bank', 74, 'DEUTN61478520', '2026-05-29', 1400.00, 0.00, 26, 'fully_allocated', NULL, 4, '2026-05-29 07:16:15', 1, 4, 4, '2026-05-29 07:16:07', '2026-05-29 07:16:15'),
(10, 1, 1, 1, 1, 6, 'SR/26-27/0010', '2026-05-29', 12, 'bank', 74, NULL, NULL, 50.00, 0.00, 28, 'fully_allocated', NULL, 4, '2026-05-29 07:33:57', 1, 4, 4, '2026-05-29 07:33:54', '2026-05-29 07:33:57'),
(11, 1, 1, 1, 1, 6, 'SR/26-27/0011', '2026-05-29', 12, 'bank', 74, NULL, NULL, 800.00, 0.00, 29, 'fully_allocated', NULL, 4, '2026-05-29 07:36:21', 1, 4, 4, '2026-05-29 07:36:19', '2026-05-29 07:36:21'),
(12, 1, 1, 1, 1, 6, 'SR/26-27/0012', '2026-05-29', 12, 'bank', 74, NULL, NULL, 8850.00, 0.00, 30, 'fully_allocated', NULL, 4, '2026-05-29 07:37:47', 1, 4, 4, '2026-05-29 07:37:43', '2026-05-29 07:37:47'),
(13, 1, 1, 1, 1, 6, 'SR/26-27/0013', '2026-05-29', 24, 'bank', 74, '63457896543', NULL, 1000.00, 0.00, 31, 'fully_allocated', NULL, 4, '2026-05-29 08:32:05', 1, 4, 4, '2026-05-29 08:32:01', '2026-05-29 08:32:05'),
(14, 1, 1, 1, 1, 6, 'SR/26-27/0014', '2026-05-29', 40, 'bank', 73, NULL, NULL, 2655.00, 0.00, 34, 'fully_allocated', NULL, 4, '2026-05-29 09:47:19', 1, 4, 4, '2026-05-29 09:47:16', '2026-05-29 09:47:19'),
(15, 1, 1, 1, 1, 6, 'SR/26-27/0015', '2026-05-29', 27, 'bank', 74, '6532148622', '2026-05-29', 17700.00, 0.00, 35, 'fully_allocated', NULL, 4, '2026-05-29 09:51:32', 1, 4, 4, '2026-05-29 09:51:28', '2026-05-29 09:51:32'),
(16, 1, 1, 1, 1, 6, 'SR/26-27/0016', '2026-05-30', 12, 'bank', 74, NULL, NULL, 8850.00, 0.00, 48, 'fully_allocated', NULL, 4, '2026-05-30 06:37:31', 1, 4, 4, '2026-05-30 06:37:27', '2026-05-30 06:37:31'),
(17, 1, 1, 1, 1, 6, 'SR/26-27/0017', '2026-05-30', 24, 'bank', 73, NULL, NULL, 45000.00, 0.00, 57, 'fully_allocated', NULL, 2, '2026-05-30 09:17:16', 1, 2, 2, '2026-05-30 09:17:15', '2026-05-30 09:17:16'),
(18, 1, 1, 1, 1, 6, 'SR/26-27/0018', '2026-05-30', 36, 'bank', 74, NULL, NULL, 90000.00, 0.00, 63, 'fully_allocated', NULL, 2, '2026-05-30 09:36:12', 1, 2, 2, '2026-05-30 09:36:09', '2026-05-30 09:36:12'),
(19, 1, 1, 1, 1, 6, 'SR/26-27/0019', '2026-05-30', 37, 'bank', 74, NULL, NULL, 5310.00, 0.00, 70, 'fully_allocated', NULL, 2, '2026-05-30 11:20:30', 1, 2, 2, '2026-05-30 11:20:27', '2026-05-30 11:20:30'),
(20, 1, 1, 1, 1, 6, 'SR/26-27/0020', '2026-06-01', 16, 'bank', 74, 'IBFB1236584723', NULL, 8850.00, 0.00, 76, 'fully_allocated', NULL, 4, '2026-06-01 10:03:18', 1, 4, 4, '2026-06-01 10:03:16', '2026-06-01 10:03:18');;

INSERT INTO `sales_receipt_allocations` (`id`, `sales_receipt_id`, `sales_invoice_id`, `allocated_amount`, `allocation_type`, `remarks`, `created_at`) VALUES
(1, 1, 1, 1180.00, 'against_invoice', NULL, '2026-05-26 13:01:38'),
(3, 2, 8, 10400.00, 'against_invoice', NULL, '2026-05-29 06:49:17'),
(5, 3, 7, 5319.99, 'against_invoice', NULL, '2026-05-29 06:53:55'),
(6, 4, 3, 63.20, 'against_invoice', NULL, '2026-05-29 06:56:58'),
(8, 5, 6, 8000.00, 'against_invoice', NULL, '2026-05-29 07:01:29'),
(10, 6, 2, 1000.00, 'against_invoice', NULL, '2026-05-29 07:03:47'),
(12, 7, 2, 180.00, 'against_invoice', NULL, '2026-05-29 07:04:57'),
(14, 8, 5, 62.00, 'against_invoice', NULL, '2026-05-29 07:10:11'),
(16, 9, 3, 1400.00, 'against_invoice', NULL, '2026-05-29 07:16:14'),
(18, 10, 6, 50.00, 'against_invoice', NULL, '2026-05-29 07:33:56'),
(19, 11, 6, 800.00, 'against_invoice', NULL, '2026-05-29 07:36:19'),
(21, 12, 9, 8850.00, 'against_invoice', NULL, '2026-05-29 07:37:45'),
(23, 13, 5, 1000.00, 'against_invoice', NULL, '2026-05-29 08:32:04'),
(25, 14, 4, 2655.00, 'against_invoice', NULL, '2026-05-29 09:47:18'),
(28, 15, 11, 8850.00, 'against_invoice', NULL, '2026-05-29 09:51:30'),
(29, 15, 10, 8850.00, 'against_invoice', NULL, '2026-05-29 09:51:30'),
(31, 16, 14, 8850.00, 'against_invoice', 'Against SI/26-27/0014', '2026-05-30 06:37:29'),
(32, 17, 17, 45000.00, 'against_invoice', 'Against SI/26-27/0017', '2026-05-30 09:17:15'),
(33, 18, 19, 90000.00, 'against_invoice', 'Against SI/26-27/0019', '2026-05-30 09:36:09'),
(34, 19, 20, 5310.00, 'against_invoice', 'Against SI/26-27/0020', '2026-05-30 11:20:27'),
(35, 20, 21, 8850.00, 'against_invoice', 'Against SI/26-27/0021', '2026-06-01 10:03:16');;

INSERT INTO `sales_returns` (`id`, `company_id`, `branch_id`, `location_id`, `financial_year_id`, `document_series_id`, `sales_invoice_id`, `return_no`, `return_date`, `customer_party_id`, `subtotal`, `discount_amount`, `taxable_amount`, `cgst_amount`, `sgst_amount`, `igst_amount`, `cess_amount`, `round_off_amount`, `adjustment_amount`, `adjustment_account_id`, `adjustment_remarks`, `total_amount`, `voucher_id`, `return_reason`, `return_status`, `notes`, `posted_by`, `posted_at`, `is_active`, `created_by`, `updated_by`, `created_at`, `updated_at`) VALUES
(1, 1, 1, 1, 1, 7, 1, 'SRT/26-27/0001', '2026-05-26', 40, 1000.00, 0.00, 1000.00, 90.00, 90.00, 0.00, 0.00, 0.00, 0.00, NULL, NULL, 1180.00, 4, NULL, 'posted', NULL, 2, '2026-05-27 05:05:12', 1, 2, 2, '2026-05-26 13:08:02', '2026-05-27 05:05:12'),
(2, 1, 1, 1, 1, 7, 5, 'SRT/26-27/0002', '2026-05-29', 24, 900.00, 0.00, 900.00, 0.00, 0.00, 162.00, 0.00, 0.00, 0.00, NULL, NULL, 1062.00, 41, NULL, 'posted', NULL, 4, '2026-05-29 12:24:35', 1, 4, 4, '2026-05-29 12:24:27', '2026-05-29 12:24:35'),
(3, 1, 1, 1, 1, 7, 17, 'SRT/26-27/0003', '2026-05-30', 24, 45000.00, 0.00, 45000.00, 0.00, 0.00, 0.00, 0.00, 0.00, 0.00, NULL, NULL, 45000.00, 58, NULL, 'posted', NULL, 2, '2026-05-30 09:17:52', 1, 2, 2, '2026-05-30 09:17:50', '2026-05-30 09:17:52'),
(4, 1, 1, 1, 1, 7, 19, 'SRT/26-27/0004', '2026-05-30', 36, 90000.00, 0.00, 90000.00, 0.00, 0.00, 0.00, 0.00, 0.00, 0.00, NULL, NULL, 90000.00, 64, NULL, 'posted', NULL, 2, '2026-05-30 09:36:27', 1, 2, 2, '2026-05-30 09:36:25', '2026-05-30 09:36:27');;

INSERT INTO `sales_return_lines` (`id`, `sales_return_id`, `sales_invoice_line_id`, `line_no`, `item_id`, `warehouse_id`, `uom_id`, `batch_id`, `serial_id`, `return_qty`, `rate`, `discount_percent`, `discount_amount`, `gross_amount`, `taxable_amount`, `tax_code_id`, `tax_percent`, `cgst_amount`, `sgst_amount`, `igst_amount`, `cess_amount`, `line_total`, `return_reason`, `remarks`, `created_at`) VALUES
(2, 1, 1, 1, 4, 8, 1, 1, 1, 1.000000, 1000.0000, 0.0000, 0.00, 1000.00, 1000.00, 4, 18.0000, 90.00, 90.00, 0.00, 0.00, 1180.00, NULL, NULL, '2026-05-27 05:05:07'),
(4, 2, 9, 1, 7, 1, 1, NULL, NULL, 5.000000, 180.0000, 0.0000, 0.00, 900.00, 900.00, 4, 18.0000, 0.00, 0.00, 162.00, 0.00, 1062.00, NULL, NULL, '2026-05-29 12:24:34'),
(5, 3, 28, 1, 4, 1, 1, NULL, NULL, 10.000000, 4500.0000, 0.0000, 0.00, 45000.00, 45000.00, 4, 0.0000, 0.00, 0.00, 0.00, 0.00, 45000.00, NULL, NULL, '2026-05-30 09:17:50'),
(6, 4, 30, 1, 4, 1, 1, NULL, NULL, 20.000000, 4500.0000, 0.0000, 0.00, 90000.00, 90000.00, 4, 0.0000, 0.00, 0.00, 0.00, 0.00, 90000.00, NULL, NULL, '2026-05-30 09:36:25');;

INSERT INTO `states` (`id`, `country_code`, `state_code`, `state_name`, `gst_state_code`, `is_union_territory`, `is_active`, `created_at`, `updated_at`) VALUES
(1, 'IN', 'JK', 'Jammu and Kashmir', '01', 0, 1, '2026-05-05 11:01:43', '2026-05-05 11:01:43'),
(2, 'IN', 'HP', 'Himachal Pradesh', '02', 0, 1, '2026-05-05 11:01:43', '2026-05-05 11:01:43'),
(3, 'IN', 'PB', 'Punjab', '03', 0, 1, '2026-05-05 11:01:43', '2026-05-05 11:01:43'),
(4, 'IN', 'UT-CH', 'Chandigarh', '04', 1, 1, '2026-05-05 11:01:43', '2026-05-05 11:01:43'),
(5, 'IN', 'UK', 'Uttarakhand', '05', 0, 1, '2026-05-05 11:01:43', '2026-05-05 11:01:43'),
(6, 'IN', 'HR', 'Haryana', '06', 0, 1, '2026-05-05 11:01:43', '2026-05-05 11:01:43'),
(7, 'IN', 'DL', 'Delhi', '07', 1, 1, '2026-05-05 11:01:43', '2026-05-05 11:01:43'),
(8, 'IN', 'RJ', 'Rajasthan', '08', 0, 1, '2026-05-05 11:01:43', '2026-05-05 11:01:43'),
(9, 'IN', 'UP', 'Uttar Pradesh', '09', 0, 1, '2026-05-05 11:01:43', '2026-05-05 11:01:43'),
(10, 'IN', 'BR', 'Bihar', '10', 0, 1, '2026-05-05 11:01:43', '2026-05-05 11:01:43'),
(11, 'IN', 'SK', 'Sikkim', '11', 0, 1, '2026-05-05 11:01:43', '2026-05-05 11:01:43'),
(12, 'IN', 'AR', 'Arunachal Pradesh', '12', 0, 1, '2026-05-05 11:01:43', '2026-05-05 11:01:43'),
(13, 'IN', 'NL', 'Nagaland', '13', 0, 1, '2026-05-05 11:01:43', '2026-05-05 11:01:43'),
(14, 'IN', 'MN', 'Manipur', '14', 0, 1, '2026-05-05 11:01:43', '2026-05-05 11:01:43'),
(15, 'IN', 'MZ', 'Mizoram', '15', 0, 1, '2026-05-05 11:01:43', '2026-05-05 11:01:43'),
(16, 'IN', 'TR', 'Tripura', '16', 0, 1, '2026-05-05 11:01:43', '2026-05-05 11:01:43'),
(17, 'IN', 'ML', 'Meghalaya', '17', 0, 1, '2026-05-05 11:01:43', '2026-05-05 11:01:43'),
(18, 'IN', 'AS', 'Assam', '18', 0, 1, '2026-05-05 11:01:43', '2026-05-05 11:01:43'),
(19, 'IN', 'WB', 'West Bengal', '19', 0, 1, '2026-05-05 11:01:43', '2026-05-05 11:01:43'),
(20, 'IN', 'JH', 'Jharkhand', '20', 0, 1, '2026-05-05 11:01:43', '2026-05-05 11:01:43'),
(21, 'IN', 'OD', 'Odisha', '21', 0, 1, '2026-05-05 11:01:43', '2026-05-05 11:01:43'),
(22, 'IN', 'CT', 'Chhattisgarh', '22', 0, 1, '2026-05-05 11:01:43', '2026-05-05 11:01:43'),
(23, 'IN', 'MP', 'Madhya Pradesh', '23', 0, 1, '2026-05-05 11:01:43', '2026-05-05 11:01:43'),
(24, 'IN', 'GJ', 'Gujarat', '24', 0, 1, '2026-05-05 11:01:43', '2026-05-05 11:01:43'),
(25, 'IN', 'DH', 'Dadra and Nagar Haveli and Daman and Diu', '26', 1, 1, '2026-05-05 11:01:43', '2026-05-05 11:01:43'),
(26, 'IN', 'MH', 'Maharashtra', '27', 0, 1, '2026-05-05 11:01:43', '2026-05-05 11:01:43'),
(27, 'IN', 'KA', 'Karnataka', '29', 0, 1, '2026-05-05 11:01:43', '2026-05-05 11:01:43'),
(28, 'IN', 'GA', 'Goa', '30', 0, 1, '2026-05-05 11:01:43', '2026-05-05 11:01:43'),
(29, 'IN', 'LD', 'Lakshadweep', '31', 1, 1, '2026-05-05 11:01:43', '2026-05-05 11:01:43'),
(30, 'IN', 'KL', 'Kerala', '32', 0, 1, '2026-05-05 11:01:43', '2026-05-05 11:01:43'),
(31, 'IN', 'TN', 'Tamil Nadu', '33', 0, 1, '2026-05-05 11:01:43', '2026-05-05 11:01:43'),
(32, 'IN', 'PY', 'Puducherry', '34', 1, 1, '2026-05-05 11:01:43', '2026-05-05 11:01:43'),
(33, 'IN', 'AN', 'Andaman and Nicobar Islands', '35', 1, 1, '2026-05-05 11:01:43', '2026-05-05 11:01:43'),
(34, 'IN', 'TS', 'Telangana', '36', 0, 1, '2026-05-05 11:01:43', '2026-05-05 11:01:43'),
(35, 'IN', 'AP', 'Andhra Pradesh', '37', 0, 1, '2026-05-05 11:01:43', '2026-05-05 11:01:43'),
(36, 'IN', 'LA', 'Ladakh', '38', 1, 1, '2026-05-05 11:01:43', '2026-05-05 11:01:43'),
(37, 'IN', 'FC', 'Foreign Country', '96', 1, 1, '2026-05-05 11:01:43', '2026-05-05 11:01:43'),
(38, 'IN', 'OT', 'Other Territory', '97', 1, 1, '2026-05-05 11:01:43', '2026-05-05 11:01:43'),
(39, 'IN', 'NR', 'Centre Jurisdiction / Non-Resident Taxable Person', '99', 1, 1, '2026-05-05 11:01:43', '2026-05-05 11:01:43');;

INSERT INTO `stock_balances` (`id`, `company_id`, `branch_id`, `location_id`, `warehouse_id`, `item_id`, `batch_id`, `serial_id`, `qty_on_hand`, `qty_reserved`, `qty_available`, `avg_cost`, `last_purchase_rate`, `last_sales_rate`, `last_movement_at`, `created_at`, `updated_at`, `updated_by`) VALUES
(1, 1, 1, 1, 1, 7, NULL, NULL, 105.000000, 0.000000, 105.000000, 10.3626, 10.3626, 180.0000, '2026-05-29 00:00:00', '2026-05-26 05:16:08', '2026-05-29 12:24:35', NULL),
(2, 1, 1, 1, 8, 4, 1, 1, 1.000000, 0.000000, 1.000000, 1000.0000, 1000.0000, 1000.0000, '2026-05-26 00:00:00', '2026-05-26 11:47:50', '2026-05-27 05:05:12', NULL),
(3, 1, 1, 1, 8, 31, NULL, NULL, 99.000000, 0.000000, 99.000000, 0.0000, 0.0000, 1000.0000, '2026-05-26 00:00:00', '2026-05-26 12:41:05', '2026-05-26 12:43:22', NULL),
(4, 1, 1, 1, 8, 6, NULL, NULL, 1.000000, 0.000000, 1.000000, 272.8000, 272.8000, 310.0000, '2026-04-02 00:00:00', '2026-05-28 09:29:23', '2026-05-28 09:38:05', NULL),
(5, 1, 1, 1, 8, 4, 1, 2, 0.000000, 0.000000, 0.000000, 3960.0000, 3960.0000, 4500.0000, '2026-05-28 00:00:00', '2026-05-28 10:07:42', '2026-05-28 10:08:49', NULL),
(6, 1, 1, 1, 8, 4, 1, 3, 0.000000, 0.000000, 0.000000, 3960.0000, 3960.0000, 4500.0000, '2026-05-28 00:00:00', '2026-05-28 10:07:42', '2026-05-28 10:08:49', NULL),
(7, 1, 1, 1, 8, 4, 1, 4, 0.000000, 0.000000, 0.000000, 3960.0000, 3960.0000, 4500.0000, '2026-05-28 00:00:00', '2026-05-28 10:07:42', '2026-05-28 10:08:49', NULL),
(8, 1, 1, 1, 8, 4, 1, 5, 0.000000, 0.000000, 0.000000, 3960.0000, 3960.0000, 4500.0000, '2026-05-28 00:00:00', '2026-05-28 10:07:42', '2026-05-28 10:08:49', NULL),
(9, 1, 1, 1, 8, 4, 1, 6, 0.000000, 0.000000, 0.000000, 3960.0000, 3960.0000, 4500.0000, '2026-05-28 00:00:00', '2026-05-28 10:07:42', '2026-05-28 10:08:49', NULL),
(10, 1, 1, 1, 8, 21, NULL, NULL, 103.000000, 0.000000, 103.000000, 410.1680, 410.1680, 466.1000, '2026-05-29 00:00:00', '2026-05-28 12:36:23', '2026-05-30 09:06:21', NULL),
(11, 1, 1, 1, 1, 3, NULL, NULL, 96.000000, 0.000000, 96.000000, 6600.0000, 6600.0000, 7500.0000, '2026-06-01 00:00:00', '2026-05-29 05:41:58', '2026-06-01 10:01:25', 4),
(12, 1, 1, 1, 1, 35, NULL, NULL, 109.000000, 0.000000, 109.000000, 167.2128, 150.0000, 0.0000, '2026-05-02 00:00:00', '2026-05-29 11:01:51', '2026-05-30 12:33:44', NULL),
(13, 1, 1, 1, 1, 4, NULL, NULL, 99.000000, 1.000000, 98.000000, 3960.0000, 3960.0000, 4500.0000, '2026-05-30 00:00:00', '2026-05-30 09:00:40', '2026-05-30 11:19:13', 2),
(14, 1, 1, 1, 8, 35, NULL, NULL, 0.000000, 0.000000, 0.000000, 0.0000, 0.0000, 900.0000, '2026-05-30 00:00:00', '2026-05-30 09:54:50', '2026-05-30 10:26:23', NULL),
(15, 1, 1, 1, 1, 36, NULL, NULL, 203.000000, 0.000000, 203.000000, 53.0000, 53.0000, 0.0000, '2026-06-01 00:00:00', '2026-06-01 12:21:05', '2026-06-01 12:21:05', NULL);;

INSERT INTO `stock_batches` (`id`, `item_id`, `warehouse_id`, `batch_no`, `mfg_date`, `manufacture_date`, `expiry_date`, `inward_qty`, `outward_qty`, `balance_qty`, `qty_available`, `purchase_rate`, `sales_rate`, `mrp`, `is_active`, `status`, `remarks`, `created_by`, `updated_by`, `created_at`, `updated_at`) VALUES
(1, 4, 8, 'fake', NULL, NULL, NULL, 7.000000, 6.000000, 1.000000, 1.000000, 3960.0000, 4500.0000, NULL, 1, 'active', NULL, 2, 2, '2026-05-26 05:20:29', '2026-05-28 10:08:49'),
(2, 2, 8, 'FAKE', NULL, NULL, NULL, 0.000000, 0.000000, 0.000000, 0.000000, NULL, NULL, NULL, 1, 'active', NULL, 4, 4, '2026-05-29 05:13:48', '2026-05-29 05:13:48');;

INSERT INTO `stock_movements` (`id`, `company_id`, `branch_id`, `location_id`, `warehouse_id`, `financial_year_id`, `item_id`, `movement_date`, `movement_type`, `reference_module`, `reference_table`, `reference_id`, `reference_line_id`, `reference_no`, `batch_id`, `serial_id`, `uom_id`, `qty_in`, `qty_out`, `unit_cost`, `total_cost`, `rate`, `amount`, `line_narration`, `posted_by`, `posted_at`, `is_cancelled`, `cancelled_by`, `cancelled_at`, `created_by`, `updated_by`, `created_at`, `updated_at`) VALUES
(1, 1, 1, 1, 1, 1, 7, '2026-05-26 00:00:00', 'opening', 'inventory', 'stock_opening', '1', 3, 'OPN/26-27/0001', NULL, NULL, 1, 100.000000, 0.000000, 0.0000, 0.0000, 0.0000, 0.0000, NULL, 2, '2026-05-26 05:16:08', 0, NULL, NULL, 2, 2, '2026-05-26 05:16:08', '2026-05-26 05:16:08'),
(2, 1, 1, 1, 8, 1, 4, '2026-05-26 00:00:00', 'opening', 'inventory', 'stock_opening', '3', 5, 'OPN/26-27/0003', 1, 1, 1, 1.000000, 0.000000, 0.0000, 0.0000, 0.0000, 0.0000, NULL, 2, '2026-05-26 11:47:50', 0, NULL, NULL, 2, 2, '2026-05-26 11:47:50', '2026-05-26 11:47:50'),
(3, 1, 1, 1, 8, 1, 4, '2026-05-26 00:00:00', 'sales_delivery', 'inventory', 'sales_invoice', '1', 1, NULL, 1, 1, 1, 0.000000, 1.000000, 1000.0000, 1000.0000, 1000.0000, 1000.0000, NULL, 2, '2026-05-26 11:48:33', 0, NULL, NULL, 2, 2, '2026-05-26 11:48:33', '2026-05-26 11:48:33'),
(4, 1, 1, 1, 8, 1, 31, '2026-05-26 00:00:00', 'opening', 'inventory', 'stock_opening', '2', 6, 'OPN/26-27/0002', NULL, NULL, 1, 100.000000, 0.000000, 0.0000, 0.0000, 0.0000, 0.0000, NULL, 2, '2026-05-26 12:41:05', 0, NULL, NULL, 2, 2, '2026-05-26 12:41:05', '2026-05-26 12:41:05'),
(5, 1, 1, 1, 8, 1, 31, '2026-05-26 00:00:00', 'sales_delivery', 'inventory', 'sales_invoice', '2', 2, NULL, NULL, NULL, 1, 0.000000, 1.000000, 1000.0000, 1000.0000, 1000.0000, 1000.0000, NULL, 2, '2026-05-26 12:43:22', 0, NULL, NULL, 2, 2, '2026-05-26 12:43:22', '2026-05-26 12:43:22'),
(6, 1, 1, 1, 8, 1, 4, '2026-05-26 00:00:00', 'sales_return', 'inventory', 'sales_return', '1', NULL, 'SRT/26-27/0001', 1, 1, 1, 1.000000, 0.000000, 1000.0000, 1000.0000, 1000.0000, 1000.0000, NULL, 2, '2026-05-27 05:05:12', 0, NULL, NULL, 2, 2, '2026-05-27 05:05:12', '2026-05-27 05:05:12'),
(7, 1, 1, 1, 8, 1, 6, '2026-05-28 00:00:00', 'opening', 'inventory', 'stock_opening', '4', 7, 'OPN/26-27/0004', NULL, NULL, 5, 5.000000, 0.000000, 272.8000, 1364.0000, 272.8000, 1364.0000, NULL, 4, '2026-05-28 09:29:23', 0, NULL, NULL, 4, 4, '2026-05-28 09:29:23', '2026-05-28 09:29:23'),
(8, 1, 1, 1, 8, 1, 6, '2026-04-02 00:00:00', 'sales_delivery', 'inventory', 'sales_invoice', '3', 3, NULL, NULL, NULL, 5, 0.000000, 4.000000, 310.0000, 1240.0000, 310.0000, 1240.0000, NULL, 4, '2026-05-28 09:38:05', 0, NULL, NULL, 4, 4, '2026-05-28 09:38:05', '2026-05-28 09:38:05'),
(9, 1, 1, 1, 8, 1, 4, '2026-05-28 00:00:00', 'opening', 'inventory', 'stock_opening', '5', 8, 'OPN/26-27/0005', 1, 2, 1, 1.000000, 0.000000, 3960.0000, 3960.0000, 3960.0000, 3960.0000, NULL, 2, '2026-05-28 10:07:42', 0, NULL, NULL, 2, 2, '2026-05-28 10:07:42', '2026-05-28 10:07:42'),
(10, 1, 1, 1, 8, 1, 4, '2026-05-28 00:00:00', 'opening', 'inventory', 'stock_opening', '5', 9, 'OPN/26-27/0005', 1, 3, 1, 1.000000, 0.000000, 3960.0000, 3960.0000, 3960.0000, 3960.0000, NULL, 2, '2026-05-28 10:07:42', 0, NULL, NULL, 2, 2, '2026-05-28 10:07:42', '2026-05-28 10:07:42'),
(11, 1, 1, 1, 8, 1, 4, '2026-05-28 00:00:00', 'opening', 'inventory', 'stock_opening', '5', 10, 'OPN/26-27/0005', 1, 4, 1, 1.000000, 0.000000, 3960.0000, 3960.0000, 3960.0000, 3960.0000, NULL, 2, '2026-05-28 10:07:42', 0, NULL, NULL, 2, 2, '2026-05-28 10:07:42', '2026-05-28 10:07:42'),
(12, 1, 1, 1, 8, 1, 4, '2026-05-28 00:00:00', 'opening', 'inventory', 'stock_opening', '5', 11, 'OPN/26-27/0005', 1, 5, 1, 1.000000, 0.000000, 3960.0000, 3960.0000, 3960.0000, 3960.0000, NULL, 2, '2026-05-28 10:07:42', 0, NULL, NULL, 2, 2, '2026-05-28 10:07:42', '2026-05-28 10:07:42'),
(13, 1, 1, 1, 8, 1, 4, '2026-05-28 00:00:00', 'opening', 'inventory', 'stock_opening', '5', 12, 'OPN/26-27/0005', 1, 6, 1, 1.000000, 0.000000, 3960.0000, 3960.0000, 3960.0000, 3960.0000, NULL, 2, '2026-05-28 10:07:42', 0, NULL, NULL, 2, 2, '2026-05-28 10:07:42', '2026-05-28 10:07:42'),
(14, 1, 1, 1, 8, 1, 4, '2026-05-28 00:00:00', 'sales_delivery', 'inventory', 'sales_invoice', '4', 4, NULL, 1, 2, 1, 0.000000, 1.000000, 4500.0000, 4500.0000, 4500.0000, 4500.0000, NULL, 2, '2026-05-28 10:08:49', 0, NULL, NULL, 2, 2, '2026-05-28 10:08:49', '2026-05-28 10:08:49'),
(15, 1, 1, 1, 8, 1, 4, '2026-05-28 00:00:00', 'sales_delivery', 'inventory', 'sales_invoice', '4', 5, NULL, 1, 3, 1, 0.000000, 1.000000, 4500.0000, 4500.0000, 4500.0000, 4500.0000, NULL, 2, '2026-05-28 10:08:49', 0, NULL, NULL, 2, 2, '2026-05-28 10:08:49', '2026-05-28 10:08:49'),
(16, 1, 1, 1, 8, 1, 4, '2026-05-28 00:00:00', 'sales_delivery', 'inventory', 'sales_invoice', '4', 6, NULL, 1, 4, 1, 0.000000, 1.000000, 4500.0000, 4500.0000, 4500.0000, 4500.0000, NULL, 2, '2026-05-28 10:08:49', 0, NULL, NULL, 2, 2, '2026-05-28 10:08:49', '2026-05-28 10:08:49'),
(17, 1, 1, 1, 8, 1, 4, '2026-05-28 00:00:00', 'sales_delivery', 'inventory', 'sales_invoice', '4', 7, NULL, 1, 5, 1, 0.000000, 1.000000, 4500.0000, 4500.0000, 4500.0000, 4500.0000, NULL, 2, '2026-05-28 10:08:49', 0, NULL, NULL, 2, 2, '2026-05-28 10:08:49', '2026-05-28 10:08:49'),
(18, 1, 1, 1, 8, 1, 4, '2026-05-28 00:00:00', 'sales_delivery', 'inventory', 'sales_invoice', '4', 8, NULL, 1, 6, 1, 0.000000, 1.000000, 4500.0000, 4500.0000, 4500.0000, 4500.0000, NULL, 2, '2026-05-28 10:08:49', 0, NULL, NULL, 2, 2, '2026-05-28 10:08:49', '2026-05-28 10:08:49'),
(19, 1, 1, 1, 1, 1, 7, '2026-05-28 00:00:00', 'opening', 'inventory', 'stock_opening', '6', 13, 'OPN/26-27/0006', NULL, NULL, 1, 7.000000, 0.000000, 158.4000, 1108.8000, 158.4000, 1108.8000, NULL, 2, '2026-05-28 11:45:17', 0, NULL, NULL, 2, 2, '2026-05-28 11:45:17', '2026-05-28 11:45:17'),
(20, 1, 1, 1, 1, 1, 7, '2026-05-28 00:00:00', 'sales_delivery', 'inventory', 'sales_invoice', '5', 9, NULL, NULL, NULL, 1, 0.000000, 5.000000, 180.0000, 900.0000, 180.0000, 900.0000, NULL, 2, '2026-05-28 11:45:59', 0, NULL, NULL, 2, 2, '2026-05-28 11:45:59', '2026-05-28 11:45:59'),
(21, 1, 1, 1, 8, 1, 21, '2026-05-28 00:00:00', 'opening', 'inventory', 'stock_opening', '7', 15, 'OPN/26-27/0007', NULL, NULL, 1, 5.000000, 0.000000, 410.1680, 2050.8400, 410.1680, 2050.8400, NULL, 4, '2026-05-28 12:36:23', 0, NULL, NULL, 4, 4, '2026-05-28 12:36:23', '2026-05-28 12:36:23'),
(22, 1, 1, 1, 8, 1, 21, '2026-05-28 00:00:00', 'sales_delivery', 'inventory', 'sales_delivery', '3', 31, NULL, NULL, NULL, 1, 0.000000, 1.000000, 466.1000, 466.1000, 466.1000, 466.1000, NULL, 2, '2026-05-29 05:18:28', 0, NULL, NULL, 2, 2, '2026-05-29 05:18:28', '2026-05-29 05:18:28'),
(23, 1, 1, 1, 1, 1, 7, '2026-05-29 00:00:00', 'sales_delivery', 'inventory', 'sales_delivery', '4', 32, NULL, NULL, NULL, 1, 0.000000, 2.000000, 180.0000, 360.0000, 180.0000, 360.0000, NULL, 4, '2026-05-29 05:26:43', 0, NULL, NULL, 4, 4, '2026-05-29 05:26:43', '2026-05-29 05:26:43'),
(24, 1, 1, 1, 1, 1, 3, '2026-05-29 00:00:00', 'opening', 'inventory', 'stock_opening', '10', 19, 'OPN/26-27/0010', NULL, NULL, 1, 10.000000, 0.000000, 6600.0000, 66000.0000, 6600.0000, 66000.0000, NULL, 4, '2026-05-29 05:41:58', 0, NULL, NULL, 4, 4, '2026-05-29 05:41:58', '2026-05-29 05:41:58'),
(25, 1, 1, 1, 1, 1, 3, '2026-04-03 00:00:00', 'sales_delivery', 'inventory', 'sales_invoice', '7', 11, NULL, NULL, NULL, 1, 0.000000, 1.000000, 4508.4700, 4508.4700, 4508.4700, 4508.4700, NULL, 4, '2026-05-29 05:44:34', 0, NULL, NULL, 4, 4, '2026-05-29 05:44:34', '2026-05-29 05:44:34'),
(26, 1, 1, 1, 8, 1, 21, '2026-05-25 00:00:00', 'sales_delivery', 'inventory', 'sales_delivery', '2', 34, NULL, NULL, NULL, 1, 0.000000, 1.000000, 466.1000, 466.1000, 466.1000, 466.1000, NULL, 4, '2026-05-29 06:34:19', 0, NULL, NULL, 4, 4, '2026-05-29 06:34:19', '2026-05-29 06:34:19'),
(27, 1, 1, 1, 1, 1, 3, '2026-04-04 00:00:00', 'sales_delivery', 'inventory', 'sales_invoice', '8', 13, NULL, NULL, NULL, 1, 0.000000, 2.000000, 4406.7800, 8813.5600, 4406.7800, 8813.5600, NULL, 4, '2026-05-29 06:40:26', 0, NULL, NULL, 4, 4, '2026-05-29 06:40:26', '2026-05-29 06:40:26'),
(28, 1, 1, 1, 1, 1, 3, '2026-05-02 00:00:00', 'sales_delivery', 'inventory', 'sales_invoice', '6', 14, NULL, NULL, NULL, 1, 0.000000, 1.000000, 7500.0000, 7500.0000, 7500.0000, 7500.0000, NULL, 4, '2026-05-29 07:00:26', 0, NULL, NULL, 4, 4, '2026-05-29 07:00:26', '2026-05-29 07:00:26'),
(29, 1, 1, 1, 1, 1, 3, '2026-05-29 00:00:00', 'sales_delivery', 'inventory', 'sales_invoice', '9', 16, NULL, NULL, NULL, 1, 0.000000, 1.000000, 7500.0000, 7500.0000, 7500.0000, 7500.0000, NULL, 4, '2026-05-29 07:31:59', 0, NULL, NULL, 4, 4, '2026-05-29 07:31:59', '2026-05-29 07:31:59'),
(30, 1, 1, 1, 1, 1, 3, '2026-05-29 00:00:00', 'sales_delivery', 'inventory', 'sales_invoice', '10', 18, NULL, NULL, NULL, 1, 0.000000, 1.000000, 7500.0000, 7500.0000, 7500.0000, 7500.0000, NULL, 4, '2026-05-29 08:48:11', 0, NULL, NULL, 4, 4, '2026-05-29 08:48:11', '2026-05-29 08:48:11'),
(31, 1, 1, 1, 1, 1, 3, '2026-05-29 00:00:00', 'sales_delivery', 'inventory', 'sales_invoice', '11', 20, NULL, NULL, NULL, 1, 0.000000, 1.000000, 7500.0000, 7500.0000, 7500.0000, 7500.0000, NULL, 4, '2026-05-29 08:49:22', 0, NULL, NULL, 4, 4, '2026-05-29 08:49:22', '2026-05-29 08:49:22'),
(32, 1, 1, 1, 1, 1, 35, '2026-05-29 00:00:00', 'opening', 'inventory', 'stock_opening', '11', 20, 'OPN/26-27/0011', NULL, NULL, 1, 10.000000, 0.000000, 1687.6190, 16876.1900, 1687.6190, 16876.1900, NULL, 4, '2026-05-29 11:01:51', 0, NULL, NULL, 4, 4, '2026-05-29 11:01:51', '2026-05-29 11:01:51'),
(33, 1, 1, 1, 1, 1, 3, '2026-05-29 00:00:00', 'sales_delivery', 'inventory', 'sales_invoice', '12', 22, NULL, NULL, NULL, 1, 0.000000, 1.000000, 7500.0000, 7500.0000, 7500.0000, 7500.0000, NULL, 4, '2026-05-29 11:09:45', 0, NULL, NULL, 4, 4, '2026-05-29 11:09:45', '2026-05-29 11:09:45'),
(34, 1, 1, 1, 1, 1, 7, '2026-05-29 00:00:00', 'sales_return', 'inventory', 'sales_return', '2', NULL, 'SRT/26-27/0002', NULL, NULL, 1, 5.000000, 0.000000, 10.3626, 51.8130, 10.3626, 51.8130, NULL, 4, '2026-05-29 12:24:35', 0, NULL, NULL, 4, 4, '2026-05-29 12:24:35', '2026-05-29 12:24:35'),
(35, 1, 1, 1, 1, 1, 3, '2026-05-30 00:00:00', 'opening', 'inventory', 'stock_opening', '12', 21, 'OPN/26-27/0012', NULL, NULL, 1, 100.000000, 0.000000, 6600.0000, 660000.0000, 6600.0000, 660000.0000, NULL, 2, '2026-05-30 06:28:24', 0, NULL, NULL, 2, 2, '2026-05-30 06:28:24', '2026-05-30 06:28:24'),
(36, 1, 1, 1, 1, 1, 3, '2026-05-30 00:00:00', 'sales_delivery', 'inventory', 'sales_delivery', '7', 40, NULL, NULL, NULL, 1, 0.000000, 2.000000, 7500.0000, 15000.0000, 7500.0000, 15000.0000, NULL, 2, '2026-05-30 06:28:46', 0, NULL, NULL, 2, 2, '2026-05-30 06:28:46', '2026-05-30 06:28:46'),
(37, 1, 1, 1, 1, 1, 3, '2026-05-30 00:00:00', 'sales_delivery', 'inventory', 'sales_delivery', '8', 42, NULL, NULL, NULL, 1, 0.000000, 1.000000, 7500.0000, 7500.0000, 7500.0000, 7500.0000, NULL, 4, '2026-05-30 06:36:35', 0, NULL, NULL, 4, 4, '2026-05-30 06:36:35', '2026-05-30 06:36:35'),
(38, 1, 1, 1, 1, 1, 3, '2026-05-30 00:00:00', 'sales_delivery', 'inventory', 'sales_invoice', '15', 26, NULL, NULL, NULL, 1, 0.000000, 1.000000, 7500.0000, 7500.0000, 7500.0000, 7500.0000, NULL, 4, '2026-05-30 06:45:00', 0, NULL, NULL, 4, 4, '2026-05-30 06:45:00', '2026-05-30 06:45:00'),
(39, 1, 1, 1, 1, 1, 3, '2026-05-30 00:00:00', 'sales_delivery', 'inventory', 'sales_delivery', '9', 43, NULL, NULL, NULL, 1, 0.000000, 1.000000, 7500.0000, 7500.0000, 7500.0000, 7500.0000, NULL, 4, '2026-05-30 06:47:38', 0, NULL, NULL, 4, 4, '2026-05-30 06:47:38', '2026-05-30 06:47:38'),
(40, 1, 1, 1, 1, 1, 4, '2026-05-30 00:00:00', 'opening', 'inventory', 'stock_opening', '13', 22, 'OPN/26-27/0013', NULL, NULL, 1, 10.000000, 0.000000, 3960.0000, 39600.0000, 3960.0000, 39600.0000, NULL, 2, '2026-05-30 09:00:40', 0, NULL, NULL, 2, 2, '2026-05-30 09:00:40', '2026-05-30 09:00:40'),
(41, 1, 1, 1, 8, 1, 21, '2026-05-29 00:00:00', 'opening', 'inventory', 'stock_opening', '9', 18, 'OPN/26-27/0009', NULL, NULL, 1, 100.000000, 0.000000, 410.1680, 41016.8000, 410.1680, 41016.8000, NULL, 2, '2026-05-30 09:06:21', 0, NULL, NULL, 2, 2, '2026-05-30 09:06:21', '2026-05-30 09:06:21'),
(42, 1, 1, 1, 1, 1, 4, '2026-05-30 00:00:00', 'opening', 'inventory', 'stock_opening', '14', 23, 'OPN/26-27/0014', NULL, NULL, 1, 100.000000, 0.000000, 3960.0000, 396000.0000, 3960.0000, 396000.0000, NULL, 2, '2026-05-30 09:06:32', 0, NULL, NULL, 2, 2, '2026-05-30 09:06:32', '2026-05-30 09:06:32'),
(43, 1, 1, 1, 1, 1, 4, '2026-05-30 00:00:00', 'sales_delivery', 'inventory', 'sales_delivery', '10', 44, NULL, NULL, NULL, 1, 0.000000, 10.000000, 4500.0000, 45000.0000, 4500.0000, 45000.0000, NULL, 2, '2026-05-30 09:15:45', 0, NULL, NULL, 2, 2, '2026-05-30 09:15:45', '2026-05-30 09:15:45'),
(44, 1, 1, 1, 1, 1, 4, '2026-05-30 00:00:00', 'sales_return', 'inventory', 'sales_return', '3', NULL, 'SRT/26-27/0003', NULL, NULL, 1, 10.000000, 0.000000, 3960.0000, 39600.0000, 3960.0000, 39600.0000, NULL, 2, '2026-05-30 09:17:52', 0, NULL, NULL, 2, 2, '2026-05-30 09:17:52', '2026-05-30 09:17:52'),
(45, 1, 1, 1, 1, 1, 4, '2026-05-30 00:00:00', 'sales_delivery', 'inventory', 'sales_delivery', '11', 45, NULL, NULL, NULL, 1, 0.000000, 10.000000, 4500.0000, 45000.0000, 4500.0000, 45000.0000, NULL, 2, '2026-05-30 09:30:27', 0, NULL, NULL, 2, 2, '2026-05-30 09:30:27', '2026-05-30 09:30:27'),
(46, 1, 1, 1, 1, 1, 4, '2026-05-30 00:00:00', 'sales_delivery', 'inventory', 'sales_delivery', '12', 46, NULL, NULL, NULL, 1, 0.000000, 20.000000, 4500.0000, 90000.0000, 4500.0000, 90000.0000, NULL, 2, '2026-05-30 09:32:59', 0, NULL, NULL, 2, 2, '2026-05-30 09:32:59', '2026-05-30 09:32:59'),
(47, 1, 1, 1, 1, 1, 4, '2026-05-30 00:00:00', 'sales_return', 'inventory', 'sales_return', '4', NULL, 'SRT/26-27/0004', NULL, NULL, 1, 20.000000, 0.000000, 3960.0000, 79200.0000, 3960.0000, 79200.0000, NULL, 2, '2026-05-30 09:36:27', 0, NULL, NULL, 2, 2, '2026-05-30 09:36:27', '2026-05-30 09:36:27'),
(48, 1, 1, 1, 1, 1, 35, '2026-05-30 00:00:00', 'purchase_receipt', 'inventory', 'purchase_receipt', '1', 1, 'GRN/26-27/0001', NULL, NULL, 1, 90.000000, 0.000000, 0.0000, 0.0000, 0.0000, 0.0000, NULL, 2, '2026-05-30 09:46:27', 0, NULL, NULL, 2, 2, '2026-05-30 09:46:27', '2026-05-30 09:46:27'),
(49, 1, 1, 1, 8, 1, 35, '2026-05-30 00:00:00', 'purchase_receipt', 'inventory', 'purchase_receipt', '2', 2, 'GRN/26-27/0002', NULL, NULL, 1, 80.000000, 0.000000, 0.0000, 0.0000, 0.0000, 0.0000, NULL, 2, '2026-05-30 09:54:50', 0, NULL, NULL, 2, 2, '2026-05-30 09:54:50', '2026-05-30 09:54:50'),
(50, 1, 1, 1, 8, 1, 35, '2026-05-30 00:00:00', 'purchase_return', 'inventory', 'purchase_return', '1', 1, 'PRT/26-27/0001', NULL, NULL, 1, 0.000000, 80.000000, 900.0000, 72000.0000, 900.0000, 72000.0000, NULL, 2, '2026-05-30 10:26:23', 0, NULL, NULL, 2, 2, '2026-05-30 10:26:23', '2026-05-30 10:26:23'),
(51, 1, 1, 1, 1, 1, 4, '2026-05-30 00:00:00', 'sales_delivery', 'inventory', 'sales_delivery', '13', 47, NULL, NULL, NULL, 1, 0.000000, 1.000000, 4500.0000, 4500.0000, 4500.0000, 4500.0000, NULL, 2, '2026-05-30 11:19:13', 0, NULL, NULL, 2, 2, '2026-05-30 11:19:13', '2026-05-30 11:19:13'),
(52, 1, 1, 1, 1, 1, 35, '2026-05-02 00:00:00', 'purchase_receipt', 'inventory', 'purchase_receipt', '3', 4, 'GRN/26-27/0003', NULL, NULL, 1, 9.000000, 0.000000, 150.0000, 1350.0000, 150.0000, 1350.0000, NULL, 4, '2026-05-30 12:33:44', 0, NULL, NULL, 4, 4, '2026-05-30 12:33:44', '2026-05-30 12:33:44'),
(53, 1, 1, 1, 1, 1, 3, '2026-06-01 00:00:00', 'sales_delivery', 'inventory', 'sales_delivery', '14', 48, NULL, NULL, NULL, 1, 0.000000, 1.000000, 7500.0000, 7500.0000, 7500.0000, 7500.0000, NULL, 4, '2026-06-01 10:01:25', 0, NULL, NULL, 4, 4, '2026-06-01 10:01:25', '2026-06-01 10:01:25'),
(54, 1, 1, 1, 1, 1, 36, '2026-06-01 00:00:00', 'purchase_receipt', 'inventory', 'purchase_receipt', '4', 5, 'GRN/26-27/0004', NULL, NULL, 2, 203.000000, 0.000000, 53.0000, 10759.0000, 53.0000, 10759.0000, NULL, 4, '2026-06-01 12:21:05', 0, NULL, NULL, 4, 4, '2026-06-01 12:21:05', '2026-06-01 12:21:05');;

INSERT INTO `stock_openings` (`id`, `company_id`, `branch_id`, `location_id`, `financial_year_id`, `document_series_id`, `voucher_id`, `opening_no`, `opening_date`, `opening_status`, `remarks`, `posted_by`, `posted_at`, `created_by`, `updated_by`, `is_active`, `created_at`, `updated_at`) VALUES
(1, 1, 1, 1, 1, 14, NULL, 'OPN/26-27/0001', '2026-05-26', 'posted', NULL, 2, '2026-05-26 05:16:08', 2, 2, 1, '2026-05-26 05:07:06', '2026-05-26 05:16:08'),
(2, 1, 1, 1, 1, 14, NULL, 'OPN/26-27/0002', '2026-05-26', 'posted', NULL, 2, '2026-05-26 12:41:05', 2, 2, 1, '2026-05-26 11:35:39', '2026-05-26 12:41:05'),
(3, 1, 1, 1, 1, 14, NULL, 'OPN/26-27/0003', '2026-05-26', 'posted', NULL, 2, '2026-05-26 11:47:50', 2, 2, 1, '2026-05-26 11:37:16', '2026-05-26 11:47:50'),
(4, 1, 1, 1, 1, 14, 5, 'OPN/26-27/0004', '2026-05-28', 'posted', NULL, 4, '2026-05-28 09:29:23', 4, 4, 1, '2026-05-28 09:20:36', '2026-05-28 09:29:23'),
(5, 1, 1, 1, 1, 14, 7, 'OPN/26-27/0005', '2026-05-28', 'posted', NULL, 2, '2026-05-28 10:07:42', 2, 2, 1, '2026-05-28 10:07:38', '2026-05-28 10:07:42'),
(6, 1, 1, 1, 1, 14, 9, 'OPN/26-27/0006', '2026-05-28', 'posted', NULL, 2, '2026-05-28 11:45:17', 2, 2, 1, '2026-05-28 11:45:14', '2026-05-28 11:45:17'),
(7, 1, 1, 1, 1, 14, 11, 'OPN/26-27/0007', '2026-05-28', 'posted', NULL, 4, '2026-05-28 12:36:23', 4, 4, 1, '2026-05-28 12:34:27', '2026-05-28 12:36:23'),
(8, 1, 1, 1, 1, 14, NULL, 'OPN/26-27/0008', '2026-05-29', 'cancelled', NULL, NULL, NULL, 2, 2, 1, '2026-05-29 05:11:24', '2026-05-30 10:28:33'),
(9, 1, 1, 1, 1, 14, 53, 'OPN/26-27/0009', '2026-05-29', 'posted', NULL, 2, '2026-05-30 09:06:21', 2, 2, 1, '2026-05-29 05:12:54', '2026-05-30 09:06:21'),
(10, 1, 1, 1, 1, 14, 14, 'OPN/26-27/0010', '2026-05-29', 'posted', NULL, 4, '2026-05-29 05:41:58', 4, 4, 1, '2026-05-29 05:41:54', '2026-05-29 05:41:58'),
(11, 1, 1, 1, 1, 14, 39, 'OPN/26-27/0011', '2026-05-29', 'posted', NULL, 4, '2026-05-29 11:01:51', 4, 4, 1, '2026-05-29 11:01:43', '2026-05-29 11:01:51'),
(12, 1, 1, 1, 1, 14, 43, 'OPN/26-27/0012', '2026-05-30', 'posted', NULL, 2, '2026-05-30 06:28:24', 2, 2, 1, '2026-05-30 06:28:11', '2026-05-30 06:28:24'),
(13, 1, 1, 1, 1, 14, 52, 'OPN/26-27/0013', '2026-05-30', 'posted', NULL, 2, '2026-05-30 09:00:40', 2, 2, 1, '2026-05-30 09:00:36', '2026-05-30 09:00:40'),
(14, 1, 1, 1, 1, 14, 54, 'OPN/26-27/0014', '2026-05-30', 'posted', NULL, 2, '2026-05-30 09:06:32', 2, 2, 1, '2026-05-30 09:06:29', '2026-05-30 09:06:32');;

INSERT INTO `stock_opening_lines` (`id`, `stock_opening_id`, `line_no`, `warehouse_id`, `item_id`, `uom_id`, `batch_id`, `serial_id`, `voucher_id`, `qty`, `unit_cost`, `total_cost`, `remarks`, `created_at`) VALUES
(3, 1, 1, 1, 7, 1, NULL, NULL, NULL, 100.000000, 0.0000, 0.00, NULL, '2026-05-26 05:15:14'),
(5, 3, 1, 8, 4, 1, 1, 1, NULL, 1.000000, 0.0000, 0.00, NULL, '2026-05-26 11:37:16'),
(6, 2, 1, 8, 31, 1, NULL, NULL, NULL, 100.000000, 0.0000, 0.00, NULL, '2026-05-26 12:40:59'),
(7, 4, 1, 8, 6, 5, NULL, NULL, NULL, 5.000000, 272.8000, 1364.00, NULL, '2026-05-28 09:20:36'),
(8, 5, 1, 8, 4, 1, 1, 2, NULL, 1.000000, 3960.0000, 3960.00, NULL, '2026-05-28 10:07:38'),
(9, 5, 2, 8, 4, 1, 1, 3, NULL, 1.000000, 3960.0000, 3960.00, NULL, '2026-05-28 10:07:38'),
(10, 5, 3, 8, 4, 1, 1, 4, NULL, 1.000000, 3960.0000, 3960.00, NULL, '2026-05-28 10:07:38'),
(11, 5, 4, 8, 4, 1, 1, 5, NULL, 1.000000, 3960.0000, 3960.00, NULL, '2026-05-28 10:07:38'),
(12, 5, 5, 8, 4, 1, 1, 6, NULL, 1.000000, 3960.0000, 3960.00, NULL, '2026-05-28 10:07:38'),
(13, 6, 1, 1, 7, 1, NULL, NULL, NULL, 7.000000, 158.4000, 1108.80, NULL, '2026-05-28 11:45:14'),
(15, 7, 1, 8, 21, 1, NULL, NULL, NULL, 5.000000, 410.1680, 2050.84, NULL, '2026-05-28 12:36:20'),
(16, 8, 1, 8, 4, 2, 1, 7, NULL, 1.000000, 3960.0000, 3960.00, NULL, '2026-05-29 05:11:24'),
(17, 8, 2, 8, 4, 2, 1, 8, NULL, 1.000000, 3960.0000, 3960.00, NULL, '2026-05-29 05:11:24'),
(18, 9, 1, 8, 21, 1, NULL, NULL, NULL, 100.000000, 410.1680, 41016.80, NULL, '2026-05-29 05:12:54'),
(19, 10, 1, 1, 3, 1, NULL, NULL, NULL, 10.000000, 6600.0000, 66000.00, NULL, '2026-05-29 05:41:54'),
(20, 11, 1, 1, 35, 1, NULL, NULL, NULL, 10.000000, 1687.6190, 16876.19, NULL, '2026-05-29 11:01:43'),
(21, 12, 1, 1, 3, 1, NULL, NULL, NULL, 100.000000, 6600.0000, 660000.00, NULL, '2026-05-30 06:28:11'),
(22, 13, 1, 1, 4, 1, NULL, NULL, NULL, 10.000000, 3960.0000, 39600.00, NULL, '2026-05-30 09:00:36'),
(23, 14, 1, 1, 4, 1, NULL, NULL, NULL, 100.000000, 3960.0000, 396000.00, NULL, '2026-05-30 09:06:29');;

INSERT INTO `stock_reservations` (`id`, `company_id`, `item_id`, `warehouse_id`, `batch_id`, `serial_id`, `reference_type`, `reference_id`, `reference_line_id`, `reserved_qty`, `released_qty`, `balance_reserved_qty`, `status`, `remarks`, `created_by`, `updated_by`, `created_at`, `updated_at`) VALUES
(1, 1, 3, 1, NULL, NULL, 'sales_order', 3, 17, 2.000000, 2.000000, 0.000000, 'released', NULL, 2, 2, '2026-05-30 06:20:44', '2026-05-30 06:28:46'),
(2, 1, 3, 1, NULL, NULL, 'sales_order', 6, 20, 1.000000, 1.000000, 0.000000, 'released', NULL, 4, 4, '2026-05-30 06:36:14', '2026-05-30 06:36:35'),
(3, 1, 3, 1, NULL, NULL, 'sales_order', 7, 21, 1.000000, 1.000000, 0.000000, 'released', NULL, 4, 4, '2026-05-30 06:47:24', '2026-05-30 06:47:38'),
(4, 1, 4, 1, NULL, NULL, 'sales_order', 8, 24, 1.000000, 0.000000, 1.000000, 'active', NULL, 2, 2, '2026-05-30 09:46:34', '2026-05-30 09:46:34'),
(5, 1, 4, 1, NULL, NULL, 'sales_order', 9, 26, 1.000000, 1.000000, 0.000000, 'released', NULL, 2, 2, '2026-05-30 11:18:57', '2026-05-30 11:19:13'),
(6, 1, 3, 1, NULL, NULL, 'sales_order', 10, 28, 1.000000, 1.000000, 0.000000, 'released', NULL, 4, 4, '2026-06-01 10:00:36', '2026-06-01 10:01:25');;

INSERT INTO `stock_serials` (`id`, `item_id`, `warehouse_id`, `serial_no`, `batch_id`, `status`, `inward_date`, `outward_date`, `remarks`, `created_at`, `updated_at`) VALUES
(1, 4, 8, '0001', 1, 'returned', '2026-05-26', '2026-05-26', 'Auto-created from opening stock serial entry.', '2026-05-26 11:37:16', '2026-05-27 05:05:12'),
(2, 4, 8, '1', 1, 'sold', '2026-05-28', '2026-05-28', 'Auto-created from opening stock serial entry.', '2026-05-28 10:07:38', '2026-05-28 10:08:49'),
(3, 4, 8, '2', 1, 'sold', '2026-05-28', '2026-05-28', 'Auto-created from opening stock serial entry.', '2026-05-28 10:07:38', '2026-05-28 10:08:49'),
(4, 4, 8, '3', 1, 'sold', '2026-05-28', '2026-05-28', 'Auto-created from opening stock serial entry.', '2026-05-28 10:07:38', '2026-05-28 10:08:49'),
(5, 4, 8, '4', 1, 'sold', '2026-05-28', '2026-05-28', 'Auto-created from opening stock serial entry.', '2026-05-28 10:07:38', '2026-05-28 10:08:49'),
(6, 4, 8, '5', 1, 'sold', '2026-05-28', '2026-05-28', 'Auto-created from opening stock serial entry.', '2026-05-28 10:07:38', '2026-05-28 10:08:49'),
(7, 4, 8, '001', 1, 'available', '2026-05-29', NULL, 'Auto-created from opening stock serial entry.', '2026-05-29 05:11:24', '2026-05-29 05:11:24'),
(8, 4, 8, '002', 1, 'available', '2026-05-29', NULL, 'Auto-created from opening stock serial entry.', '2026-05-29 05:11:24', '2026-05-29 05:11:24');;

INSERT INTO `tax_codes` (`id`, `tax_code`, `tax_name`, `tax_type`, `tax_rate`, `cess_rate`, `hsn_sac_code`, `is_active`, `remarks`, `created_by`, `updated_by`, `created_at`, `updated_at`) VALUES
(1, 'GST0', 'GST 0%', 'gst', 0.0000, 0.0000, NULL, 1, NULL, NULL, NULL, '2026-05-05 11:01:43', '2026-05-05 11:01:43'),
(2, 'GST5', 'GST 5%', 'gst', 5.0000, 0.0000, NULL, 1, NULL, NULL, NULL, '2026-05-05 11:01:43', '2026-05-05 11:01:43'),
(3, 'GST12', 'GST 12%', 'gst', 12.0000, 0.0000, NULL, 1, NULL, NULL, NULL, '2026-05-05 11:01:43', '2026-05-05 11:01:43'),
(4, 'GST18', 'GST 18%', 'gst', 18.0000, 0.0000, NULL, 1, NULL, NULL, NULL, '2026-05-05 11:01:43', '2026-05-05 11:01:43'),
(5, 'GST28', 'GST 28%', 'gst', 28.0000, 0.0000, NULL, 1, NULL, NULL, NULL, '2026-05-05 11:01:43', '2026-05-05 11:01:43'),
(6, 'EXEMPT', 'GST Exempt', 'none', 0.0000, 0.0000, NULL, 1, NULL, NULL, NULL, '2026-05-05 11:01:43', '2026-05-05 11:01:43'),
(7, 'NONGST', 'Non GST', 'none', 0.0000, 0.0000, NULL, 1, NULL, NULL, NULL, '2026-05-05 11:01:43', '2026-05-05 11:01:43');;

INSERT INTO `uoms` (`id`, `uom_code`, `uom_name`, `symbol`, `is_fraction_allowed`, `is_active`, `created_by`, `updated_by`, `created_at`, `updated_at`) VALUES
(1, 'PCS', 'Pieces', 'PCS', 0, 1, NULL, NULL, '2026-05-05 11:01:43', '2026-05-05 11:01:43'),
(2, 'BOX', 'Box', 'BOX', 0, 1, NULL, NULL, '2026-05-05 11:01:43', '2026-05-05 11:01:43'),
(3, 'KG', 'Kilogram', 'KG', 1, 1, NULL, NULL, '2026-05-05 11:01:43', '2026-05-05 11:01:43'),
(4, 'GM', 'Gram', 'GM', 1, 1, NULL, NULL, '2026-05-05 11:01:43', '2026-05-05 11:01:43'),
(5, 'LTR', 'Litre', 'LTR', 1, 1, NULL, NULL, '2026-05-05 11:01:43', '2026-05-05 11:01:43'),
(6, 'NOS', 'Numbers', 'NOS', 0, 1, NULL, NULL, '2026-05-05 11:01:43', '2026-05-05 11:01:43'),
(7, 'MTR', 'Meter', 'MTR', 1, 1, NULL, NULL, '2026-05-05 11:01:43', '2026-05-05 11:01:43'),
(8, 'HRS', 'Hours', 'HRS', 1, 1, NULL, NULL, '2026-05-05 11:01:43', '2026-05-05 11:01:43');;

INSERT INTO `uom_conversions` (`id`, `from_uom_id`, `to_uom_id`, `conversion_factor`, `is_active`, `created_by`, `updated_by`, `created_at`, `updated_at`) VALUES
(1, 2, 1, 10.000000, 1, NULL, NULL, '2026-05-05 11:01:43', '2026-05-05 11:01:43'),
(2, 3, 4, 1000.000000, 1, NULL, NULL, '2026-05-05 11:01:43', '2026-05-05 11:01:43');;

INSERT INTO `users` (`id`, `employee_code`, `username`, `password_hash`, `first_name`, `last_name`, `display_name`, `email`, `mobile`, `gender`, `date_of_birth`, `profile_photo_path`, `is_super_admin`, `is_system_user`, `must_change_password`, `last_login_at`, `last_password_changed_at`, `failed_login_attempts`, `locked_until`, `status`, `remarks`, `created_by`, `updated_by`, `created_at`, `updated_at`) VALUES
(2, 'ADMIN001', 'admin', '$2y$12$.8YJ3wissNj037uAmyLq7.fCsV2mCF9ffxzdWnAU.55CeuigZtCxa', 'System', 'Admin', 'System Admin', 'admin@example.com', '9876543210', NULL, NULL, NULL, 1, 1, 0, '2026-06-02 07:13:33', NULL, 0, NULL, 'active', NULL, NULL, NULL, '2026-05-06 08:33:37', '2026-06-02 07:13:33'),
(4, 'EMP/00001', 'pavithra', '$2y$12$cP5giQIbciKWNAKfgnhGn.MeARdlY6Vbrwa7olGQyup/bC0Zyhi7W', 'pavithra', NULL, 'pavithra', NULL, NULL, NULL, NULL, NULL, 1, 1, 1, '2026-06-02 07:15:45', NULL, 0, NULL, 'active', NULL, 2, NULL, '2026-05-07 08:55:30', '2026-06-02 07:15:45'),
(5, 'EMP/00002', 'Gokul', '$2y$12$z./NSSMGceaB8GHbUy/MJeBoFH.czm5hlxfnMYQPBFC9zLOT87o9a', 'Gokul', NULL, 'Gokul', 'gokulm@sakthicontroller.com', NULL, NULL, NULL, NULL, 1, 1, 1, '2026-06-01 09:23:18', NULL, 0, NULL, 'active', NULL, 2, 2, '2026-05-07 12:14:32', '2026-06-01 09:23:18'),
(6, 'EMP/00016', 'Yuvaraj', '$2y$12$VLXDqia8aOy5wkPxSrMyVO8xvavqpF.qwm82L3IHp3dKt45WemFLm', 'Yuvaraj', 'Palani', 'Yuvaraj Palani', 'yuvaraj@sakthicontroller.com', '7904284246', 'male', NULL, NULL, 0, 1, 1, '2026-06-01 09:49:23', NULL, 0, NULL, 'active', NULL, 2, 2, '2026-05-09 07:22:07', '2026-06-01 11:05:50');;

INSERT INTO `user_branch_access` (`id`, `user_id`, `branch_id`, `is_default`, `is_active`, `created_by`, `updated_by`, `created_at`, `updated_at`) VALUES
(1, 2, 1, 1, 1, NULL, NULL, '2026-05-06 08:33:37', '2026-05-06 08:33:37');;

INSERT INTO `user_company_access` (`id`, `user_id`, `company_id`, `is_default`, `is_active`, `created_by`, `updated_by`, `created_at`, `updated_at`) VALUES
(1, 2, 1, 1, 1, NULL, NULL, '2026-05-06 08:33:37', '2026-05-06 08:33:37');;

INSERT INTO `user_location_access` (`id`, `user_id`, `location_id`, `is_default`, `can_bill`, `can_purchase`, `can_stock_entry`, `can_accounts_entry`, `can_hr_entry`, `is_active`, `created_by`, `updated_by`, `created_at`, `updated_at`) VALUES
(1, 2, 1, 1, 1, 1, 1, 1, 1, 1, NULL, NULL, '2026-05-06 08:33:37', '2026-05-06 08:33:37');;

INSERT INTO `user_permissions` (`id`, `user_id`, `permission_id`, `allow_view`, `allow_create`, `allow_update`, `allow_delete`, `allow_approve`, `allow_print`, `allow_export`, `is_active`, `created_by`, `updated_by`, `created_at`, `updated_at`) VALUES
(22, 4, 16, 1, 0, 0, 0, 0, 0, 0, 1, 2, 2, '2026-05-07 08:57:49', '2026-05-07 08:57:49'),
(23, 4, 26, 1, 1, 1, 1, 1, 1, 1, 1, 2, 2, '2026-05-07 08:57:49', '2026-05-07 08:57:49'),
(245, 5, 8, 1, 0, 0, 0, 0, 0, 0, 1, 2, 2, '2026-06-01 09:21:32', '2026-06-01 09:21:32'),
(249, 6, 16, 1, 1, 1, 1, 1, 1, 1, 1, 2, 2, '2026-06-01 11:09:36', '2026-06-01 11:09:36');;

INSERT INTO `user_roles` (`id`, `user_id`, `role_id`, `is_primary_role`, `is_active`, `assigned_by`, `assigned_at`, `created_by`, `updated_by`, `created_at`, `updated_at`) VALUES
(1, 2, 1, 1, 1, 2, '2026-05-06 08:33:37', NULL, NULL, '2026-05-06 08:33:37', '2026-05-06 08:33:37'),
(4, 4, 3, 1, 1, 2, '2026-05-07 08:55:30', 2, 2, '2026-05-07 08:55:30', '2026-05-07 08:55:30'),
(7, 5, 1, 1, 1, 2, '2026-06-01 09:10:34', 2, 2, '2026-06-01 09:10:34', '2026-06-01 09:10:34'),
(13, 6, 5, 1, 1, 2, '2026-06-01 11:30:19', 2, 2, '2026-06-01 11:30:19', '2026-06-01 11:30:19');;

INSERT INTO `user_warehouse_access` (`id`, `user_id`, `warehouse_id`, `is_default`, `can_view_stock`, `can_stock_in`, `can_stock_out`, `can_transfer`, `can_adjust`, `is_active`, `created_by`, `updated_by`, `created_at`, `updated_at`) VALUES
(1, 2, 1, 1, 1, 1, 1, 1, 1, 1, NULL, NULL, '2026-05-06 08:33:37', '2026-05-06 08:33:37'),
(2, 2, 2, 0, 1, 1, 1, 1, 1, 1, NULL, NULL, '2026-05-06 08:33:37', '2026-05-06 08:33:37'),
(3, 2, 3, 0, 1, 1, 1, 1, 1, 1, NULL, NULL, '2026-05-06 08:33:37', '2026-05-06 08:33:37'),
(4, 2, 4, 0, 1, 1, 1, 1, 1, 1, NULL, NULL, '2026-05-06 08:33:37', '2026-05-06 08:33:37'),
(5, 2, 5, 0, 1, 1, 1, 1, 1, 1, NULL, NULL, '2026-05-06 08:33:37', '2026-05-06 08:33:37'),
(6, 2, 6, 0, 1, 1, 1, 1, 1, 1, NULL, NULL, '2026-05-06 08:33:37', '2026-05-06 08:33:37'),
(7, 2, 7, 0, 1, 1, 1, 1, 1, 1, NULL, NULL, '2026-05-06 08:33:37', '2026-05-06 08:33:37'),
(8, 2, 8, 0, 1, 1, 1, 1, 1, 1, NULL, NULL, '2026-05-06 08:33:37', '2026-05-06 08:33:37');;

INSERT INTO `vouchers` (`id`, `company_id`, `branch_id`, `location_id`, `financial_year_id`, `voucher_type_id`, `document_series_id`, `voucher_no`, `voucher_date`, `reference_no`, `reference_date`, `narration`, `total_debit`, `total_credit`, `adjustment_amount`, `adjustment_account_id`, `adjustment_remarks`, `source_module`, `source_table`, `source_id`, `approval_status`, `posting_status`, `approved_by`, `approved_at`, `posted_by`, `posted_at`, `cancelled_by`, `cancelled_at`, `cancel_reason`, `is_system_generated`, `is_active`, `created_by`, `updated_by`, `created_at`, `updated_at`) VALUES
(1, 1, 1, 1, 1, 5, NULL, 'SV-SI/26-27/0001', '2026-05-26', 'SI/26-27/0001', '2026-05-26', 'Sales Invoice #SI/26-27/0001', 1180.00, 1180.00, 0.00, NULL, NULL, 'sales', 'sales_invoices', '1', 'approved', 'posted', NULL, NULL, 2, '2026-05-26 11:48:33', NULL, NULL, NULL, 1, 1, 2, 2, '2026-05-26 11:48:33', '2026-05-26 11:48:33'),
(2, 1, 1, 1, 1, 5, NULL, 'SV-SI/26-27/0002', '2026-05-26', 'SI/26-27/0002', '2026-05-26', 'Sales Invoice #SI/26-27/0002', 1180.00, 1180.00, 0.00, NULL, NULL, 'sales', 'sales_invoices', '2', 'approved', 'posted', NULL, NULL, 2, '2026-05-26 12:43:22', NULL, NULL, NULL, 1, 1, 2, 2, '2026-05-26 12:43:22', '2026-05-26 12:43:22'),
(3, 1, 1, 1, 1, 2, NULL, 'RV-SR/26-27/0001', '2026-05-26', 'SR/26-27/0001', '2026-05-26', 'Customer Receipt #SR/26-27/0001', 1180.00, 1180.00, 0.00, NULL, NULL, 'sales', 'sales_receipts', '1', 'approved', 'posted', NULL, NULL, 2, '2026-05-26 13:07:49', NULL, NULL, NULL, 1, 1, 2, 2, '2026-05-26 13:07:49', '2026-05-26 13:07:49'),
(4, 1, 1, 1, 1, 7, NULL, 'CN-SRT/26-27/0001', '2026-05-26', 'SRT/26-27/0001', '2026-05-26', 'Sales Return / Credit Note #SRT/26-27/0001', 2180.00, 2180.00, 0.00, NULL, NULL, 'sales', 'sales_returns', '1', 'approved', 'posted', NULL, NULL, 2, '2026-05-27 05:05:12', NULL, NULL, NULL, 1, 1, 2, 2, '2026-05-27 05:05:12', '2026-05-27 05:05:12'),
(5, 1, 1, 1, 1, 3, NULL, 'JV-OPEN-OPN/26-27/0004', '2026-05-28', 'OPN/26-27/0004', '2026-05-28', 'Opening stock posting #OPN/26-27/0004', 1364.00, 1364.00, 0.00, NULL, NULL, 'inventory', 'stock_openings', '4', 'approved', 'posted', NULL, NULL, 4, '2026-05-28 09:29:23', NULL, NULL, NULL, 1, 1, 4, 4, '2026-05-28 09:29:23', '2026-05-28 09:29:23'),
(6, 1, 1, 1, 1, 5, NULL, 'SV-SI/26-27/0003', '2026-04-02', 'SI/26-27/0003', '2026-04-02', 'Sales Invoice #SI/26-27/0003', 1463.20, 1463.20, 0.00, NULL, NULL, 'sales', 'sales_invoices', '3', 'approved', 'posted', NULL, NULL, 4, '2026-05-28 09:38:05', NULL, NULL, NULL, 1, 1, 4, 4, '2026-05-28 09:38:05', '2026-05-28 09:38:05'),
(7, 1, 1, 1, 1, 3, NULL, 'JV-OPEN-OPN/26-27/0005', '2026-05-28', 'OPN/26-27/0005', '2026-05-28', 'Opening stock posting #OPN/26-27/0005', 19800.00, 19800.00, 0.00, NULL, NULL, 'inventory', 'stock_openings', '5', 'approved', 'posted', NULL, NULL, 2, '2026-05-28 10:07:42', NULL, NULL, NULL, 1, 1, 2, 2, '2026-05-28 10:07:42', '2026-05-28 10:07:42'),
(8, 1, 1, 1, 1, 5, NULL, 'SV-SI/26-27/0004', '2026-05-28', 'SI/26-27/0004', '2026-05-28', 'Sales Invoice #SI/26-27/0004', 26550.00, 26550.00, 0.00, NULL, NULL, 'sales', 'sales_invoices', '4', 'approved', 'posted', NULL, NULL, 2, '2026-05-28 10:08:49', NULL, NULL, NULL, 1, 1, 2, 2, '2026-05-28 10:08:49', '2026-05-28 10:08:49'),
(9, 1, 1, 1, 1, 3, NULL, 'JV-OPEN-OPN/26-27/0006', '2026-05-28', 'OPN/26-27/0006', '2026-05-28', 'Opening stock posting #OPN/26-27/0006', 1108.80, 1108.80, 0.00, NULL, NULL, 'inventory', 'stock_openings', '6', 'approved', 'posted', NULL, NULL, 2, '2026-05-28 11:45:17', NULL, NULL, NULL, 1, 1, 2, 2, '2026-05-28 11:45:17', '2026-05-28 11:45:17'),
(10, 1, 1, 1, 1, 5, NULL, 'SV-SI/26-27/0005', '2026-05-28', 'SI/26-27/0005', '2026-05-28', 'Sales Invoice #SI/26-27/0005', 1062.00, 1062.00, 0.00, NULL, NULL, 'sales', 'sales_invoices', '5', 'approved', 'posted', NULL, NULL, 2, '2026-05-28 11:45:59', NULL, NULL, NULL, 1, 1, 2, 2, '2026-05-28 11:45:59', '2026-05-28 11:45:59'),
(11, 1, 1, 1, 1, 3, NULL, 'JV-OPEN-OPN/26-27/0007', '2026-05-28', 'OPN/26-27/0007', '2026-05-28', 'Opening stock posting #OPN/26-27/0007', 2050.84, 2050.84, 0.00, NULL, NULL, 'inventory', 'stock_openings', '7', 'approved', 'posted', NULL, NULL, 4, '2026-05-28 12:36:23', NULL, NULL, NULL, 1, 1, 4, 4, '2026-05-28 12:36:23', '2026-05-28 12:36:23'),
(12, 1, 1, 1, 1, 3, NULL, 'JV-DN-3', '2026-05-28', '3', '2026-05-28', 'COGS posting for sales delivery #3', 466.10, 466.10, 0.00, NULL, NULL, 'inventory', 'sales_deliveries', '3', 'approved', 'posted', NULL, NULL, 2, '2026-05-29 05:18:28', NULL, NULL, NULL, 1, 1, 2, 2, '2026-05-29 05:18:28', '2026-05-29 05:18:28'),
(13, 1, 1, 1, 1, 3, NULL, 'JV-DN-4', '2026-05-29', '4', '2026-05-29', 'COGS posting for sales delivery #4', 360.00, 360.00, 0.00, NULL, NULL, 'inventory', 'sales_deliveries', '4', 'approved', 'posted', NULL, NULL, 4, '2026-05-29 05:26:43', NULL, NULL, NULL, 1, 1, 4, 4, '2026-05-29 05:26:43', '2026-05-29 05:26:43'),
(14, 1, 1, 1, 1, 3, NULL, 'JV-OPEN-OPN/26-27/0010', '2026-05-29', 'OPN/26-27/0010', '2026-05-29', 'Opening stock posting #OPN/26-27/0010', 66000.00, 66000.00, 0.00, NULL, NULL, 'inventory', 'stock_openings', '10', 'approved', 'posted', NULL, NULL, 4, '2026-05-29 05:41:58', NULL, NULL, NULL, 1, 1, 4, 4, '2026-05-29 05:41:58', '2026-05-29 05:41:58'),
(15, 1, 1, 1, 1, 5, NULL, 'SV-SI/26-27/0007', '2026-04-03', 'SI/26-27/0007', '2026-04-03', 'Sales Invoice #SI/26-27/0007', 5319.99, 5319.99, 0.00, NULL, NULL, 'sales', 'sales_invoices', '7', 'approved', 'posted', NULL, NULL, 4, '2026-05-29 05:44:34', NULL, NULL, NULL, 1, 1, 4, 4, '2026-05-29 05:44:34', '2026-05-29 05:44:34'),
(16, 1, 1, 1, 1, 3, NULL, 'JV-DN-2', '2026-05-25', '2', '2026-05-25', 'COGS posting for sales delivery #2', 466.10, 466.10, 0.00, NULL, NULL, 'inventory', 'sales_deliveries', '2', 'approved', 'posted', NULL, NULL, 4, '2026-05-29 06:34:19', NULL, NULL, NULL, 1, 1, 4, 4, '2026-05-29 06:34:19', '2026-05-29 06:34:19'),
(17, 1, 1, 1, 1, 5, NULL, 'SV-SI/26-27/0008', '2026-04-04', 'SI/26-27/0008', '2026-04-04', 'Sales Invoice #SI/26-27/0008', 10400.00, 10400.00, 0.00, NULL, NULL, 'sales', 'sales_invoices', '8', 'approved', 'posted', NULL, NULL, 4, '2026-05-29 06:40:26', NULL, NULL, NULL, 1, 1, 4, 4, '2026-05-29 06:40:26', '2026-05-29 06:40:26'),
(18, 1, 1, 1, 1, 2, NULL, 'RV-SR/26-27/0002', '2026-05-29', 'SR/26-27/0002', '2026-05-29', 'Customer Receipt #SR/26-27/0002', 10400.00, 10400.00, 0.00, NULL, NULL, 'sales', 'sales_receipts', '2', 'approved', 'posted', NULL, NULL, 4, '2026-05-29 06:49:18', NULL, NULL, NULL, 1, 1, 4, 4, '2026-05-29 06:49:18', '2026-05-29 06:49:18'),
(19, 1, 1, 1, 1, 2, NULL, 'RV-SR/26-27/0003', '2026-05-29', 'SR/26-27/0003', '2026-05-29', 'Customer Receipt #SR/26-27/0003', 5319.99, 5319.99, 0.00, NULL, NULL, 'sales', 'sales_receipts', '3', 'approved', 'posted', NULL, NULL, 4, '2026-05-29 06:53:58', NULL, NULL, NULL, 1, 1, 4, 4, '2026-05-29 06:53:58', '2026-05-29 06:53:58'),
(20, 1, 1, 1, 1, 2, NULL, 'RV-SR/26-27/0004', '2026-05-29', 'SR/26-27/0004', '2026-05-29', 'Customer Receipt #SR/26-27/0004', 63.20, 63.20, 0.00, NULL, NULL, 'sales', 'sales_receipts', '4', 'approved', 'posted', NULL, NULL, 4, '2026-05-29 06:57:03', NULL, NULL, NULL, 1, 1, 4, 4, '2026-05-29 06:57:03', '2026-05-29 06:57:03'),
(21, 1, 1, 1, 1, 5, NULL, 'SV-SI/26-27/0006', '2026-05-02', 'SI/26-27/0006', '2026-05-02', 'Sales Invoice #SI/26-27/0006', 8850.00, 8850.00, 0.00, NULL, NULL, 'sales', 'sales_invoices', '6', 'approved', 'posted', NULL, NULL, 4, '2026-05-29 07:00:26', NULL, NULL, NULL, 1, 1, 4, 4, '2026-05-29 07:00:26', '2026-05-29 07:00:26'),
(22, 1, 1, 1, 1, 2, NULL, 'RV-SR/26-27/0005', '2026-05-29', 'SR/26-27/0005', '2026-05-29', 'Customer Receipt #SR/26-27/0005', 8000.00, 8000.00, 0.00, NULL, NULL, 'sales', 'sales_receipts', '5', 'approved', 'posted', NULL, NULL, 4, '2026-05-29 07:01:30', NULL, NULL, NULL, 1, 1, 4, 4, '2026-05-29 07:01:30', '2026-05-29 07:01:30'),
(23, 1, 1, 1, 1, 2, NULL, 'RV-SR/26-27/0006', '2026-05-29', 'SR/26-27/0006', '2026-05-29', 'Customer Receipt #SR/26-27/0006', 1000.00, 1000.00, 0.00, NULL, NULL, 'sales', 'sales_receipts', '6', 'approved', 'posted', NULL, NULL, 4, '2026-05-29 07:03:54', NULL, NULL, NULL, 1, 1, 4, 4, '2026-05-29 07:03:54', '2026-05-29 07:03:54'),
(24, 1, 1, 1, 1, 2, NULL, 'RV-SR/26-27/0007', '2026-05-29', 'SR/26-27/0007', '2026-05-29', 'Customer Receipt #SR/26-27/0007', 180.00, 180.00, 0.00, NULL, NULL, 'sales', 'sales_receipts', '7', 'approved', 'posted', NULL, NULL, 4, '2026-05-29 07:05:02', NULL, NULL, NULL, 1, 1, 4, 4, '2026-05-29 07:05:02', '2026-05-29 07:05:02'),
(25, 1, 1, 1, 1, 2, NULL, 'RV-SR/26-27/0008', '2026-05-29', 'SR/26-27/0008', '2026-05-29', 'Customer Receipt #SR/26-27/0008', 62.00, 62.00, 0.00, NULL, NULL, 'sales', 'sales_receipts', '8', 'approved', 'posted', NULL, NULL, 4, '2026-05-29 07:10:12', NULL, NULL, NULL, 1, 1, 4, 4, '2026-05-29 07:10:12', '2026-05-29 07:10:12'),
(26, 1, 1, 1, 1, 2, NULL, 'RV-SR/26-27/0009', '2026-05-29', 'SR/26-27/0009', '2026-05-29', 'Customer Receipt #SR/26-27/0009', 1400.00, 1400.00, 0.00, NULL, NULL, 'sales', 'sales_receipts', '9', 'approved', 'posted', NULL, NULL, 4, '2026-05-29 07:16:15', NULL, NULL, NULL, 1, 1, 4, 4, '2026-05-29 07:16:15', '2026-05-29 07:16:15'),
(27, 1, 1, 1, 1, 5, NULL, 'SV-SI/26-27/0009', '2026-05-29', 'SI/26-27/0009', '2026-05-29', 'Sales Invoice #SI/26-27/0009', 8850.00, 8850.00, 0.00, NULL, NULL, 'sales', 'sales_invoices', '9', 'approved', 'posted', NULL, NULL, 4, '2026-05-29 07:31:59', NULL, NULL, NULL, 1, 1, 4, 4, '2026-05-29 07:31:59', '2026-05-29 07:31:59'),
(28, 1, 1, 1, 1, 2, NULL, 'RV-SR/26-27/0010', '2026-05-29', 'SR/26-27/0010', '2026-05-29', 'Customer Receipt #SR/26-27/0010', 50.00, 50.00, 0.00, NULL, NULL, 'sales', 'sales_receipts', '10', 'approved', 'posted', NULL, NULL, 4, '2026-05-29 07:33:57', NULL, NULL, NULL, 1, 1, 4, 4, '2026-05-29 07:33:57', '2026-05-29 07:33:57'),
(29, 1, 1, 1, 1, 2, NULL, 'RV-SR/26-27/0011', '2026-05-29', 'SR/26-27/0011', '2026-05-29', 'Customer Receipt #SR/26-27/0011', 800.00, 800.00, 0.00, NULL, NULL, 'sales', 'sales_receipts', '11', 'approved', 'posted', NULL, NULL, 4, '2026-05-29 07:36:21', NULL, NULL, NULL, 1, 1, 4, 4, '2026-05-29 07:36:21', '2026-05-29 07:36:21'),
(30, 1, 1, 1, 1, 2, NULL, 'RV-SR/26-27/0012', '2026-05-29', 'SR/26-27/0012', '2026-05-29', 'Customer Receipt #SR/26-27/0012', 8850.00, 8850.00, 0.00, NULL, NULL, 'sales', 'sales_receipts', '12', 'approved', 'posted', NULL, NULL, 4, '2026-05-29 07:37:47', NULL, NULL, NULL, 1, 1, 4, 4, '2026-05-29 07:37:47', '2026-05-29 07:37:47'),
(31, 1, 1, 1, 1, 2, NULL, 'RV-SR/26-27/0013', '2026-05-29', 'SR/26-27/0013', '2026-05-29', 'Customer Receipt #SR/26-27/0013', 1000.00, 1000.00, 0.00, NULL, NULL, 'sales', 'sales_receipts', '13', 'approved', 'posted', NULL, NULL, 4, '2026-05-29 08:32:05', NULL, NULL, NULL, 1, 1, 4, 4, '2026-05-29 08:32:05', '2026-05-29 08:32:05'),
(32, 1, 1, 1, 1, 5, NULL, 'SV-SI/26-27/0010', '2026-05-29', 'SI/26-27/0010', '2026-05-29', 'Sales Invoice #SI/26-27/0010', 8850.00, 8850.00, 0.00, NULL, NULL, 'sales', 'sales_invoices', '10', 'approved', 'posted', NULL, NULL, 4, '2026-05-29 08:48:11', NULL, NULL, NULL, 1, 1, 4, 4, '2026-05-29 08:48:11', '2026-05-29 08:48:11'),
(33, 1, 1, 1, 1, 5, NULL, 'SV-SI/26-27/0011', '2026-05-29', 'SI/26-27/0011', '2026-05-29', 'Sales Invoice #SI/26-27/0011', 8850.00, 8850.00, 0.00, NULL, NULL, 'sales', 'sales_invoices', '11', 'approved', 'posted', NULL, NULL, 4, '2026-05-29 08:49:22', NULL, NULL, NULL, 1, 1, 4, 4, '2026-05-29 08:49:22', '2026-05-29 08:49:22'),
(34, 1, 1, 1, 1, 2, NULL, 'RV-SR/26-27/0014', '2026-05-29', 'SR/26-27/0014', '2026-05-29', 'Customer Receipt #SR/26-27/0014', 2655.00, 2655.00, 0.00, NULL, NULL, 'sales', 'sales_receipts', '14', 'approved', 'posted', NULL, NULL, 4, '2026-05-29 09:47:19', NULL, NULL, NULL, 1, 1, 4, 4, '2026-05-29 09:47:19', '2026-05-29 09:47:19'),
(35, 1, 1, 1, 1, 2, NULL, 'RV-SR/26-27/0015', '2026-05-29', 'SR/26-27/0015', '2026-05-29', 'Customer Receipt #SR/26-27/0015', 17700.00, 17700.00, 0.00, NULL, NULL, 'sales', 'sales_receipts', '15', 'approved', 'posted', NULL, NULL, 4, '2026-05-29 09:51:31', NULL, NULL, NULL, 1, 1, 4, 4, '2026-05-29 09:51:31', '2026-05-29 09:51:31'),
(36, 1, 1, 1, 1, 6, NULL, 'PV-PI/26-27/0002', '2026-05-29', 'PI/26-27/0002', '2026-05-29', 'Purchase Invoice #PI/26-27/0002', 17819.00, 17819.00, 0.00, NULL, NULL, 'purchase', 'purchase_invoices', '2', 'approved', 'posted', NULL, NULL, 4, '2026-05-29 10:12:15', NULL, NULL, NULL, 1, 1, 4, 4, '2026-05-29 10:12:15', '2026-05-29 10:12:15'),
(37, 1, 1, 1, 1, 6, NULL, 'PV-PI/26-27/0001', '2026-05-29', 'PI/26-27/0001', '2026-05-29', 'Purchase Invoice #PI/26-27/0001', 708.00, 708.00, 0.00, NULL, NULL, 'purchase', 'purchase_invoices', '1', 'approved', 'posted', NULL, NULL, 4, '2026-05-29 10:33:55', NULL, NULL, NULL, 1, 1, 4, 4, '2026-05-29 10:33:55', '2026-05-29 10:33:55'),
(38, 1, 1, 1, 1, 1, NULL, 'CPV-PP/26-27/0001', '2026-05-29', 'PP/26-27/0001', '2026-05-29', 'Supplier Payment #PP/26-27/0001', 17819.00, 17819.00, 0.00, NULL, NULL, 'purchase', 'purchase_payments', '1', 'approved', 'posted', NULL, NULL, 4, '2026-05-29 10:35:48', NULL, NULL, NULL, 1, 1, 4, 4, '2026-05-29 10:35:48', '2026-05-29 10:35:48'),
(39, 1, 1, 1, 1, 3, NULL, 'JV-OPEN-OPN/26-27/0011', '2026-05-29', 'OPN/26-27/0011', '2026-05-29', 'Opening stock posting #OPN/26-27/0011', 16876.19, 16876.19, 0.00, NULL, NULL, 'inventory', 'stock_openings', '11', 'approved', 'posted', NULL, NULL, 4, '2026-05-29 11:01:51', NULL, NULL, NULL, 1, 1, 4, 4, '2026-05-29 11:01:51', '2026-05-29 11:01:51'),
(40, 1, 1, 1, 1, 5, NULL, 'SV-SI/26-27/0012', '2026-05-29', 'SI/26-27/0012', '2026-05-29', 'Sales Invoice #SI/26-27/0012', 8850.00, 8850.00, 0.00, NULL, NULL, 'sales', 'sales_invoices', '12', 'approved', 'posted', NULL, NULL, 4, '2026-05-29 11:09:45', NULL, NULL, NULL, 1, 1, 4, 4, '2026-05-29 11:09:45', '2026-05-29 11:09:45'),
(41, 1, 1, 1, 1, 7, NULL, 'CN-SRT/26-27/0002', '2026-05-29', 'SRT/26-27/0002', '2026-05-29', 'Sales Return / Credit Note #SRT/26-27/0002', 1113.81, 1113.81, 0.00, NULL, NULL, 'sales', 'sales_returns', '2', 'approved', 'posted', NULL, NULL, 4, '2026-05-29 12:24:35', NULL, NULL, NULL, 1, 1, 4, 4, '2026-05-29 12:24:35', '2026-05-29 12:24:35'),
(42, 1, 1, 1, 1, 6, NULL, 'PV-PI/26-27/0003', '2026-05-29', 'PI/26-27/0003', '2026-05-29', 'Purchase Invoice #PI/26-27/0003', 5369.00, 5369.00, 0.00, NULL, NULL, 'purchase', 'purchase_invoices', '3', 'approved', 'posted', NULL, NULL, 4, '2026-05-29 12:45:03', NULL, NULL, NULL, 1, 1, 4, 4, '2026-05-29 12:45:03', '2026-05-29 12:45:03'),
(43, 1, 1, 1, 1, 3, NULL, 'JV-OPEN-OPN/26-27/0012', '2026-05-30', 'OPN/26-27/0012', '2026-05-30', 'Opening stock posting #OPN/26-27/0012', 660000.00, 660000.00, 0.00, NULL, NULL, 'inventory', 'stock_openings', '12', 'approved', 'posted', NULL, NULL, 2, '2026-05-30 06:28:24', NULL, NULL, NULL, 1, 1, 2, 2, '2026-05-30 06:28:24', '2026-05-30 06:28:24'),
(44, 1, 1, 1, 1, 3, NULL, 'JV-DN-DC/26-27/0003', '2026-05-30', 'DC/26-27/0003', '2026-05-30', 'COGS posting for sales delivery #DC/26-27/0003', 15000.00, 15000.00, 0.00, NULL, NULL, 'inventory', 'sales_deliveries', '7', 'approved', 'posted', NULL, NULL, 2, '2026-05-30 06:28:46', NULL, NULL, NULL, 1, 1, 2, 2, '2026-05-30 06:28:46', '2026-05-30 06:28:46'),
(45, 1, 1, 1, 1, 5, NULL, 'SV-SI/26-27/0013', '2026-05-30', 'SI/26-27/0013', '2026-05-30', 'Sales Invoice #SI/26-27/0013', 17700.00, 17700.00, 0.00, NULL, NULL, 'sales', 'sales_invoices', '13', 'approved', 'posted', NULL, NULL, 2, '2026-05-30 06:29:13', NULL, NULL, NULL, 1, 1, 2, 2, '2026-05-30 06:29:13', '2026-05-30 06:29:13'),
(46, 1, 1, 1, 1, 3, NULL, 'JV-DN-DC/26-27/0004', '2026-05-30', 'DC/26-27/0004', '2026-05-30', 'COGS posting for sales delivery #DC/26-27/0004', 7500.00, 7500.00, 0.00, NULL, NULL, 'inventory', 'sales_deliveries', '8', 'approved', 'posted', NULL, NULL, 4, '2026-05-30 06:36:35', NULL, NULL, NULL, 1, 1, 4, 4, '2026-05-30 06:36:35', '2026-05-30 06:36:35'),
(47, 1, 1, 1, 1, 5, NULL, 'SV-SI/26-27/0014', '2026-05-30', 'SI/26-27/0014', '2026-05-30', 'Sales Invoice #SI/26-27/0014', 8850.00, 8850.00, 0.00, NULL, NULL, 'sales', 'sales_invoices', '14', 'approved', 'posted', NULL, NULL, 4, '2026-05-30 06:36:54', NULL, NULL, NULL, 1, 1, 4, 4, '2026-05-30 06:36:54', '2026-05-30 06:36:54'),
(48, 1, 1, 1, 1, 2, NULL, 'RV-SR/26-27/0016', '2026-05-30', 'SR/26-27/0016', '2026-05-30', 'Customer Receipt #SR/26-27/0016', 8850.00, 8850.00, 0.00, NULL, NULL, 'sales', 'sales_receipts', '16', 'approved', 'posted', NULL, NULL, 4, '2026-05-30 06:37:31', NULL, NULL, NULL, 1, 1, 4, 4, '2026-05-30 06:37:31', '2026-05-30 06:37:31'),
(49, 1, 1, 1, 1, 5, NULL, 'SV-SI/26-27/0015', '2026-05-30', 'SI/26-27/0015', '2026-05-30', 'Sales Invoice #SI/26-27/0015', 8850.00, 8850.00, 0.00, NULL, NULL, 'sales', 'sales_invoices', '15', 'approved', 'posted', NULL, NULL, 4, '2026-05-30 06:45:00', NULL, NULL, NULL, 1, 1, 4, 4, '2026-05-30 06:45:00', '2026-05-30 06:45:00'),
(50, 1, 1, 1, 1, 3, NULL, 'JV-DN-DC/26-27/0005', '2026-05-30', 'DC/26-27/0005', '2026-05-30', 'COGS posting for sales delivery #DC/26-27/0005', 7500.00, 7500.00, 0.00, NULL, NULL, 'inventory', 'sales_deliveries', '9', 'approved', 'posted', NULL, NULL, 4, '2026-05-30 06:47:38', NULL, NULL, NULL, 1, 1, 4, 4, '2026-05-30 06:47:38', '2026-05-30 06:47:38'),
(51, 1, 1, 1, 1, 5, NULL, 'SV-SI/26-27/0016', '2026-05-30', 'SI/26-27/0016', '2026-05-30', 'Sales Invoice #SI/26-27/0016', 8850.00, 8850.00, 0.00, NULL, NULL, 'sales', 'sales_invoices', '16', 'approved', 'posted', NULL, NULL, 4, '2026-05-30 06:47:48', NULL, NULL, NULL, 1, 1, 4, 4, '2026-05-30 06:47:48', '2026-05-30 06:47:48'),
(52, 1, 1, 1, 1, 3, NULL, 'JV-OPEN-OPN/26-27/0013', '2026-05-30', 'OPN/26-27/0013', '2026-05-30', 'Opening stock posting #OPN/26-27/0013', 39600.00, 39600.00, 0.00, NULL, NULL, 'inventory', 'stock_openings', '13', 'approved', 'posted', NULL, NULL, 2, '2026-05-30 09:00:40', NULL, NULL, NULL, 1, 1, 2, 2, '2026-05-30 09:00:40', '2026-05-30 09:00:40'),
(53, 1, 1, 1, 1, 3, NULL, 'JV-OPEN-OPN/26-27/0009', '2026-05-29', 'OPN/26-27/0009', '2026-05-29', 'Opening stock posting #OPN/26-27/0009', 41016.80, 41016.80, 0.00, NULL, NULL, 'inventory', 'stock_openings', '9', 'approved', 'posted', NULL, NULL, 2, '2026-05-30 09:06:21', NULL, NULL, NULL, 1, 1, 2, 2, '2026-05-30 09:06:21', '2026-05-30 09:06:21'),
(54, 1, 1, 1, 1, 3, NULL, 'JV-OPEN-OPN/26-27/0014', '2026-05-30', 'OPN/26-27/0014', '2026-05-30', 'Opening stock posting #OPN/26-27/0014', 396000.00, 396000.00, 0.00, NULL, NULL, 'inventory', 'stock_openings', '14', 'approved', 'posted', NULL, NULL, 2, '2026-05-30 09:06:32', NULL, NULL, NULL, 1, 1, 2, 2, '2026-05-30 09:06:32', '2026-05-30 09:06:32'),
(55, 1, 1, 1, 1, 3, NULL, 'JV-DN-DC/26-27/0006', '2026-05-30', 'DC/26-27/0006', '2026-05-30', 'COGS posting for sales delivery #DC/26-27/0006', 45000.00, 45000.00, 0.00, NULL, NULL, 'inventory', 'sales_deliveries', '10', 'approved', 'posted', NULL, NULL, 2, '2026-05-30 09:15:45', NULL, NULL, NULL, 1, 1, 2, 2, '2026-05-30 09:15:45', '2026-05-30 09:15:45'),
(56, 1, 1, 1, 1, 5, NULL, 'SV-SI/26-27/0017', '2026-05-30', 'SI/26-27/0017', '2026-05-30', 'Sales Invoice #SI/26-27/0017', 45000.00, 45000.00, 0.00, NULL, NULL, 'sales', 'sales_invoices', '17', 'approved', 'posted', NULL, NULL, 2, '2026-05-30 09:16:58', NULL, NULL, NULL, 1, 1, 2, 2, '2026-05-30 09:16:58', '2026-05-30 09:16:58'),
(57, 1, 1, 1, 1, 2, NULL, 'RV-SR/26-27/0017', '2026-05-30', 'SR/26-27/0017', '2026-05-30', 'Customer Receipt #SR/26-27/0017', 45000.00, 45000.00, 0.00, NULL, NULL, 'sales', 'sales_receipts', '17', 'approved', 'posted', NULL, NULL, 2, '2026-05-30 09:17:16', NULL, NULL, NULL, 1, 1, 2, 2, '2026-05-30 09:17:16', '2026-05-30 09:17:16'),
(58, 1, 1, 1, 1, 7, NULL, 'CN-SRT/26-27/0003', '2026-05-30', 'SRT/26-27/0003', '2026-05-30', 'Sales Return / Credit Note #SRT/26-27/0003', 84600.00, 84600.00, 0.00, NULL, NULL, 'sales', 'sales_returns', '3', 'approved', 'posted', NULL, NULL, 2, '2026-05-30 09:17:52', NULL, NULL, NULL, 1, 1, 2, 2, '2026-05-30 09:17:52', '2026-05-30 09:17:52'),
(59, 1, 1, 1, 1, 3, NULL, 'JV-DN-DC/26-27/0007', '2026-05-30', 'DC/26-27/0007', '2026-05-30', 'COGS posting for sales delivery #DC/26-27/0007', 45000.00, 45000.00, 0.00, NULL, NULL, 'inventory', 'sales_deliveries', '11', 'approved', 'posted', NULL, NULL, 2, '2026-05-30 09:30:27', NULL, NULL, NULL, 1, 1, 2, 2, '2026-05-30 09:30:27', '2026-05-30 09:30:27'),
(60, 1, 1, 1, 1, 5, NULL, 'SV-SI/26-27/0018', '2026-05-30', 'SI/26-27/0018', '2026-05-30', 'Sales Invoice #SI/26-27/0018', 45000.00, 45000.00, 0.00, NULL, NULL, 'sales', 'sales_invoices', '18', 'approved', 'posted', NULL, NULL, 2, '2026-05-30 09:31:48', NULL, NULL, NULL, 1, 1, 2, 2, '2026-05-30 09:31:48', '2026-05-30 09:31:48'),
(61, 1, 1, 1, 1, 3, NULL, 'JV-DN-DC/26-27/0008', '2026-05-30', 'DC/26-27/0008', '2026-05-30', 'COGS posting for sales delivery #DC/26-27/0008', 90000.00, 90000.00, 0.00, NULL, NULL, 'inventory', 'sales_deliveries', '12', 'approved', 'posted', NULL, NULL, 2, '2026-05-30 09:32:59', NULL, NULL, NULL, 1, 1, 2, 2, '2026-05-30 09:32:59', '2026-05-30 09:32:59'),
(62, 1, 1, 1, 1, 5, NULL, 'SV-SI/26-27/0019', '2026-05-30', 'SI/26-27/0019', '2026-05-30', 'Sales Invoice #SI/26-27/0019', 90000.00, 90000.00, 0.00, NULL, NULL, 'sales', 'sales_invoices', '19', 'approved', 'posted', NULL, NULL, 2, '2026-05-30 09:33:34', NULL, NULL, NULL, 1, 1, 2, 2, '2026-05-30 09:33:34', '2026-05-30 09:33:34'),
(63, 1, 1, 1, 1, 2, NULL, 'RV-SR/26-27/0018', '2026-05-30', 'SR/26-27/0018', '2026-05-30', 'Customer Receipt #SR/26-27/0018', 90000.00, 90000.00, 0.00, NULL, NULL, 'sales', 'sales_receipts', '18', 'approved', 'posted', NULL, NULL, 2, '2026-05-30 09:36:12', NULL, NULL, NULL, 1, 1, 2, 2, '2026-05-30 09:36:12', '2026-05-30 09:36:12'),
(64, 1, 1, 1, 1, 7, NULL, 'CN-SRT/26-27/0004', '2026-05-30', 'SRT/26-27/0004', '2026-05-30', 'Sales Return / Credit Note #SRT/26-27/0004', 169200.00, 169200.00, 0.00, NULL, NULL, 'sales', 'sales_returns', '4', 'approved', 'posted', NULL, NULL, 2, '2026-05-30 09:36:27', NULL, NULL, NULL, 1, 1, 2, 2, '2026-05-30 09:36:27', '2026-05-30 09:36:27'),
(65, 1, 1, 1, 1, 6, NULL, 'PV-PI/26-27/0004', '2026-05-30', 'PI/26-27/0004', '2026-05-30', 'Purchase Invoice #PI/26-27/0004', 84960.00, 84960.00, 0.00, NULL, NULL, 'purchase', 'purchase_invoices', '4', 'approved', 'posted', NULL, NULL, 2, '2026-05-30 10:02:13', NULL, NULL, NULL, 1, 1, 2, 2, '2026-05-30 10:02:13', '2026-05-30 10:02:13'),
(66, 1, 1, 1, 1, 1, NULL, 'CPV-PP/26-27/0002', '2026-05-30', 'PP/26-27/0002', '2026-05-30', 'Supplier Payment #PP/26-27/0002', 84960.00, 84960.00, 0.00, NULL, NULL, 'purchase', 'purchase_payments', '2', 'approved', 'posted', NULL, NULL, 2, '2026-05-30 10:25:11', NULL, NULL, NULL, 1, 1, 2, 2, '2026-05-30 10:25:11', '2026-05-30 10:25:11'),
(67, 1, 1, 1, 1, 8, NULL, 'DN-PRT/26-27/0001', '2026-05-30', 'PRT/26-27/0001', '2026-05-30', 'Purchase Return / Debit Note #PRT/26-27/0001', 72000.00, 72000.00, 0.00, NULL, NULL, 'purchase', 'purchase_returns', '1', 'approved', 'posted', NULL, NULL, 2, '2026-05-30 10:26:23', NULL, NULL, NULL, 1, 1, 2, 2, '2026-05-30 10:26:23', '2026-05-30 10:26:23'),
(68, 1, 1, 1, 1, 3, NULL, 'JV-DN-DC/26-27/0009', '2026-05-30', 'DC/26-27/0009', '2026-05-30', 'COGS posting for sales delivery #DC/26-27/0009', 4500.00, 4500.00, 0.00, NULL, NULL, 'inventory', 'sales_deliveries', '13', 'approved', 'posted', NULL, NULL, 2, '2026-05-30 11:19:13', NULL, NULL, NULL, 1, 1, 2, 2, '2026-05-30 11:19:13', '2026-05-30 11:19:13'),
(69, 1, 1, 1, 1, 5, NULL, 'SV-SI/26-27/0020', '2026-05-30', 'SI/26-27/0020', '2026-05-30', 'Sales Invoice #SI/26-27/0020', 5310.00, 5310.00, 0.00, NULL, NULL, 'sales', 'sales_invoices', '20', 'approved', 'posted', NULL, NULL, 2, '2026-05-30 11:19:42', NULL, NULL, NULL, 1, 1, 2, 2, '2026-05-30 11:19:42', '2026-05-30 11:19:42'),
(70, 1, 1, 1, 1, 2, NULL, 'RV-SR/26-27/0019', '2026-05-30', 'SR/26-27/0019', '2026-05-30', 'Customer Receipt #SR/26-27/0019', 5310.00, 5310.00, 0.00, NULL, NULL, 'sales', 'sales_receipts', '19', 'approved', 'posted', NULL, NULL, 2, '2026-05-30 11:20:30', NULL, NULL, NULL, 1, 1, 2, 2, '2026-05-30 11:20:30', '2026-05-30 11:20:30'),
(71, 1, 1, 1, 1, 3, NULL, 'JV-GRN-GRN/26-27/0003', '2026-05-02', 'GRN/26-27/0003', '2026-05-02', 'Purchase receipt stock capitalization #GRN/26-27/0003', 1350.00, 1350.00, 0.00, NULL, NULL, 'inventory', 'purchase_receipts', '3', 'approved', 'posted', NULL, NULL, 4, '2026-05-30 12:33:44', NULL, NULL, NULL, 1, 1, 4, 4, '2026-05-30 12:33:44', '2026-05-30 12:33:44'),
(72, 1, 1, 1, 1, 6, NULL, 'PV-PI/26-27/0005', '2026-05-02', 'PI/26-27/0005', '2026-05-02', 'Purchase Invoice #PI/26-27/0005', 1593.00, 1593.00, 0.00, NULL, NULL, 'purchase', 'purchase_invoices', '5', 'approved', 'posted', NULL, NULL, 4, '2026-05-30 12:34:56', NULL, NULL, NULL, 1, 1, 4, 4, '2026-05-30 12:34:56', '2026-05-30 12:34:56'),
(73, 1, 1, 1, 1, 3, NULL, 'JV-EXP-EXP-20260601094604', '2026-06-01', 'EXP-20260601094604', '2026-06-01', 'Expense claim #EXP-20260601094604', 100.00, 100.00, 0.00, NULL, NULL, 'hr', 'expense_claims', '1', 'approved', 'posted', NULL, NULL, 5, '2026-06-01 09:46:51', NULL, NULL, NULL, 1, 1, 5, 5, '2026-06-01 09:46:51', '2026-06-01 09:46:51'),
(74, 1, 1, 1, 1, 3, NULL, 'JV-DN-DC/26-27/0010', '2026-06-01', 'DC/26-27/0010', '2026-06-01', 'COGS posting for sales delivery #DC/26-27/0010', 7500.00, 7500.00, 0.00, NULL, NULL, 'inventory', 'sales_deliveries', '14', 'approved', 'posted', NULL, NULL, 4, '2026-06-01 10:01:25', NULL, NULL, NULL, 1, 1, 4, 4, '2026-06-01 10:01:25', '2026-06-01 10:01:25'),
(75, 1, 1, 1, 1, 5, NULL, 'SV-SI/26-27/0021', '2026-06-01', 'SI/26-27/0021', '2026-06-01', 'Sales Invoice #SI/26-27/0021', 8850.00, 8850.00, 0.00, NULL, NULL, 'sales', 'sales_invoices', '21', 'approved', 'posted', NULL, NULL, 4, '2026-06-01 10:02:38', NULL, NULL, NULL, 1, 1, 4, 4, '2026-06-01 10:02:38', '2026-06-01 10:02:38'),
(76, 1, 1, 1, 1, 2, NULL, 'RV-SR/26-27/0020', '2026-06-01', 'SR/26-27/0020', '2026-06-01', 'Customer Receipt #SR/26-27/0020', 8850.00, 8850.00, 0.00, NULL, NULL, 'sales', 'sales_receipts', '20', 'approved', 'posted', NULL, NULL, 4, '2026-06-01 10:03:18', NULL, NULL, NULL, 1, 1, 4, 4, '2026-06-01 10:03:18', '2026-06-01 10:03:18'),
(77, 1, 1, 1, 1, 1, NULL, 'CPV-PP/26-27/0003', '2026-06-01', 'PP/26-27/0003', '2026-06-01', 'Supplier Payment #PP/26-27/0003', 708.00, 708.00, 0.00, NULL, NULL, 'purchase', 'purchase_payments', '3', 'approved', 'posted', NULL, NULL, 4, '2026-06-01 11:57:45', NULL, NULL, NULL, 1, 1, 4, 4, '2026-06-01 11:57:45', '2026-06-01 11:57:45'),
(78, 1, 1, 1, 1, 3, NULL, 'JV-GRN-GRN/26-27/0004', '2026-06-01', 'GRN/26-27/0004', '2026-06-01', 'Purchase receipt stock capitalization #GRN/26-27/0004', 10759.00, 10759.00, 0.00, NULL, NULL, 'inventory', 'purchase_receipts', '4', 'approved', 'posted', NULL, NULL, 4, '2026-06-01 12:21:05', NULL, NULL, NULL, 1, 1, 4, 4, '2026-06-01 12:21:05', '2026-06-01 12:21:05');;

INSERT INTO `voucher_allocations` (`id`, `voucher_line_id`, `against_voucher_id`, `against_voucher_line_id`, `reference_no`, `reference_date`, `allocation_amount`, `allocation_type`, `remarks`, `created_at`) VALUES
(1, 8, 1, 1, 'SI/26-27/0001', '2026-05-26', 1180.00, 'receipt', NULL, '2026-05-26 13:07:49'),
(2, 13, 1, 1, 'SI/26-27/0001', '2026-05-26', 1180.00, 'adjustment', 'Sales return credit note adjustment', '2026-05-27 05:05:12'),
(3, 46, 17, 42, 'SI/26-27/0008', '2026-04-04', 10400.00, 'receipt', NULL, '2026-05-29 06:49:18'),
(4, 48, 15, 37, 'SI/26-27/0007', '2026-04-03', 5319.99, 'receipt', NULL, '2026-05-29 06:53:58'),
(5, 50, 6, 16, 'SI/26-27/0003', '2026-04-02', 63.20, 'receipt', NULL, '2026-05-29 06:57:03'),
(6, 55, 21, 51, 'SI/26-27/0006', '2026-05-02', 8000.00, 'receipt', NULL, '2026-05-29 07:01:30'),
(7, 57, 2, 4, 'SI/26-27/0002', '2026-05-26', 1000.00, 'receipt', NULL, '2026-05-29 07:03:54'),
(8, 59, 2, 4, 'SI/26-27/0002', '2026-05-26', 180.00, 'receipt', NULL, '2026-05-29 07:05:02'),
(9, 61, 10, 26, 'SI/26-27/0005', '2026-05-28', 62.00, 'receipt', NULL, '2026-05-29 07:10:12'),
(10, 63, 6, 16, 'SI/26-27/0003', '2026-04-02', 1400.00, 'receipt', NULL, '2026-05-29 07:16:15'),
(11, 68, 21, 51, 'SI/26-27/0006', '2026-05-02', 50.00, 'receipt', NULL, '2026-05-29 07:33:57'),
(12, 70, 21, 51, 'SI/26-27/0006', '2026-05-02', 800.00, 'receipt', NULL, '2026-05-29 07:36:21'),
(13, 72, 27, 64, 'SI/26-27/0009', '2026-05-29', 8850.00, 'receipt', NULL, '2026-05-29 07:37:47'),
(14, 74, 10, 26, 'SI/26-27/0005', '2026-05-28', 1000.00, 'receipt', NULL, '2026-05-29 08:32:05'),
(15, 82, 8, 21, 'SI/26-27/0004', '2026-05-28', 2655.00, 'receipt', NULL, '2026-05-29 09:47:19'),
(16, 84, 33, 78, 'SI/26-27/0011', '2026-05-29', 8850.00, 'receipt', NULL, '2026-05-29 09:51:31'),
(17, 84, 32, 75, 'SI/26-27/0010', '2026-05-29', 8850.00, 'receipt', NULL, '2026-05-29 09:51:31'),
(18, 91, 36, 87, 'PI/26-27/0002', '2026-05-29', 17819.00, 'payment', NULL, '2026-05-29 10:35:48'),
(19, 102, 10, 26, 'SI/26-27/0005', '2026-05-28', 1062.00, 'adjustment', 'Sales return credit note adjustment', '2026-05-29 12:24:35'),
(20, 120, 47, 116, 'SI/26-27/0014', '2026-05-30', 8850.00, 'receipt', 'Against SI/26-27/0014', '2026-05-30 06:37:31'),
(21, 140, 56, 137, 'SI/26-27/0017', '2026-05-30', 45000.00, 'receipt', 'Against SI/26-27/0017', '2026-05-30 09:17:16'),
(22, 144, 56, 137, 'SI/26-27/0017', '2026-05-30', 45000.00, 'adjustment', 'Sales return credit note adjustment', '2026-05-30 09:17:52'),
(23, 154, 62, 151, 'SI/26-27/0019', '2026-05-30', 90000.00, 'receipt', 'Against SI/26-27/0019', '2026-05-30 09:36:12'),
(24, 158, 62, 151, 'SI/26-27/0019', '2026-05-30', 90000.00, 'adjustment', 'Sales return credit note adjustment', '2026-05-30 09:36:27'),
(25, 162, 42, 106, 'PI/26-27/0003', '2026-05-29', 5369.00, 'payment', NULL, '2026-05-30 10:25:11'),
(26, 162, 65, 161, 'PI/26-27/0004', '2026-05-30', 79591.00, 'payment', NULL, '2026-05-30 10:25:11'),
(27, 164, 65, 161, 'PI/26-27/0004', '2026-05-30', 72000.00, 'adjustment', 'Purchase return debit note adjustment', '2026-05-30 10:26:23'),
(28, 172, 69, 168, 'SI/26-27/0020', '2026-05-30', 5310.00, 'receipt', 'Against SI/26-27/0020', '2026-05-30 11:20:30'),
(29, 186, 75, 182, 'SI/26-27/0021', '2026-06-01', 8850.00, 'receipt', 'Against SI/26-27/0021', '2026-06-01 10:03:18'),
(30, 187, 37, 90, 'PI/26-27/0001', '2026-05-29', 708.00, 'payment', NULL, '2026-06-01 11:57:45');;

INSERT INTO `voucher_lines` (`id`, `voucher_id`, `line_no`, `account_id`, `party_id`, `entry_type`, `amount`, `bill_reference_no`, `bill_reference_date`, `bill_reference_type`, `cheque_no`, `cheque_date`, `bank_reference_no`, `bank_reference_date`, `cost_center`, `department`, `project`, `line_narration`, `created_at`) VALUES
(1, 1, 1, 3, 40, 'debit', 1180.00, 'SI/26-27/0001', '2026-05-26', 'new_ref', NULL, NULL, NULL, NULL, NULL, NULL, NULL, 'Customer receivable', '2026-05-26 11:48:33'),
(2, 1, 2, 5, NULL, 'credit', 1000.00, NULL, NULL, NULL, NULL, NULL, NULL, NULL, NULL, NULL, NULL, 'Sales income', '2026-05-26 11:48:33'),
(3, 1, 3, 15, NULL, 'credit', 180.00, NULL, NULL, NULL, NULL, NULL, NULL, NULL, NULL, NULL, NULL, 'Output tax payable', '2026-05-26 11:48:33'),
(4, 2, 1, 3, 40, 'debit', 1180.00, 'SI/26-27/0002', '2026-05-26', 'new_ref', NULL, NULL, NULL, NULL, NULL, NULL, NULL, 'Customer receivable', '2026-05-26 12:43:22'),
(5, 2, 2, 5, NULL, 'credit', 1000.00, NULL, NULL, NULL, NULL, NULL, NULL, NULL, NULL, NULL, NULL, 'Sales income', '2026-05-26 12:43:22'),
(6, 2, 3, 15, NULL, 'credit', 180.00, NULL, NULL, NULL, NULL, NULL, NULL, NULL, NULL, NULL, NULL, 'Output tax payable', '2026-05-26 12:43:22'),
(7, 3, 1, 72, NULL, 'debit', 1180.00, NULL, NULL, NULL, NULL, NULL, NULL, NULL, NULL, NULL, NULL, 'Customer receipt cash/bank debit', '2026-05-26 13:07:49'),
(8, 3, 2, 3, 40, 'credit', 1180.00, NULL, NULL, NULL, NULL, NULL, NULL, NULL, NULL, NULL, NULL, 'Customer receipt receivable credit', '2026-05-26 13:07:49'),
(9, 4, 1, 5, NULL, 'debit', 1000.00, NULL, NULL, NULL, NULL, NULL, NULL, NULL, NULL, NULL, NULL, 'Sales return reversal', '2026-05-27 05:05:12'),
(10, 4, 2, 15, NULL, 'debit', 180.00, NULL, NULL, NULL, NULL, NULL, NULL, NULL, NULL, NULL, NULL, 'Output tax reversal', '2026-05-27 05:05:12'),
(11, 4, 3, 18, NULL, 'debit', 1000.00, NULL, NULL, NULL, NULL, NULL, NULL, NULL, NULL, NULL, NULL, 'Inventory inward on sales return', '2026-05-27 05:05:12'),
(12, 4, 4, 19, NULL, 'credit', 1000.00, NULL, NULL, NULL, NULL, NULL, NULL, NULL, NULL, NULL, NULL, 'COGS reversal on sales return', '2026-05-27 05:05:12'),
(13, 4, 5, 3, 40, 'credit', 1180.00, 'SRT/26-27/0001', '2026-05-26', 'against_ref', NULL, NULL, NULL, NULL, NULL, NULL, NULL, 'Customer credit from sales return', '2026-05-27 05:05:12'),
(14, 5, 1, 18, NULL, 'debit', 1364.00, NULL, NULL, NULL, NULL, NULL, NULL, NULL, NULL, NULL, NULL, 'Opening stock asset', '2026-05-28 09:29:23'),
(15, 5, 2, 35, NULL, 'credit', 1364.00, NULL, NULL, NULL, NULL, NULL, NULL, NULL, NULL, NULL, NULL, 'Opening stock offset', '2026-05-28 09:29:23'),
(16, 6, 1, 3, 2, 'debit', 1463.20, 'SI/26-27/0003', '2026-04-02', 'new_ref', NULL, NULL, NULL, NULL, NULL, NULL, NULL, 'Customer receivable', '2026-05-28 09:38:05'),
(17, 6, 2, 5, NULL, 'credit', 1240.00, NULL, NULL, NULL, NULL, NULL, NULL, NULL, NULL, NULL, NULL, 'Sales income', '2026-05-28 09:38:05'),
(18, 6, 3, 15, NULL, 'credit', 223.20, NULL, NULL, NULL, NULL, NULL, NULL, NULL, NULL, NULL, NULL, 'Output tax payable', '2026-05-28 09:38:05'),
(19, 7, 1, 18, NULL, 'debit', 19800.00, NULL, NULL, NULL, NULL, NULL, NULL, NULL, NULL, NULL, NULL, 'Opening stock asset', '2026-05-28 10:07:42'),
(20, 7, 2, 35, NULL, 'credit', 19800.00, NULL, NULL, NULL, NULL, NULL, NULL, NULL, NULL, NULL, NULL, 'Opening stock offset', '2026-05-28 10:07:42'),
(21, 8, 1, 3, 40, 'debit', 26550.00, 'SI/26-27/0004', '2026-05-28', 'new_ref', NULL, NULL, NULL, NULL, NULL, NULL, NULL, 'Customer receivable', '2026-05-28 10:08:49'),
(22, 8, 2, 5, NULL, 'credit', 22500.00, NULL, NULL, NULL, NULL, NULL, NULL, NULL, NULL, NULL, NULL, 'Sales income', '2026-05-28 10:08:49'),
(23, 8, 3, 15, NULL, 'credit', 4050.00, NULL, NULL, NULL, NULL, NULL, NULL, NULL, NULL, NULL, NULL, 'Output tax payable', '2026-05-28 10:08:49'),
(24, 9, 1, 18, NULL, 'debit', 1108.80, NULL, NULL, NULL, NULL, NULL, NULL, NULL, NULL, NULL, NULL, 'Opening stock asset', '2026-05-28 11:45:17'),
(25, 9, 2, 35, NULL, 'credit', 1108.80, NULL, NULL, NULL, NULL, NULL, NULL, NULL, NULL, NULL, NULL, 'Opening stock offset', '2026-05-28 11:45:17'),
(26, 10, 1, 3, 24, 'debit', 1062.00, 'SI/26-27/0005', '2026-05-28', 'new_ref', NULL, NULL, NULL, NULL, NULL, NULL, NULL, 'Customer receivable', '2026-05-28 11:45:59'),
(27, 10, 2, 5, NULL, 'credit', 900.00, NULL, NULL, NULL, NULL, NULL, NULL, NULL, NULL, NULL, NULL, 'Sales income', '2026-05-28 11:45:59'),
(28, 10, 3, 15, NULL, 'credit', 162.00, NULL, NULL, NULL, NULL, NULL, NULL, NULL, NULL, NULL, NULL, 'Output tax payable', '2026-05-28 11:45:59'),
(29, 11, 1, 18, NULL, 'debit', 2050.84, NULL, NULL, NULL, NULL, NULL, NULL, NULL, NULL, NULL, NULL, 'Opening stock asset', '2026-05-28 12:36:23'),
(30, 11, 2, 35, NULL, 'credit', 2050.84, NULL, NULL, NULL, NULL, NULL, NULL, NULL, NULL, NULL, NULL, 'Opening stock offset', '2026-05-28 12:36:23'),
(31, 12, 1, 19, NULL, 'debit', 466.10, NULL, NULL, NULL, NULL, NULL, NULL, NULL, NULL, NULL, NULL, 'Cost of goods sold', '2026-05-29 05:18:28'),
(32, 12, 2, 18, NULL, 'credit', 466.10, NULL, NULL, NULL, NULL, NULL, NULL, NULL, NULL, NULL, NULL, 'Inventory reduction on delivery', '2026-05-29 05:18:28'),
(33, 13, 1, 19, NULL, 'debit', 360.00, NULL, NULL, NULL, NULL, NULL, NULL, NULL, NULL, NULL, NULL, 'Cost of goods sold', '2026-05-29 05:26:43'),
(34, 13, 2, 18, NULL, 'credit', 360.00, NULL, NULL, NULL, NULL, NULL, NULL, NULL, NULL, NULL, NULL, 'Inventory reduction on delivery', '2026-05-29 05:26:43'),
(35, 14, 1, 18, NULL, 'debit', 66000.00, NULL, NULL, NULL, NULL, NULL, NULL, NULL, NULL, NULL, NULL, 'Opening stock asset', '2026-05-29 05:41:58'),
(36, 14, 2, 35, NULL, 'credit', 66000.00, NULL, NULL, NULL, NULL, NULL, NULL, NULL, NULL, NULL, NULL, 'Opening stock offset', '2026-05-29 05:41:58'),
(37, 15, 1, 3, 5, 'debit', 5319.99, 'SI/26-27/0007', '2026-04-03', 'new_ref', NULL, NULL, NULL, NULL, NULL, NULL, NULL, 'Customer receivable', '2026-05-29 05:44:34'),
(38, 15, 2, 5, NULL, 'credit', 4508.47, NULL, NULL, NULL, NULL, NULL, NULL, NULL, NULL, NULL, NULL, 'Sales income', '2026-05-29 05:44:34'),
(39, 15, 3, 15, NULL, 'credit', 811.52, NULL, NULL, NULL, NULL, NULL, NULL, NULL, NULL, NULL, NULL, 'Output tax payable', '2026-05-29 05:44:34'),
(40, 16, 1, 19, NULL, 'debit', 466.10, NULL, NULL, NULL, NULL, NULL, NULL, NULL, NULL, NULL, NULL, 'Cost of goods sold', '2026-05-29 06:34:19'),
(41, 16, 2, 18, NULL, 'credit', 466.10, NULL, NULL, NULL, NULL, NULL, NULL, NULL, NULL, NULL, NULL, 'Inventory reduction on delivery', '2026-05-29 06:34:19'),
(42, 17, 1, 3, 6, 'debit', 10400.00, 'SI/26-27/0008', '2026-04-04', 'new_ref', NULL, NULL, NULL, NULL, NULL, NULL, NULL, 'Customer receivable', '2026-05-29 06:40:26'),
(43, 17, 2, 5, NULL, 'credit', 8813.56, NULL, NULL, NULL, NULL, NULL, NULL, NULL, NULL, NULL, NULL, 'Sales income', '2026-05-29 06:40:26'),
(44, 17, 3, 15, NULL, 'credit', 1586.44, NULL, NULL, NULL, NULL, NULL, NULL, NULL, NULL, NULL, NULL, 'Output tax payable', '2026-05-29 06:40:26'),
(45, 18, 1, 73, NULL, 'debit', 10400.00, NULL, NULL, NULL, NULL, NULL, NULL, NULL, NULL, NULL, NULL, 'Customer receipt cash/bank debit', '2026-05-29 06:49:18'),
(46, 18, 2, 3, 6, 'credit', 10400.00, NULL, NULL, NULL, NULL, NULL, NULL, NULL, NULL, NULL, NULL, 'Customer receipt receivable credit', '2026-05-29 06:49:18'),
(47, 19, 1, 73, NULL, 'debit', 5319.99, NULL, NULL, NULL, NULL, NULL, NULL, NULL, NULL, NULL, NULL, 'Customer receipt cash/bank debit', '2026-05-29 06:53:58'),
(48, 19, 2, 3, 5, 'credit', 5319.99, NULL, NULL, NULL, NULL, NULL, NULL, NULL, NULL, NULL, NULL, 'Customer receipt receivable credit', '2026-05-29 06:53:58'),
(49, 20, 1, 73, NULL, 'debit', 63.20, NULL, NULL, NULL, NULL, NULL, NULL, NULL, NULL, NULL, NULL, 'Customer receipt cash/bank debit', '2026-05-29 06:57:03'),
(50, 20, 2, 3, 2, 'credit', 63.20, NULL, NULL, NULL, NULL, NULL, NULL, NULL, NULL, NULL, NULL, 'Customer receipt receivable credit', '2026-05-29 06:57:03'),
(51, 21, 1, 3, 12, 'debit', 8850.00, 'SI/26-27/0006', '2026-05-02', 'new_ref', NULL, NULL, NULL, NULL, NULL, NULL, NULL, 'Customer receivable', '2026-05-29 07:00:26'),
(52, 21, 2, 5, NULL, 'credit', 7500.00, NULL, NULL, NULL, NULL, NULL, NULL, NULL, NULL, NULL, NULL, 'Sales income', '2026-05-29 07:00:26'),
(53, 21, 3, 15, NULL, 'credit', 1350.00, NULL, NULL, NULL, NULL, NULL, NULL, NULL, NULL, NULL, NULL, 'Output tax payable', '2026-05-29 07:00:26'),
(54, 22, 1, 73, NULL, 'debit', 8000.00, NULL, NULL, NULL, NULL, NULL, NULL, NULL, NULL, NULL, NULL, 'Customer receipt cash/bank debit', '2026-05-29 07:01:30'),
(55, 22, 2, 3, 12, 'credit', 8000.00, NULL, NULL, NULL, NULL, NULL, NULL, NULL, NULL, NULL, NULL, 'Customer receipt receivable credit', '2026-05-29 07:01:30'),
(56, 23, 1, 73, NULL, 'debit', 1000.00, NULL, NULL, NULL, NULL, NULL, NULL, NULL, NULL, NULL, NULL, 'Customer receipt cash/bank debit', '2026-05-29 07:03:54'),
(57, 23, 2, 3, 40, 'credit', 1000.00, NULL, NULL, NULL, NULL, NULL, NULL, NULL, NULL, NULL, NULL, 'Customer receipt receivable credit', '2026-05-29 07:03:54'),
(58, 24, 1, 73, NULL, 'debit', 180.00, NULL, NULL, NULL, NULL, NULL, NULL, NULL, NULL, NULL, NULL, 'Customer receipt cash/bank debit', '2026-05-29 07:05:02'),
(59, 24, 2, 3, 40, 'credit', 180.00, NULL, NULL, NULL, NULL, NULL, NULL, NULL, NULL, NULL, NULL, 'Customer receipt receivable credit', '2026-05-29 07:05:02'),
(60, 25, 1, 74, NULL, 'debit', 62.00, NULL, NULL, NULL, NULL, NULL, NULL, NULL, NULL, NULL, NULL, 'Customer receipt cash/bank debit', '2026-05-29 07:10:12'),
(61, 25, 2, 3, 24, 'credit', 62.00, NULL, NULL, NULL, NULL, NULL, NULL, NULL, NULL, NULL, NULL, 'Customer receipt receivable credit', '2026-05-29 07:10:12'),
(62, 26, 1, 74, NULL, 'debit', 1400.00, NULL, NULL, NULL, NULL, NULL, NULL, NULL, NULL, NULL, NULL, 'Customer receipt cash/bank debit', '2026-05-29 07:16:15'),
(63, 26, 2, 3, 2, 'credit', 1400.00, NULL, NULL, NULL, NULL, NULL, NULL, NULL, NULL, NULL, NULL, 'Customer receipt receivable credit', '2026-05-29 07:16:15'),
(64, 27, 1, 3, 12, 'debit', 8850.00, 'SI/26-27/0009', '2026-05-29', 'new_ref', NULL, NULL, NULL, NULL, NULL, NULL, NULL, 'Customer receivable', '2026-05-29 07:31:59'),
(65, 27, 2, 5, NULL, 'credit', 7500.00, NULL, NULL, NULL, NULL, NULL, NULL, NULL, NULL, NULL, NULL, 'Sales income', '2026-05-29 07:31:59'),
(66, 27, 3, 15, NULL, 'credit', 1350.00, NULL, NULL, NULL, NULL, NULL, NULL, NULL, NULL, NULL, NULL, 'Output tax payable', '2026-05-29 07:31:59'),
(67, 28, 1, 74, NULL, 'debit', 50.00, NULL, NULL, NULL, NULL, NULL, NULL, NULL, NULL, NULL, NULL, 'Customer receipt cash/bank debit', '2026-05-29 07:33:57'),
(68, 28, 2, 3, 12, 'credit', 50.00, NULL, NULL, NULL, NULL, NULL, NULL, NULL, NULL, NULL, NULL, 'Customer receipt receivable credit', '2026-05-29 07:33:57'),
(69, 29, 1, 74, NULL, 'debit', 800.00, NULL, NULL, NULL, NULL, NULL, NULL, NULL, NULL, NULL, NULL, 'Customer receipt cash/bank debit', '2026-05-29 07:36:21'),
(70, 29, 2, 3, 12, 'credit', 800.00, NULL, NULL, NULL, NULL, NULL, NULL, NULL, NULL, NULL, NULL, 'Customer receipt receivable credit', '2026-05-29 07:36:21'),
(71, 30, 1, 74, NULL, 'debit', 8850.00, NULL, NULL, NULL, NULL, NULL, NULL, NULL, NULL, NULL, NULL, 'Customer receipt cash/bank debit', '2026-05-29 07:37:47'),
(72, 30, 2, 3, 12, 'credit', 8850.00, NULL, NULL, NULL, NULL, NULL, NULL, NULL, NULL, NULL, NULL, 'Customer receipt receivable credit', '2026-05-29 07:37:47'),
(73, 31, 1, 74, NULL, 'debit', 1000.00, NULL, NULL, NULL, NULL, NULL, NULL, NULL, NULL, NULL, NULL, 'Customer receipt cash/bank debit', '2026-05-29 08:32:05'),
(74, 31, 2, 3, 24, 'credit', 1000.00, NULL, NULL, NULL, NULL, NULL, NULL, NULL, NULL, NULL, NULL, 'Customer receipt receivable credit', '2026-05-29 08:32:05'),
(75, 32, 1, 3, 27, 'debit', 8850.00, 'SI/26-27/0010', '2026-05-29', 'new_ref', NULL, NULL, NULL, NULL, NULL, NULL, NULL, 'Customer receivable', '2026-05-29 08:48:11'),
(76, 32, 2, 5, NULL, 'credit', 7500.00, NULL, NULL, NULL, NULL, NULL, NULL, NULL, NULL, NULL, NULL, 'Sales income', '2026-05-29 08:48:11'),
(77, 32, 3, 15, NULL, 'credit', 1350.00, NULL, NULL, NULL, NULL, NULL, NULL, NULL, NULL, NULL, NULL, 'Output tax payable', '2026-05-29 08:48:11'),
(78, 33, 1, 3, 27, 'debit', 8850.00, 'SI/26-27/0011', '2026-05-29', 'new_ref', NULL, NULL, NULL, NULL, NULL, NULL, NULL, 'Customer receivable', '2026-05-29 08:49:22'),
(79, 33, 2, 5, NULL, 'credit', 7500.00, NULL, NULL, NULL, NULL, NULL, NULL, NULL, NULL, NULL, NULL, 'Sales income', '2026-05-29 08:49:22'),
(80, 33, 3, 15, NULL, 'credit', 1350.00, NULL, NULL, NULL, NULL, NULL, NULL, NULL, NULL, NULL, NULL, 'Output tax payable', '2026-05-29 08:49:22'),
(81, 34, 1, 73, NULL, 'debit', 2655.00, NULL, NULL, NULL, NULL, NULL, NULL, NULL, NULL, NULL, NULL, 'Customer receipt cash/bank debit', '2026-05-29 09:47:19'),
(82, 34, 2, 3, 40, 'credit', 2655.00, NULL, NULL, NULL, NULL, NULL, NULL, NULL, NULL, NULL, NULL, 'Customer receipt receivable credit', '2026-05-29 09:47:19'),
(83, 35, 1, 74, NULL, 'debit', 17700.00, NULL, NULL, NULL, NULL, NULL, NULL, NULL, NULL, NULL, NULL, 'Customer receipt cash/bank debit', '2026-05-29 09:51:31'),
(84, 35, 2, 3, 27, 'credit', 17700.00, NULL, NULL, NULL, NULL, NULL, NULL, NULL, NULL, NULL, NULL, 'Customer receipt receivable credit', '2026-05-29 09:51:31'),
(85, 36, 4, 8, NULL, 'debit', 16960.09, NULL, NULL, NULL, NULL, NULL, NULL, NULL, NULL, NULL, NULL, 'Purchase expense', '2026-05-29 10:12:15'),
(86, 36, 5, 14, NULL, 'debit', 858.91, NULL, NULL, NULL, NULL, NULL, NULL, NULL, NULL, NULL, NULL, 'Input tax credit', '2026-05-29 10:12:15'),
(87, 36, 6, 4, 42, 'credit', 17819.00, 'PI/26-27/0002', '2026-05-29', 'new_ref', NULL, NULL, NULL, NULL, NULL, NULL, NULL, 'Supplier payable', '2026-05-29 10:12:15'),
(88, 37, 2, 18, NULL, 'debit', 600.00, NULL, NULL, NULL, NULL, NULL, NULL, NULL, NULL, NULL, NULL, 'Direct stock capitalization', '2026-05-29 10:33:55'),
(89, 37, 5, 14, NULL, 'debit', 108.00, NULL, NULL, NULL, NULL, NULL, NULL, NULL, NULL, NULL, NULL, 'Input tax credit', '2026-05-29 10:33:55'),
(90, 37, 6, 4, 44, 'credit', 708.00, 'PI/26-27/0001', '2026-05-29', 'new_ref', NULL, NULL, NULL, NULL, NULL, NULL, NULL, 'Supplier payable', '2026-05-29 10:33:55'),
(91, 38, 1, 4, 42, 'debit', 17819.00, NULL, NULL, NULL, NULL, NULL, NULL, NULL, NULL, NULL, NULL, 'Supplier payable debit', '2026-05-29 10:35:48'),
(92, 38, 2, 74, NULL, 'credit', 17819.00, NULL, NULL, NULL, NULL, NULL, NULL, NULL, NULL, NULL, NULL, 'Cash/bank credit', '2026-05-29 10:35:48'),
(93, 39, 1, 18, NULL, 'debit', 16876.19, NULL, NULL, NULL, NULL, NULL, NULL, NULL, NULL, NULL, NULL, 'Opening stock asset', '2026-05-29 11:01:51'),
(94, 39, 2, 35, NULL, 'credit', 16876.19, NULL, NULL, NULL, NULL, NULL, NULL, NULL, NULL, NULL, NULL, 'Opening stock offset', '2026-05-29 11:01:51'),
(95, 40, 1, 3, 16, 'debit', 8850.00, 'SI/26-27/0012', '2026-05-29', 'new_ref', NULL, NULL, NULL, NULL, NULL, NULL, NULL, 'Customer receivable', '2026-05-29 11:09:45'),
(96, 40, 2, 5, NULL, 'credit', 7500.00, NULL, NULL, NULL, NULL, NULL, NULL, NULL, NULL, NULL, NULL, 'Sales income', '2026-05-29 11:09:45'),
(97, 40, 3, 15, NULL, 'credit', 1350.00, NULL, NULL, NULL, NULL, NULL, NULL, NULL, NULL, NULL, NULL, 'Output tax payable', '2026-05-29 11:09:45'),
(98, 41, 1, 5, NULL, 'debit', 900.00, NULL, NULL, NULL, NULL, NULL, NULL, NULL, NULL, NULL, NULL, 'Sales return reversal', '2026-05-29 12:24:35'),
(99, 41, 2, 15, NULL, 'debit', 162.00, NULL, NULL, NULL, NULL, NULL, NULL, NULL, NULL, NULL, NULL, 'Output tax reversal', '2026-05-29 12:24:35'),
(100, 41, 3, 18, NULL, 'debit', 51.81, NULL, NULL, NULL, NULL, NULL, NULL, NULL, NULL, NULL, NULL, 'Inventory inward on sales return', '2026-05-29 12:24:35'),
(101, 41, 4, 19, NULL, 'credit', 51.81, NULL, NULL, NULL, NULL, NULL, NULL, NULL, NULL, NULL, NULL, 'COGS reversal on sales return', '2026-05-29 12:24:35'),
(102, 41, 5, 3, 24, 'credit', 1062.00, 'SRT/26-27/0002', '2026-05-29', 'against_ref', NULL, NULL, NULL, NULL, NULL, NULL, NULL, 'Customer credit from sales return', '2026-05-29 12:24:35'),
(103, 42, 2, 18, NULL, 'debit', 4500.00, NULL, NULL, NULL, NULL, NULL, NULL, NULL, NULL, NULL, NULL, 'Direct stock capitalization', '2026-05-29 12:45:03'),
(104, 42, 4, 8, NULL, 'debit', 50.00, NULL, NULL, NULL, NULL, NULL, NULL, NULL, NULL, NULL, NULL, 'Purchase expense', '2026-05-29 12:45:03'),
(105, 42, 5, 14, NULL, 'debit', 819.00, NULL, NULL, NULL, NULL, NULL, NULL, NULL, NULL, NULL, NULL, 'Input tax credit', '2026-05-29 12:45:03'),
(106, 42, 6, 4, 45, 'credit', 5369.00, 'PI/26-27/0003', '2026-05-29', 'new_ref', NULL, NULL, NULL, NULL, NULL, NULL, NULL, 'Supplier payable', '2026-05-29 12:45:03'),
(107, 43, 1, 18, NULL, 'debit', 660000.00, NULL, NULL, NULL, NULL, NULL, NULL, NULL, NULL, NULL, NULL, 'Opening stock asset', '2026-05-30 06:28:24'),
(108, 43, 2, 35, NULL, 'credit', 660000.00, NULL, NULL, NULL, NULL, NULL, NULL, NULL, NULL, NULL, NULL, 'Opening stock offset', '2026-05-30 06:28:24'),
(109, 44, 1, 19, NULL, 'debit', 15000.00, NULL, NULL, NULL, NULL, NULL, NULL, NULL, NULL, NULL, NULL, 'Cost of goods sold', '2026-05-30 06:28:46'),
(110, 44, 2, 18, NULL, 'credit', 15000.00, NULL, NULL, NULL, NULL, NULL, NULL, NULL, NULL, NULL, NULL, 'Inventory reduction on delivery', '2026-05-30 06:28:46'),
(111, 45, 1, 3, 18, 'debit', 17700.00, 'SI/26-27/0013', '2026-05-30', 'new_ref', NULL, NULL, NULL, NULL, NULL, NULL, NULL, 'Customer receivable', '2026-05-30 06:29:13'),
(112, 45, 2, 5, NULL, 'credit', 15000.00, NULL, NULL, NULL, NULL, NULL, NULL, NULL, NULL, NULL, NULL, 'Sales income', '2026-05-30 06:29:13'),
(113, 45, 3, 15, NULL, 'credit', 2700.00, NULL, NULL, NULL, NULL, NULL, NULL, NULL, NULL, NULL, NULL, 'Output tax payable', '2026-05-30 06:29:13'),
(114, 46, 1, 19, NULL, 'debit', 7500.00, NULL, NULL, NULL, NULL, NULL, NULL, NULL, NULL, NULL, NULL, 'Cost of goods sold', '2026-05-30 06:36:35'),
(115, 46, 2, 18, NULL, 'credit', 7500.00, NULL, NULL, NULL, NULL, NULL, NULL, NULL, NULL, NULL, NULL, 'Inventory reduction on delivery', '2026-05-30 06:36:35'),
(116, 47, 1, 3, 12, 'debit', 8850.00, 'SI/26-27/0014', '2026-05-30', 'new_ref', NULL, NULL, NULL, NULL, NULL, NULL, NULL, 'Customer receivable', '2026-05-30 06:36:54'),
(117, 47, 2, 5, NULL, 'credit', 7500.00, NULL, NULL, NULL, NULL, NULL, NULL, NULL, NULL, NULL, NULL, 'Sales income', '2026-05-30 06:36:54'),
(118, 47, 3, 15, NULL, 'credit', 1350.00, NULL, NULL, NULL, NULL, NULL, NULL, NULL, NULL, NULL, NULL, 'Output tax payable', '2026-05-30 06:36:54'),
(119, 48, 1, 74, NULL, 'debit', 8850.00, NULL, NULL, NULL, NULL, NULL, NULL, NULL, NULL, NULL, NULL, 'Customer receipt cash/bank debit', '2026-05-30 06:37:31'),
(120, 48, 2, 3, 12, 'credit', 8850.00, NULL, NULL, NULL, NULL, NULL, NULL, NULL, NULL, NULL, NULL, 'Customer receipt receivable credit', '2026-05-30 06:37:31'),
(121, 49, 1, 3, 37, 'debit', 8850.00, 'SI/26-27/0015', '2026-05-30', 'new_ref', NULL, NULL, NULL, NULL, NULL, NULL, NULL, 'Customer receivable', '2026-05-30 06:45:00'),
(122, 49, 2, 5, NULL, 'credit', 7500.00, NULL, NULL, NULL, NULL, NULL, NULL, NULL, NULL, NULL, NULL, 'Sales income', '2026-05-30 06:45:00'),
(123, 49, 3, 15, NULL, 'credit', 1350.00, NULL, NULL, NULL, NULL, NULL, NULL, NULL, NULL, NULL, NULL, 'Output tax payable', '2026-05-30 06:45:00'),
(124, 50, 1, 19, NULL, 'debit', 7500.00, NULL, NULL, NULL, NULL, NULL, NULL, NULL, NULL, NULL, NULL, 'Cost of goods sold', '2026-05-30 06:47:38'),
(125, 50, 2, 18, NULL, 'credit', 7500.00, NULL, NULL, NULL, NULL, NULL, NULL, NULL, NULL, NULL, NULL, 'Inventory reduction on delivery', '2026-05-30 06:47:38'),
(126, 51, 1, 3, 40, 'debit', 8850.00, 'SI/26-27/0016', '2026-05-30', 'new_ref', NULL, NULL, NULL, NULL, NULL, NULL, NULL, 'Customer receivable', '2026-05-30 06:47:48'),
(127, 51, 2, 5, NULL, 'credit', 7500.00, NULL, NULL, NULL, NULL, NULL, NULL, NULL, NULL, NULL, NULL, 'Sales income', '2026-05-30 06:47:48'),
(128, 51, 3, 15, NULL, 'credit', 1350.00, NULL, NULL, NULL, NULL, NULL, NULL, NULL, NULL, NULL, NULL, 'Output tax payable', '2026-05-30 06:47:48'),
(129, 52, 1, 18, NULL, 'debit', 39600.00, NULL, NULL, NULL, NULL, NULL, NULL, NULL, NULL, NULL, NULL, 'Opening stock asset', '2026-05-30 09:00:40'),
(130, 52, 2, 35, NULL, 'credit', 39600.00, NULL, NULL, NULL, NULL, NULL, NULL, NULL, NULL, NULL, NULL, 'Opening stock offset', '2026-05-30 09:00:40'),
(131, 53, 1, 18, NULL, 'debit', 41016.80, NULL, NULL, NULL, NULL, NULL, NULL, NULL, NULL, NULL, NULL, 'Opening stock asset', '2026-05-30 09:06:21'),
(132, 53, 2, 35, NULL, 'credit', 41016.80, NULL, NULL, NULL, NULL, NULL, NULL, NULL, NULL, NULL, NULL, 'Opening stock offset', '2026-05-30 09:06:21'),
(133, 54, 1, 18, NULL, 'debit', 396000.00, NULL, NULL, NULL, NULL, NULL, NULL, NULL, NULL, NULL, NULL, 'Opening stock asset', '2026-05-30 09:06:32'),
(134, 54, 2, 35, NULL, 'credit', 396000.00, NULL, NULL, NULL, NULL, NULL, NULL, NULL, NULL, NULL, NULL, 'Opening stock offset', '2026-05-30 09:06:32'),
(135, 55, 1, 19, NULL, 'debit', 45000.00, NULL, NULL, NULL, NULL, NULL, NULL, NULL, NULL, NULL, NULL, 'Cost of goods sold', '2026-05-30 09:15:45'),
(136, 55, 2, 18, NULL, 'credit', 45000.00, NULL, NULL, NULL, NULL, NULL, NULL, NULL, NULL, NULL, NULL, 'Inventory reduction on delivery', '2026-05-30 09:15:45'),
(137, 56, 1, 3, 24, 'debit', 45000.00, 'SI/26-27/0017', '2026-05-30', 'new_ref', NULL, NULL, NULL, NULL, NULL, NULL, NULL, 'Customer receivable', '2026-05-30 09:16:58'),
(138, 56, 2, 5, NULL, 'credit', 45000.00, NULL, NULL, NULL, NULL, NULL, NULL, NULL, NULL, NULL, NULL, 'Sales income', '2026-05-30 09:16:58'),
(139, 57, 1, 73, NULL, 'debit', 45000.00, NULL, NULL, NULL, NULL, NULL, NULL, NULL, NULL, NULL, NULL, 'Customer receipt cash/bank debit', '2026-05-30 09:17:16'),
(140, 57, 2, 3, 24, 'credit', 45000.00, NULL, NULL, NULL, NULL, NULL, NULL, NULL, NULL, NULL, NULL, 'Customer receipt receivable credit', '2026-05-30 09:17:16'),
(141, 58, 1, 5, NULL, 'debit', 45000.00, NULL, NULL, NULL, NULL, NULL, NULL, NULL, NULL, NULL, NULL, 'Sales return reversal', '2026-05-30 09:17:52'),
(142, 58, 2, 18, NULL, 'debit', 39600.00, NULL, NULL, NULL, NULL, NULL, NULL, NULL, NULL, NULL, NULL, 'Inventory inward on sales return', '2026-05-30 09:17:52'),
(143, 58, 3, 19, NULL, 'credit', 39600.00, NULL, NULL, NULL, NULL, NULL, NULL, NULL, NULL, NULL, NULL, 'COGS reversal on sales return', '2026-05-30 09:17:52'),
(144, 58, 4, 3, 24, 'credit', 45000.00, 'SRT/26-27/0003', '2026-05-30', 'against_ref', NULL, NULL, NULL, NULL, NULL, NULL, NULL, 'Customer credit from sales return', '2026-05-30 09:17:52'),
(145, 59, 1, 19, NULL, 'debit', 45000.00, NULL, NULL, NULL, NULL, NULL, NULL, NULL, NULL, NULL, NULL, 'Cost of goods sold', '2026-05-30 09:30:27'),
(146, 59, 2, 18, NULL, 'credit', 45000.00, NULL, NULL, NULL, NULL, NULL, NULL, NULL, NULL, NULL, NULL, 'Inventory reduction on delivery', '2026-05-30 09:30:27'),
(147, 60, 1, 3, 28, 'debit', 45000.00, 'SI/26-27/0018', '2026-05-30', 'new_ref', NULL, NULL, NULL, NULL, NULL, NULL, NULL, 'Customer receivable', '2026-05-30 09:31:48'),
(148, 60, 2, 5, NULL, 'credit', 45000.00, NULL, NULL, NULL, NULL, NULL, NULL, NULL, NULL, NULL, NULL, 'Sales income', '2026-05-30 09:31:48'),
(149, 61, 1, 19, NULL, 'debit', 90000.00, NULL, NULL, NULL, NULL, NULL, NULL, NULL, NULL, NULL, NULL, 'Cost of goods sold', '2026-05-30 09:32:59'),
(150, 61, 2, 18, NULL, 'credit', 90000.00, NULL, NULL, NULL, NULL, NULL, NULL, NULL, NULL, NULL, NULL, 'Inventory reduction on delivery', '2026-05-30 09:32:59'),
(151, 62, 1, 3, 36, 'debit', 90000.00, 'SI/26-27/0019', '2026-05-30', 'new_ref', NULL, NULL, NULL, NULL, NULL, NULL, NULL, 'Customer receivable', '2026-05-30 09:33:34'),
(152, 62, 2, 5, NULL, 'credit', 90000.00, NULL, NULL, NULL, NULL, NULL, NULL, NULL, NULL, NULL, NULL, 'Sales income', '2026-05-30 09:33:34'),
(153, 63, 1, 74, NULL, 'debit', 90000.00, NULL, NULL, NULL, NULL, NULL, NULL, NULL, NULL, NULL, NULL, 'Customer receipt cash/bank debit', '2026-05-30 09:36:12'),
(154, 63, 2, 3, 36, 'credit', 90000.00, NULL, NULL, NULL, NULL, NULL, NULL, NULL, NULL, NULL, NULL, 'Customer receipt receivable credit', '2026-05-30 09:36:12'),
(155, 64, 1, 5, NULL, 'debit', 90000.00, NULL, NULL, NULL, NULL, NULL, NULL, NULL, NULL, NULL, NULL, 'Sales return reversal', '2026-05-30 09:36:27'),
(156, 64, 2, 18, NULL, 'debit', 79200.00, NULL, NULL, NULL, NULL, NULL, NULL, NULL, NULL, NULL, NULL, 'Inventory inward on sales return', '2026-05-30 09:36:27'),
(157, 64, 3, 19, NULL, 'credit', 79200.00, NULL, NULL, NULL, NULL, NULL, NULL, NULL, NULL, NULL, NULL, 'COGS reversal on sales return', '2026-05-30 09:36:27'),
(158, 64, 4, 3, 36, 'credit', 90000.00, 'SRT/26-27/0004', '2026-05-30', 'against_ref', NULL, NULL, NULL, NULL, NULL, NULL, NULL, 'Customer credit from sales return', '2026-05-30 09:36:27'),
(159, 65, 1, 20, NULL, 'debit', 72000.00, NULL, NULL, NULL, NULL, NULL, NULL, NULL, NULL, NULL, NULL, 'Stock received not billed clearance', '2026-05-30 10:02:13'),
(160, 65, 5, 14, NULL, 'debit', 12960.00, NULL, NULL, NULL, NULL, NULL, NULL, NULL, NULL, NULL, NULL, 'Input tax credit', '2026-05-30 10:02:13'),
(161, 65, 6, 4, 45, 'credit', 84960.00, 'PI/26-27/0004', '2026-05-30', 'new_ref', NULL, NULL, NULL, NULL, NULL, NULL, NULL, 'Supplier payable', '2026-05-30 10:02:13'),
(162, 66, 1, 4, 45, 'debit', 84960.00, NULL, NULL, NULL, NULL, NULL, NULL, NULL, NULL, NULL, NULL, 'Supplier payable debit', '2026-05-30 10:25:11'),
(163, 66, 2, 73, NULL, 'credit', 84960.00, NULL, NULL, NULL, NULL, NULL, NULL, NULL, NULL, NULL, NULL, 'Cash/bank credit', '2026-05-30 10:25:11'),
(164, 67, 1, 4, 45, 'debit', 72000.00, 'PRT/26-27/0001', '2026-05-30', 'against_ref', NULL, NULL, NULL, NULL, NULL, NULL, NULL, 'Supplier debit from purchase return', '2026-05-30 10:26:23'),
(165, 67, 2, 18, NULL, 'credit', 72000.00, NULL, NULL, NULL, NULL, NULL, NULL, NULL, NULL, NULL, NULL, 'Inventory reduction on purchase return', '2026-05-30 10:26:23'),
(166, 68, 1, 19, NULL, 'debit', 4500.00, NULL, NULL, NULL, NULL, NULL, NULL, NULL, NULL, NULL, NULL, 'Cost of goods sold', '2026-05-30 11:19:13'),
(167, 68, 2, 18, NULL, 'credit', 4500.00, NULL, NULL, NULL, NULL, NULL, NULL, NULL, NULL, NULL, NULL, 'Inventory reduction on delivery', '2026-05-30 11:19:13'),
(168, 69, 1, 3, 37, 'debit', 5310.00, 'SI/26-27/0020', '2026-05-30', 'new_ref', NULL, NULL, NULL, NULL, NULL, NULL, NULL, 'Customer receivable', '2026-05-30 11:19:42'),
(169, 69, 2, 5, NULL, 'credit', 4500.00, NULL, NULL, NULL, NULL, NULL, NULL, NULL, NULL, NULL, NULL, 'Sales income', '2026-05-30 11:19:42'),
(170, 69, 3, 15, NULL, 'credit', 810.00, NULL, NULL, NULL, NULL, NULL, NULL, NULL, NULL, NULL, NULL, 'Output tax payable', '2026-05-30 11:19:42'),
(171, 70, 1, 74, NULL, 'debit', 5310.00, NULL, NULL, NULL, NULL, NULL, NULL, NULL, NULL, NULL, NULL, 'Customer receipt cash/bank debit', '2026-05-30 11:20:30'),
(172, 70, 2, 3, 37, 'credit', 5310.00, NULL, NULL, NULL, NULL, NULL, NULL, NULL, NULL, NULL, NULL, 'Customer receipt receivable credit', '2026-05-30 11:20:30'),
(173, 71, 1, 18, NULL, 'debit', 1350.00, NULL, NULL, NULL, NULL, NULL, NULL, NULL, NULL, NULL, NULL, 'Stock received on purchase receipt', '2026-05-30 12:33:44'),
(174, 71, 2, 20, NULL, 'credit', 1350.00, NULL, NULL, NULL, NULL, NULL, NULL, NULL, NULL, NULL, NULL, 'Stock received not billed', '2026-05-30 12:33:44'),
(175, 72, 1, 20, NULL, 'debit', 1350.00, NULL, NULL, NULL, NULL, NULL, NULL, NULL, NULL, NULL, NULL, 'Stock received not billed clearance', '2026-05-30 12:34:56'),
(176, 72, 5, 14, NULL, 'debit', 243.00, NULL, NULL, NULL, NULL, NULL, NULL, NULL, NULL, NULL, NULL, 'Input tax credit', '2026-05-30 12:34:56'),
(177, 72, 6, 4, 45, 'credit', 1593.00, 'PI/26-27/0005', '2026-05-02', 'new_ref', NULL, NULL, NULL, NULL, NULL, NULL, NULL, 'Supplier payable', '2026-05-30 12:34:56'),
(178, 73, 1, 12, NULL, 'debit', 100.00, NULL, NULL, NULL, NULL, NULL, NULL, NULL, NULL, NULL, NULL, 'food', '2026-06-01 09:46:51'),
(179, 73, 2, 43, NULL, 'credit', 100.00, 'EXP-20260601094604', '2026-06-01', 'new_ref', NULL, NULL, NULL, NULL, NULL, NULL, NULL, 'Employee reimbursement payable', '2026-06-01 09:46:51'),
(180, 74, 1, 19, NULL, 'debit', 7500.00, NULL, NULL, NULL, NULL, NULL, NULL, NULL, NULL, NULL, NULL, 'Cost of goods sold', '2026-06-01 10:01:25'),
(181, 74, 2, 18, NULL, 'credit', 7500.00, NULL, NULL, NULL, NULL, NULL, NULL, NULL, NULL, NULL, NULL, 'Inventory reduction on delivery', '2026-06-01 10:01:25'),
(182, 75, 1, 3, 16, 'debit', 8850.00, 'SI/26-27/0021', '2026-06-01', 'new_ref', NULL, NULL, NULL, NULL, NULL, NULL, NULL, 'Customer receivable', '2026-06-01 10:02:38'),
(183, 75, 2, 5, NULL, 'credit', 7500.00, NULL, NULL, NULL, NULL, NULL, NULL, NULL, NULL, NULL, NULL, 'Sales income', '2026-06-01 10:02:38'),
(184, 75, 3, 15, NULL, 'credit', 1350.00, NULL, NULL, NULL, NULL, NULL, NULL, NULL, NULL, NULL, NULL, 'Output tax payable', '2026-06-01 10:02:38'),
(185, 76, 1, 74, NULL, 'debit', 8850.00, NULL, NULL, NULL, NULL, NULL, NULL, NULL, NULL, NULL, NULL, 'Customer receipt cash/bank debit', '2026-06-01 10:03:18'),
(186, 76, 2, 3, 16, 'credit', 8850.00, NULL, NULL, NULL, NULL, NULL, NULL, NULL, NULL, NULL, NULL, 'Customer receipt receivable credit', '2026-06-01 10:03:18'),
(187, 77, 1, 4, 44, 'debit', 708.00, NULL, NULL, NULL, NULL, NULL, NULL, NULL, NULL, NULL, NULL, 'Supplier payable debit', '2026-06-01 11:57:45'),
(188, 77, 2, 74, NULL, 'credit', 708.00, NULL, NULL, NULL, NULL, NULL, NULL, NULL, NULL, NULL, NULL, 'Cash/bank credit', '2026-06-01 11:57:45'),
(189, 78, 1, 18, NULL, 'debit', 10759.00, NULL, NULL, NULL, NULL, NULL, NULL, NULL, NULL, NULL, NULL, 'Stock received on purchase receipt', '2026-06-01 12:21:05'),
(190, 78, 2, 20, NULL, 'credit', 10759.00, NULL, NULL, NULL, NULL, NULL, NULL, NULL, NULL, NULL, NULL, 'Stock received not billed', '2026-06-01 12:21:05');;

INSERT INTO `voucher_types` (`id`, `code`, `name`, `voucher_category`, `document_type`, `auto_post`, `requires_approval`, `allows_reference_allocation`, `is_system_type`, `is_active`, `created_by`, `updated_by`, `created_at`, `updated_at`) VALUES
(1, 'PAYMENT', 'Payment Voucher', 'payment', 'PAYMENT_VOUCHER', 1, 0, 1, 1, 1, NULL, NULL, '2026-05-05 11:01:42', '2026-05-05 11:01:42'),
(2, 'RECEIPT', 'Receipt Voucher', 'receipt', 'RECEIPT_VOUCHER', 1, 0, 1, 1, 1, NULL, 2, '2026-05-05 11:01:42', '2026-05-19 17:55:05'),
(3, 'JOURNAL', 'Journal Voucher', 'journal', 'JOURNAL_VOUCHER', 1, 0, 1, 1, 1, NULL, NULL, '2026-05-05 11:01:42', '2026-05-05 11:01:42'),
(4, 'CONTRA', 'Contra Voucher', 'contra', 'CONTRA_VOUCHER', 1, 0, 1, 1, 1, NULL, NULL, '2026-05-05 11:01:42', '2026-05-05 11:01:42'),
(5, 'SALES', 'Sales Voucher', 'sales', 'SALES_INVOICE', 1, 0, 1, 1, 1, NULL, NULL, '2026-05-05 11:01:42', '2026-05-05 11:01:42'),
(6, 'PURCHASE', 'Purchase Voucher', 'purchase', 'PURCHASE_INVOICE', 1, 0, 1, 1, 1, NULL, NULL, '2026-05-05 11:01:42', '2026-05-05 11:01:42'),
(7, 'CREDIT_NOTE', 'Credit Note', 'credit_note', 'CREDIT_NOTE', 1, 0, 1, 1, 1, NULL, NULL, '2026-05-05 11:01:42', '2026-05-05 11:01:42'),
(8, 'DEBIT_NOTE', 'Debit Note', 'debit_note', 'DEBIT_NOTE', 1, 0, 1, 1, 1, NULL, NULL, '2026-05-05 11:01:42', '2026-05-05 11:01:42'),
(9, 'OPENING', 'Opening Voucher', 'opening', 'OPENING_BALANCE', 1, 0, 1, 1, 1, NULL, NULL, '2026-05-05 11:01:42', '2026-05-05 11:01:42'),
(10, 'ADJUSTMENT', 'Adjustment Voucher', 'adjustment', 'ADJUSTMENT', 1, 0, 1, 1, 1, NULL, NULL, '2026-05-05 11:01:42', '2026-05-05 11:01:42');;

INSERT INTO `warehouses` (`id`, `company_id`, `branch_id`, `location_id`, `code`, `name`, `warehouse_type`, `parent_warehouse_id`, `allow_negative_stock`, `is_sellable_stock`, `is_reserved_only`, `is_default`, `is_active`, `remarks`, `created_by`, `updated_by`, `created_at`, `updated_at`) VALUES
(1, 1, 1, 1, 'MAIN-STK', 'Main Stock', 'main', NULL, 0, 1, 0, 1, 1, NULL, 2, 2, '2026-05-06 08:33:37', '2026-05-06 08:33:37'),
(2, 1, 1, 1, 'RM-STK', 'Raw Material Store', 'raw_material', NULL, 0, 1, 0, 0, 1, NULL, 2, 2, '2026-05-06 08:33:37', '2026-05-06 08:33:37'),
(3, 1, 1, 1, 'FG-STK', 'Finished Goods Store', 'finished_goods', NULL, 0, 1, 0, 0, 1, NULL, 2, 2, '2026-05-06 08:33:37', '2026-05-06 08:33:37'),
(4, 1, 1, 1, 'WIP-STK', 'WIP Store', 'wip', NULL, 0, 0, 0, 0, 1, NULL, 2, 2, '2026-05-06 08:33:37', '2026-05-06 08:33:37'),
(5, 1, 1, 1, 'DMG-STK', 'Damage Store', 'damage', NULL, 0, 0, 0, 0, 1, NULL, 2, 2, '2026-05-06 08:33:37', '2026-05-06 08:33:37'),
(6, 1, 1, 1, 'RTN-STK', 'Returns Store', 'returns', NULL, 0, 0, 0, 0, 1, NULL, 2, 2, '2026-05-06 08:33:37', '2026-05-06 08:33:37'),
(7, 1, 1, 1, 'TRN-STK', 'Transit Store', 'transit', NULL, 0, 0, 0, 0, 1, NULL, 2, 2, '2026-05-06 08:33:37', '2026-05-06 08:33:37'),
(8, 1, 1, 1, 'JOB-STK', 'Jobwork Store', 'jobwork', NULL, 0, 0, 0, 0, 1, NULL, 2, 2, '2026-05-06 08:33:37', '2026-05-06 08:33:37');;

COMMIT;
SET FOREIGN_KEY_CHECKS = 1;
